"ID","Description","GeneRatio","BgRatio","RichFactor","FoldEnrichment","zScore","pvalue","p.adjust","qvalue","geneID","Count","Ontology"
"GO:0044248","cellular catabolic process","21/376","323/28832",0.065015479876161,4.98544232922732,8.27987247117871,2.09384231787583e-09,7.217474469718e-06,6.09859125638151e-06,"Lipe/Sardh/Hyal1/Acaa1b/Acot2/Hgd/Hao1/Chac1/Mme/Tdo2/Aldh1l1/Fah/Otc/Faah/Xylb/Aldh8a1/Irs2/Gls2/Abat/Mlycd/Cpt1b",21,"BP"
"GO:0016054","organic acid catabolic process","17/376","243/28832",0.0699588477366255,5.36450398388933,7.85371971712811,2.49857194523984e-08,2.87085916508057e-05,2.42580651665917e-05,"Lipe/Sardh/Acaa1b/Hgd/Hao1/Tdo2/Aldh1l1/Fah/Otc/Faah/Xylb/Aldh8a1/Irs2/Gls2/Abat/Mlycd/Cpt1b",17,"BP"
"GO:0046395","carboxylic acid catabolic process","17/376","243/28832",0.0699588477366255,5.36450398388933,7.85371971712811,2.49857194523984e-08,2.87085916508057e-05,2.42580651665917e-05,"Lipe/Sardh/Acaa1b/Hgd/Hao1/Tdo2/Aldh1l1/Fah/Otc/Faah/Xylb/Aldh8a1/Irs2/Gls2/Abat/Mlycd/Cpt1b",17,"BP"
"GO:0006953","acute-phase response","8/376","51/28832",0.156862745098039,12.0283687943262,9.06108654387655,3.03198467111094e-07,0.00022355266142648,0.000188896588694081,"Itih4/Tnfrsf11a/Hp/Plscr1/Serpinf2/Saa3/Ass1/Ccr5",8,"BP"
"GO:0007596","blood coagulation","14/376","197/28832",0.0710659898477157,5.44940058321633,7.20315692406243,3.55644438787097e-07,0.00022355266142648,0.000188896588694081,"Apoh/Tubb1/Tmprss6/Slc6a4/Proc/Serpinc1/Gp9/Tspan9/F7/Serpinf2/Gp1ba/Kng2/Mpig6b/Gp6",14,"BP"
"GO:0050817","coagulation","14/376","200/28832",0.07,5.36765957446809,7.12483458076201,4.27343175174758e-07,0.00022355266142648,0.000188896588694081,"Apoh/Tubb1/Tmprss6/Slc6a4/Proc/Serpinc1/Gp9/Tspan9/F7/Serpinf2/Gp1ba/Kng2/Mpig6b/Gp6",14,"BP"
"GO:0007599","hemostasis","14/376","201/28832",0.0696517412935323,5.34095480046576,7.09907694646135,4.53979875249597e-07,0.00022355266142648,0.000188896588694081,"Apoh/Tubb1/Tmprss6/Slc6a4/Proc/Serpinc1/Gp9/Tspan9/F7/Serpinf2/Gp1ba/Kng2/Mpig6b/Gp6",14,"BP"
"GO:0046942","carboxylic acid transport","19/376","378/28832",0.0502645502645503,3.85432849262636,6.4211828713577,6.83309472988695e-07,0.000294420969174004,0.000248778593652595,"Slc25a1/Slc1a2/Ace2/Cacnb4/Slc13a3/Slc25a22/Abcc3/Dpysl2/Slc22a3/Nmb/Tnfrsf11a/Slc6a17/Slc2a1/Pak1/Slc27a1/Aqp9/Irs2/Abat/Cpt1b",19,"BP"
"GO:0015849","organic acid transport","19/376","381/28832",0.0498687664041995,3.82397944937734,6.37840514488279,7.69208704168189e-07,0.000294606933696416,0.000248935729173495,"Slc25a1/Slc1a2/Ace2/Cacnb4/Slc13a3/Slc25a22/Abcc3/Dpysl2/Slc22a3/Nmb/Tnfrsf11a/Slc6a17/Slc2a1/Pak1/Slc27a1/Aqp9/Irs2/Abat/Cpt1b",19,"BP"
"GO:0042060","wound healing","19/376","403/28832",0.0471464019851117,3.6152262288158,6.07740031462377,1.76733928764816e-06,0.00060920185245232,0.000514760821991837,"Apoh/Aqp1/Tubb1/Tmprss6/Slc6a4/Tnfrsf12a/Proc/Alox5/Serpinc1/Gp9/Tspan9/Pak1/F7/Grhl3/Serpinf2/Gp1ba/Kng2/Mpig6b/Gp6",19,"BP"
"GO:0044282","small molecule catabolic process","18/376","369/28832",0.0487804878048781,3.74052932018682,6.09037661076973,2.0529369710817e-06,0.000643315794483511,0.000543586277414647,"Lipe/Sardh/Acaa1b/Hgd/Synj2/Hao1/Tdo2/Aldh1l1/Fah/Otc/Faah/Xylb/Aldh8a1/Irs2/Gls2/Abat/Mlycd/Cpt1b",18,"BP"
"GO:0030193","regulation of blood coagulation","8/376","69/28832",0.115942028985507,8.89053345667592,7.54311397346146,3.24610283781394e-06,0.000932443040162053,0.000787891802827295,"Apoh/Tmprss6/Proc/Serpinc1/F7/Serpinf2/Gp1ba/Kng2",8,"BP"
"GO:1900046","regulation of hemostasis","8/376","71/28832",0.112676056338028,8.64009589451603,7.40905540391755,4.03782218986274e-06,0.00107064408372745,0.000904668340028356,"Apoh/Tmprss6/Proc/Serpinc1/F7/Serpinf2/Gp1ba/Kng2",8,"BP"
"GO:1901605","alpha-amino acid metabolic process","13/376","212/28832",0.0613207547169811,4.70212765957447,6.21901143740572,4.79674094497998e-06,0.00112688611238779,0.000952191493129655,"Gnmt/Sardh/Hgd/Pycr1/Hao1/Tdo2/Azin2/Fah/Otc/Aldh8a1/Baat/Gls2/Ass1",13,"BP"
"GO:0002526","acute inflammatory response","10/376","123/28832",0.0813008130081301,6.2342155336447,6.68701002799081,5.12888347436824e-06,0.00112688611238779,0.000952191493129655,"Pik3cg/Itih4/Dnase1l3/Tnfrsf11a/Hp/Plscr1/Serpinf2/Saa3/Ass1/Ccr5",10,"BP"
"GO:0170041","non-proteinogenic amino acid metabolic process","8/376","74/28832",0.108108108108108,8.28982173663025,7.21755792340841,5.52895501921531e-06,0.00112688611238779,0.000952191493129655,"Gnmt/Sardh/Tdo2/Azin2/Otc/Aldh8a1/Abat/Ass1",8,"BP"
"GO:0015711","organic anion transport","20/376","477/28832",0.0419287211740042,3.21513002364066,5.60764402455271,5.55760484786553e-06,0.00112688611238779,0.000952191493129655,"Slc25a1/Slc1a2/Ace2/Cacnb4/Slc13a3/Slc25a22/Abcc3/Dpysl2/Slc22a3/Nmb/Tnfrsf11a/Slc6a17/Slc2a1/Pak1/Slc27a1/Slc37a2/Aqp9/Irs2/Abat/Cpt1b",20,"BP"
"GO:0050818","regulation of coagulation","8/376","75/28832",0.106666666666667,8.17929078014184,7.15611376470618,6.11945648899771e-06,0.00117187591764306,0.000990206789769396,"Apoh/Tmprss6/Proc/Serpinc1/F7/Serpinf2/Gp1ba/Kng2",8,"BP"
"GO:0050727","regulation of inflammatory response","18/376","407/28832",0.0442260442260442,3.39129071043965,5.5849101951086,7.96523956771038e-06,0.00144506214683672,0.00122104254204181,"Acp5/Ttbk1/Abr/Pik3cg/Tslp/Proc/Csf1r/Dnase1l3/Alox5/Casp1/Tnfrsf11a/Smpdl3b/Ppp1r13l/Ctla2a/Lacc1/Otulin/Cx3cr1/Ccr5",18,"BP"
"GO:0046394","carboxylic acid biosynthetic process","16/376","331/28832",0.0483383685800604,3.70662724175612,5.69310568313889,8.48589745374235e-06,0.00146254442615249,0.00123581464497395,"Fads1/Pycr1/Alox5/Hao1/Tbxas1/Otc/Aldh8a1/Elovl3/Cyp7b1/Baat/Elovl6/Gls2/Abat/Hacd1/Mlycd/Ass1",16,"BP"
"GO:0061041","regulation of wound healing","10/376","132/28832",0.0757575757575758,5.80915538362347,6.36578074141879,9.61918806546152e-06,0.00154419576643148,0.00130480805146074,"Apoh/Tmprss6/Tnfrsf12a/Proc/Alox5/Serpinc1/F7/Serpinf2/Gp1ba/Kng2",10,"BP"
"GO:0016053","organic acid biosynthetic process","16/376","335/28832",0.0477611940298507,3.66236900603366,5.63414384255681,9.85561556759288e-06,0.00154419576643148,0.00130480805146074,"Fads1/Pycr1/Alox5/Hao1/Tbxas1/Otc/Aldh8a1/Elovl3/Cyp7b1/Baat/Elovl6/Gls2/Abat/Hacd1/Mlycd/Ass1",16,"BP"
"GO:0170039","proteinogenic amino acid metabolic process","11/376","164/28832",0.0670731707317073,5.14322781525688,6.11644238509825,1.11156414299189e-05,0.00166589634821437,0.00140764209778424,"Gnmt/Hgd/Pycr1/Hao1/Tdo2/Azin2/Fah/Otc/Baat/Gls2/Ass1",11,"BP"
"GO:0030220","platelet formation","5/376","24/28832",0.208333333333333,15.9751773049645,8.43641410666653,1.27292364507102e-05,0.00182823658523325,0.00154481566925944,"Wdr1/Tubb1/Csf1r/Clec1b/Mpig6b",5,"BP"
"GO:0036344","platelet morphogenesis","5/376","26/28832",0.192307692307692,14.746317512275,8.06061941471787,1.92820513577928e-05,0.00265860924121247,0.00224646046766369,"Wdr1/Tubb1/Csf1r/Clec1b/Mpig6b",5,"BP"
"GO:0032868","response to insulin","16/376","356/28832",0.0449438202247191,3.44633038489123,5.3387239561827,2.08184423092696e-05,0.0027600450246174,0.00233217124978741,"Sh2b2/Sgk1/Csf1r/Rbp4/Tnfrsf11a/Epha7/Slc2a1/Ret/Pak1/Otc/Slc27a1/Ucp3/Ptprf/Tns2/Gcnt1/Irs2",16,"BP"
"GO:1903034","regulation of response to wounding","11/376","177/28832",0.0621468926553672,4.76547661978603,5.77621342498009,2.27115822714445e-05,0.00289951200332108,0.00245001747154335,"Apoh/Tmprss6/Tnfrsf12a/Proc/Alox5/Serpinc1/F7/Ptprf/Serpinf2/Gp1ba/Kng2",11,"BP"
"GO:0031652","positive regulation of heat generation","4/376","14/28832",0.285714285714286,21.9088145896656,8.99494185345886,2.56945894817291e-05,0.00316318749798287,0.00267281688330619,"Tnfrsf11a/Slc27a1/Abat/Ccr5",4,"BP"
"GO:0006520","amino acid metabolic process","14/376","287/28832",0.0487804878048781,3.74052932018682,5.36348693377656,2.79604711127285e-05,0.00332343944570949,0.00280822590086823,"Gnmt/Sardh/Hgd/Pycr1/Hao1/Tdo2/Azin2/Fah/Otc/Aldh8a1/Baat/Gls2/Abat/Ass1",14,"BP"
"GO:0006869","lipid transport","18/376","456/28832",0.0394736842105263,3.02687569988802,5.01499840243002,3.60605718777967e-05,0.00414335970875885,0.00350103868020574,"Apoh/Bltp3b/Abcc3/Abcg1/Rbp4/Nmb/Tnfrsf11a/Slc2a1/Slc27a1/Aqp9/Plscr1/Ucp3/Slc66a2/Irs2/Gramd1b/Apof/Fzd4/Cpt1b",18,"BP"
"GO:0061045","negative regulation of wound healing","7/376","71/28832",0.0985915492957746,7.56008390770153,6.3617035437207,3.93905468478265e-05,0.004379974676918,0.00370097260196727,"Apoh/Tmprss6/Proc/Alox5/Serpinf2/Gp1ba/Kng2",7,"BP"
"GO:0030195","negative regulation of blood coagulation","6/376","49/28832",0.122448979591837,9.38949196699957,6.75620040255382,4.11749219195862e-05,0.00443531112052542,0.00374773055761496,"Apoh/Tmprss6/Proc/Serpinf2/Gp1ba/Kng2",6,"BP"
"GO:0009084","glutamine family amino acid biosynthetic process","4/376","16/28832",0.25,19.1702127659574,8.3567999476223,4.57619750852373e-05,0.00469193572158535,0.00396457213492333,"Pycr1/Otc/Gls2/Ass1",4,"BP"
"GO:1900047","negative regulation of hemostasis","6/376","50/28832",0.12,9.20170212765957,6.6721432127296,4.62796096704096e-05,0.00469193572158535,0.00396457213492333,"Apoh/Tmprss6/Proc/Serpinf2/Gp1ba/Kng2",6,"BP"
"GO:0001666","response to hypoxia","15/376","342/28832",0.043859649122807,3.3631952220978,5.05362808861442,4.95862142539125e-05,0.00488353372952104,0.00412646781475417,"Bbc3/Aqp1/Pgf/Stc2/Slc6a4/Acot2/Rgcc/Casp1/Slc2a1/Pak1/F7/Cryab/Ucp3/Fzd4/Abat",15,"BP"
"GO:0050819","negative regulation of coagulation","6/376","51/28832",0.117647058823529,9.02127659574468,6.59041085602854,5.1878571536097e-05,0.00496737322458129,0.00419731015907545,"Apoh/Tmprss6/Proc/Serpinf2/Gp1ba/Kng2",6,"BP"
"GO:0072329","monocarboxylic acid catabolic process","9/376","131/28832",0.0687022900763359,5.26815007308754,5.62812408936896,5.79391200229464e-05,0.00537259040253886,0.0045397088677645,"Lipe/Acaa1b/Hao1/Fah/Faah/Xylb/Irs2/Mlycd/Cpt1b",9,"BP"
"GO:0031650","regulation of heat generation","4/376","17/28832",0.235294117647059,18.0425531914894,8.07954038921887,5.92278605443796e-05,0.00537259040253886,0.0045397088677645,"Tnfrsf11a/Slc27a1/Abat/Ccr5",4,"BP"
"GO:0000038","very long-chain fatty acid metabolic process","5/376","34/28832",0.147058823529412,11.2765957446809,6.89198648406032,7.48698457020342e-05,0.00658449431816465,0.00556373834710933,"Acaa1b/Acot2/Elovl3/Elovl6/Hacd1",5,"BP"
"GO:0015850","organic hydroxy compound transport","14/376","315/28832",0.0444444444444444,3.4080378250591,4.93973342864663,7.64084052006342e-05,0.00658449431816465,0.00556373834710933,"Aqp1/Slc6a4/Abcc3/Slc22a3/Abcg1/Rbp4/Nmb/Aqp9/Gramd1b/Kcna2/Apof/Cadps/Abat/Flvcr1",14,"BP"
"GO:0010876","lipid localization","18/376","485/28832",0.0371134020618557,2.84588725597719,4.71258653811852,7.93643742868945e-05,0.00667241458943721,0.00563802884857092,"Apoh/Bltp3b/Abcc3/Abcg1/Rbp4/Nmb/Tnfrsf11a/Slc2a1/Slc27a1/Aqp9/Plscr1/Ucp3/Slc66a2/Irs2/Gramd1b/Apof/Fzd4/Cpt1b",18,"BP"
"GO:0009063","amino acid catabolic process","8/376","107/28832",0.0747663551401869,5.73314774309008,5.63830779858432,8.23655267548592e-05,0.00675985644580951,0.00571191510101993,"Sardh/Hgd/Tdo2/Fah/Otc/Aldh8a1/Gls2/Abat",8,"BP"
"GO:0045765","regulation of angiogenesis","14/376","320/28832",0.04375,3.35478723404255,4.86911094342957,9.02756447105062e-05,0.00723674761202593,0.00611487659520124,"Apoh/Ngfr/Aqp1/Pgf/Hyal1/Pik3cg/Rgcc/Tnfrsf12a/Alox5/Pak4/Hspb6/Pik3cd/Cx3cr1/Adam12",14,"BP"
"GO:0170044","non-proteinogenic amino acid catabolic process","4/376","19/28832",0.210526315789474,16.1433370660694,7.58998643008208,9.44865467193905e-05,0.00740216196685771,0.00625464772183142,"Sardh/Otc/Aldh8a1/Abat",4,"BP"
"GO:0170033","L-amino acid metabolic process","10/376","174/28832",0.0574712643678161,4.40694546343849,5.18147868651421,0.000102522569051387,0.00785322878933621,0.00663578827053068,"Gnmt/Hgd/Pycr1/Tdo2/Azin2/Fah/Otc/Aldh8a1/Gls2/Ass1",10,"BP"
"GO:1901342","regulation of vasculature development","14/376","327/28832",0.0428134556574924,3.28297221680005,4.77255376209504,0.000113342824569438,0.00849331991936638,0.00717664978452255,"Apoh/Ngfr/Aqp1/Pgf/Hyal1/Pik3cg/Rgcc/Tnfrsf12a/Alox5/Pak4/Hspb6/Pik3cd/Cx3cr1/Adam12",14,"BP"
"GO:0007584","response to nutrient","10/376","180/28832",0.0555555555555556,4.26004728132388,5.04335488926436,0.00013554781030802,0.00994113408790947,0.0084000177183044,"Bmp7/Stc2/Slc6a4/Serpinc1/Otc/F7/Ucp3/Igfbp2/Mlycd/Ass1",10,"BP"
"GO:0036293","response to decreased oxygen levels","15/376","378/28832",0.0396825396825397,3.04289091523134,4.59574859264556,0.000150473584326395,0.0108058842744392,0.0091307106980512,"Bbc3/Aqp1/Pgf/Stc2/Slc6a4/Acot2/Rgcc/Casp1/Slc2a1/Pak1/F7/Cryab/Ucp3/Fzd4/Abat",15,"BP"
"GO:0006525","arginine metabolic process","4/376","22/28832",0.181818181818182,13.9419729206963,6.98034756436312,0.000172890254064616,0.0121623001175659,0.0102768492587925,"Azin2/Fah/Otc/Ass1",4,"BP"
"GO:0050878","regulation of body fluid levels","15/376","384/28832",0.0390625,2.99534574468085,4.52475169226802,0.000178453800050648,0.0123026049754917,0.0103954034682135,"Apoh/Aqp1/Tubb1/Tmprss6/Slc6a4/Proc/Serpinc1/Gp9/Tspan9/F7/Serpinf2/Gp1ba/Kng2/Mpig6b/Gp6",15,"BP"
"GO:0032102","negative regulation of response to external stimulus","16/376","429/28832",0.0372960372960373,2.85989188116848,4.4613992225122,0.000185441645077454,0.0125336735408232,0.0105906508138145,"Apoh/Acp5/Tmprss6/Abr/Proc/Alox5/Smpdl3b/Serpinf2/Ppp1r13l/Trafd1/Ctla2a/Otulin/Gp1ba/Cx3cr1/Kng2/Nlrc5",16,"BP"
"GO:0006631","fatty acid metabolic process","17/376","477/28832",0.0356394129979036,2.73286052009456,4.38676955175789,0.000201227798183526,0.0131887145678053,0.0111441446289275,"Lipe/Acaa1b/Fads1/Acot2/Alox5/Hao1/Tbxas1/Slc27a1/Ucp3/Faah/Elovl3/Irs2/Baat/Elovl6/Hacd1/Mlycd/Cpt1b",17,"BP"
"GO:0042730","fibrinolysis","4/376","23/28832",0.173913043478261,13.3358001850139,6.80305530771143,0.000207143782689016,0.0131887145678053,0.0111441446289275,"Apoh/Tmprss6/Serpinf2/Gp1ba",4,"BP"
"GO:0007173","epidermal growth factor receptor signaling pathway","9/376","155/28832",0.0580645161290323,4.45243651338366,4.95406318623428,0.000209542794899165,0.0131887145678053,0.0111441446289275,"Csf1r/Rnf115/Epha7/Ereg/Ret/Adgre4/Ptprf/Epgn/Nrg2",9,"BP"
"GO:0006865","amino acid transport","10/376","190/28832",0.0526315789473684,4.03583426651736,4.82603023460797,0.00021043785936446,0.0131887145678053,0.0111441446289275,"Slc1a2/Ace2/Cacnb4/Slc13a3/Slc25a22/Slc6a4/Dpysl2/Slc6a17/Pak1/Abat",10,"BP"
"GO:0006986","response to unfolded protein","8/376","123/28832",0.0650406504065041,4.98737242691576,5.09409657144043,0.000217351034009788,0.0133787323969954,0.0113047050959602,"Stc2/Chac1/Bag3/Pacrg/Creb3l2/Hspb8/Tmtc4/Ficd",8,"BP"
"GO:1901606","alpha-amino acid catabolic process","7/376","94/28832",0.074468085106383,5.71027614305115,5.25797933232561,0.000234732616661964,0.0141951461339262,0.0119945549455892,"Sardh/Hgd/Tdo2/Fah/Otc/Aldh8a1/Gls2",7,"BP"
"GO:0098597","observational learning","3/376","10/28832",0.3,23.0042553191489,7.99984307603338,0.000246663479133112,0.0146594657339972,0.0123868937706229,"Foxp2/Pak1/Nrxn2",3,"BP"
"GO:0046461","neutral lipid catabolic process","5/376","44/28832",0.113636363636364,8.7137330754352,5.88602425242413,0.000262619414642051,0.0150874853711858,0.0127485600055185,"Apoh/Lipe/Pik3cg/Aadac/Faah",5,"BP"
"GO:0046464","acylglycerol catabolic process","5/376","44/28832",0.113636363636364,8.7137330754352,5.88602425242413,0.000262619414642051,0.0150874853711858,0.0127485600055185,"Apoh/Lipe/Pik3cg/Aadac/Faah",5,"BP"
"GO:1903035","negative regulation of response to wounding","7/376","96/28832",0.0729166666666667,5.59131205673759,5.17959877905439,0.000267334290439182,0.0151065786744895,0.0127646933847319,"Apoh/Tmprss6/Proc/Alox5/Serpinf2/Gp1ba/Kng2",7,"BP"
"GO:0009064","glutamine family amino acid metabolic process","6/376","69/28832",0.0869565217391304,6.66790009250694,5.41834295776291,0.000283625524748662,0.0157686642549781,0.0133241396770721,"Pycr1/Azin2/Fah/Otc/Gls2/Ass1",6,"BP"
"GO:0140354","lipid import into cell","4/376","25/28832",0.16,12.2689361702128,6.47948899244534,0.000289890476098476,0.0158611503351023,0.013402288176516,"Rbp4/Slc2a1/Slc27a1/Irs2",4,"BP"
"GO:0008652","amino acid biosynthetic process","6/376","71/28832",0.0845070422535211,6.48007192088702,5.31435168352384,0.000331537819588881,0.0178564197519199,0.0150882425460926,"Pycr1/Hao1/Otc/Gls2/Abat/Ass1",6,"BP"
"GO:0048511","rhythmic process","14/376","364/28832",0.0384615384615385,2.94926350245499,4.30209121149188,0.000340038948776418,0.0180325270220356,0.0152370489273579,"Ngfr/Hlf/Slc6a4/Casp1/Tnfrsf11a/Ereg/F7/Piwil2/Klf10/Cyp7b1/Kcna2/Fzd4/Dbp/Ass1",14,"BP"
"GO:0015911","long-chain fatty acid import across plasma membrane","3/376","12/28832",0.25,19.1702127659574,7.23669879692544,0.000443523653087542,0.0231097860801171,0.0195272099563874,"Slc2a1/Slc27a1/Irs2",3,"BP"
"GO:0030258","lipid modification","10/376","209/28832",0.0478468899521531,3.66894024228851,4.45134512077934,0.000449189343593805,0.0231097860801171,0.0195272099563874,"Acaa1b/Dgkg/Synj2/Alox5/Hao1/Inpp4b/Irs2/Cyp3a11/Mlycd/Cpt1b",10,"BP"
"GO:0016358","dendrite development","13/376","332/28832",0.0391566265060241,3.00256344527044,4.21861357256767,0.000464221480437034,0.0235249907120154,0.0198780478219494,"Ngfr/Bmp7/Sgk1/Dgkg/Ngef/Pak4/Pak1/Ptprf/Lzts3/Shank1/Camk1d/Fzd4/Foxo6",13,"BP"
"GO:0038127","ERBB signaling pathway","9/376","173/28832",0.0520231213872832,3.9891772229738,4.53295125706958,0.000470909300588645,0.0235249907120154,0.0198780478219494,"Csf1r/Rnf115/Epha7/Ereg/Ret/Adgre4/Ptprf/Epgn/Nrg2",9,"BP"
"GO:0015740","C4-dicarboxylate transport","4/376","29/28832",0.137931034482759,10.5766691122524,5.93104840360883,0.000522358569222465,0.0252420617296409,0.0213289312769048,"Slc1a2/Slc13a3/Slc25a22/Abat",4,"BP"
"GO:0031649","heat generation","4/376","29/28832",0.137931034482759,10.5766691122524,5.93104840360883,0.000522358569222465,0.0252420617296409,0.0213289312769048,"Tnfrsf11a/Slc27a1/Abat/Ccr5",4,"BP"
"GO:0001774","microglial cell activation","5/376","51/28832",0.0980392156862745,7.5177304964539,5.35507301210453,0.000527249331167434,0.0252420617296409,0.0213289312769048,"Ttbk1/Csf1r/Casp1/Itgam/Cx3cr1",5,"BP"
"GO:0035966","response to topologically incorrect protein","8/376","141/28832",0.0567375886524823,4.35068658518183,4.58466249315517,0.000545795270783187,0.0255030408018731,0.0215494522769709,"Stc2/Chac1/Bag3/Pacrg/Creb3l2/Hspb8/Tmtc4/Ficd",8,"BP"
"GO:0009062","fatty acid catabolic process","7/376","108/28832",0.0648148148148148,4.97005516154452,4.75141330215485,0.000547497829805225,0.0255030408018731,0.0215494522769709,"Lipe/Acaa1b/Hao1/Faah/Irs2/Mlycd/Cpt1b",7,"BP"
"GO:0050728","negative regulation of inflammatory response","9/376","177/28832",0.0508474576271186,3.89902632527948,4.44708504932945,0.000555550225137826,0.0255330883473345,0.0215748417257034,"Acp5/Abr/Proc/Alox5/Smpdl3b/Ppp1r13l/Ctla2a/Otulin/Cx3cr1",9,"BP"
"GO:0042761","very long-chain fatty acid biosynthetic process","3/376","13/28832",0.230769230769231,17.69558101473,6.9210280502542,0.000571017546848655,0.0258986511050963,0.0218837334090059,"Elovl3/Elovl6/Hacd1",3,"BP"
"GO:0007623","circadian rhythm","11/376","256/28832",0.04296875,3.29488031914894,4.23951479255358,0.0005849900757151,0.0261868629274827,0.022127265423891,"Ngfr/Slc6a4/Casp1/Tnfrsf11a/F7/Piwil2/Klf10/Cyp7b1/Kcna2/Dbp/Ass1",11,"BP"
"GO:0034219","carbohydrate transmembrane transport","8/376","143/28832",0.0559440559440559,4.28983782175272,4.53337507079717,0.00059907203408763,0.0261868629274827,0.022127265423891,"Aqp1/Sh2b2/Slc1a2/Clip3/Slc2a1/Slc27a1/Aqp9/Irs2",8,"BP"
"GO:0009314","response to radiation","16/376","478/28832",0.0334728033472803,2.56672304816167,3.97041463153134,0.000607353262360588,0.0261868629274827,0.022127265423891,"Bbc3/Aqp1/Slc1a2/Hyal1/Cacnb4/Sgk1/Fbxo4/Rbp4/Mme/Cyp2r1/Opn1mw/Cryab/Usp28/Reep6/H2ac25/Cpt1b",16,"BP"
"GO:0051899","membrane depolarization","7/376","110/28832",0.0636363636363636,4.87969052224371,4.68622284609656,0.000611151916624459,0.0261868629274827,0.022127265423891,"Ngfr/Slc6a4/Fhl1/Casp1/Scn5a/Scn4b/Scn3b",7,"BP"
"GO:0043603","amide metabolic process","16/376","479/28832",0.0334029227557411,2.5613645449296,3.96104166356617,0.000621039537295089,0.0261868629274827,0.022127265423891,"Slc1a2/Ace2/Acot2/Abcg1/Chac1/Mme/Tdo2/Smpdl3b/Aldh1l1/Otc/Elovl3/Baat/Elovl6/Lrrtm3/Mlycd/Ass1",16,"BP"
"GO:0031109","microtubule polymerization or depolymerization","8/376","144/28832",0.0555555555555556,4.26004728132388,4.50808253040974,0.00062724257556082,0.0261868629274827,0.022127265423891,"Clip3/Tubb1/Sgk1/Stmn4/Kif18a/Tpx2/Pak1/Cryab",8,"BP"
"GO:0170038","proteinogenic amino acid biosynthetic process","5/376","53/28832",0.0943396226415094,7.23404255319149,5.22163724028564,0.000630551094569499,0.0261868629274827,0.022127265423891,"Pycr1/Hao1/Otc/Gls2/Ass1",5,"BP"
"GO:0016042","lipid catabolic process","13/376","347/28832",0.037463976945245,2.87276963639708,4.03438958842074,0.000700278240351234,0.028736417791556,0.0242815775821036,"Apoh/Lipe/Acaa1b/Pik3cg/Acot2/Hao1/Nceh1/Aadac/Smpdl3b/Faah/Irs2/Mlycd/Cpt1b",13,"BP"
"GO:0008643","carbohydrate transport","8/376","147/28832",0.054421768707483,4.1731075408887,4.43356296721989,0.00071822854344531,0.0291262798735998,0.0246110016063551,"Aqp1/Sh2b2/Slc1a2/Clip3/Slc2a1/Slc27a1/Aqp9/Irs2",8,"BP"
"GO:0002269","leukocyte activation involved in inflammatory response","5/376","55/28832",0.0909090909090909,6.97098646034816,5.09496872138341,0.000748308560887081,0.0299932512718345,0.0253435714562369,"Ttbk1/Csf1r/Casp1/Itgam/Cx3cr1",5,"BP"
"GO:0019433","triglyceride catabolic process","4/376","32/28832",0.125,9.58510638297872,5.58548996426588,0.000766892584367168,0.0300395311172003,0.0253826768055497,"Apoh/Lipe/Pik3cg/Aadac",4,"BP"
"GO:0042537","benzene-containing compound metabolic process","4/376","32/28832",0.125,9.58510638297872,5.58548996426588,0.000766892584367168,0.0300395311172003,0.0253826768055497,"Acaa1b/Tdo2/Fah/Aldh8a1",4,"BP"
"GO:0070482","response to oxygen levels","15/376","444/28832",0.0337837837837838,2.59056929269695,3.88251846585484,0.000812163917556532,0.0311375620747945,0.0263104863912041,"Bbc3/Aqp1/Pgf/Stc2/Slc6a4/Acot2/Rgcc/Casp1/Slc2a1/Pak1/F7/Cryab/Ucp3/Fzd4/Abat",15,"BP"
"GO:0061756","leukocyte adhesion to vascular endothelial cell","5/376","56/28832",0.0892857142857143,6.84650455927052,5.0339853024298,0.000812991176887586,0.0311375620747945,0.0263104863912041,"Alox5/Itgam/Gcnt1/Gp1ba/Cx3cr1",5,"BP"
"GO:0071478","cellular response to radiation","9/376","189/28832",0.0476190476190476,3.65146909827761,4.2038292725416,0.00088708124819314,0.0327559294172694,0.0276779676293908,"Bbc3/Aqp1/Hyal1/Fbxo4/Mme/Opn1mw/Cryab/Usp28/H2ac25",9,"BP"
"GO:0030497","fatty acid elongation","3/376","15/28832",0.2,15.336170212766,6.38397598171015,0.000891008024025982,0.0327559294172694,0.0276779676293908,"Elovl3/Elovl6/Hacd1",3,"BP"
"GO:0072378","blood coagulation, fibrin clot formation","3/376","15/28832",0.2,15.336170212766,6.38397598171015,0.000891008024025982,0.0327559294172694,0.0276779676293908,"Apoh/Gp9/Gp1ba",3,"BP"
"GO:1905039","carboxylic acid transmembrane transport","8/376","152/28832",0.0526315789473684,4.03583426651736,4.31367209092816,0.000893257141056955,0.0327559294172694,0.0276779676293908,"Slc25a1/Slc1a2/Ace2/Slc13a3/Slc25a22/Slc2a1/Slc27a1/Irs2",8,"BP"
"GO:0007611","learning or memory","13/376","357/28832",0.0364145658263305,2.79229989868288,3.9169657252892,0.000908261535229732,0.0329555527572304,0.0278466445205614,"Ttbk1/Sgk1/Slc6a4/Rin1/Casp1/Mme/Foxp2/Pak1/Nrxn2/Shank1/Cyp7b1/Foxo6/Cx3cr1",13,"BP"
"GO:0072330","monocarboxylic acid biosynthetic process","10/376","230/28832",0.0434782608695652,3.33395004625347,4.08501939512249,0.000939858829768229,0.0337468061063655,0.0285152344514111,"Fads1/Alox5/Tbxas1/Aldh8a1/Elovl3/Cyp7b1/Baat/Elovl6/Hacd1/Mlycd",10,"BP"
"GO:0001780","neutrophil homeostasis","4/376","34/28832",0.117647058823529,9.02127659574468,5.37945942958745,0.000968954360326698,0.0344328420623312,0.029094918231405,"Csf1r/Tspan9/Itgam/Pik3cd",4,"BP"
"GO:0006639","acylglycerol metabolic process","8/376","155/28832",0.0516129032258065,3.95772134522992,4.24417317298676,0.00101368855134975,0.0356549432296184,0.0301275641416194,"Apoh/Lipe/Pik3cg/Dgkg/Aadac/Slc27a1/Faah/Apof",8,"BP"
"GO:0038063","collagen-activated tyrosine kinase receptor signaling pathway","5/376","59/28832",0.0847457627118644,6.49837720879913,4.85964800071349,0.00103213976173845,0.0356996134238286,0.030165309374661,"Csf1r/Epha7/Ret/Tspan9/Gp6",5,"BP"
"GO:0050900","leukocyte migration","14/376","408/28832",0.0343137254901961,2.63120567375887,3.81445992999501,0.00103567198792656,0.0356996134238286,0.030165309374661,"Pgf/Wdr1/Abr/Csf1r/Alox5/Itgam/F7/Itga2b/Gcnt1/Camk1d/Cyp7b1/Gp1ba/Dock8/Cx3cr1",14,"BP"
"GO:1903825","organic acid transmembrane transport","8/376","156/28832",0.0512820512820513,3.93235133660666,4.22139378463412,0.00105659809128497,0.0359967825123702,0.0304164100626718,"Slc25a1/Slc1a2/Ace2/Slc13a3/Slc25a22/Slc2a1/Slc27a1/Irs2",8,"BP"
"GO:0015718","monocarboxylic acid transport","9/376","194/28832",0.0463917525773196,3.55735906997148,4.10826152364495,0.00106582979232657,0.0359967825123702,0.0304164100626718,"Abcc3/Slc22a3/Nmb/Tnfrsf11a/Slc2a1/Slc27a1/Aqp9/Irs2/Cpt1b",9,"BP"
"GO:0010896","regulation of triglyceride catabolic process","3/376","16/28832",0.1875,14.3776595744681,6.15262057033668,0.00108606480455077,0.0359967825123702,0.0304164100626718,"Apoh/Pik3cg/Aadac",3,"BP"
"GO:0086012","membrane depolarization during cardiac muscle cell action potential","3/376","16/28832",0.1875,14.3776595744681,6.15262057033668,0.00108606480455077,0.0359967825123702,0.0304164100626718,"Scn5a/Scn4b/Scn3b",3,"BP"
"GO:0006638","neutral lipid metabolic process","8/376","157/28832",0.0509554140127389,3.90730451280661,4.19880286398437,0.00110094698627838,0.0361425167781102,0.0305395519902985,"Apoh/Lipe/Pik3cg/Dgkg/Aadac/Slc27a1/Faah/Apof",8,"BP"
"GO:0001961","positive regulation of cytokine-mediated signaling pathway","5/376","60/28832",0.0833333333333333,6.39007092198582,4.8042093976817,0.0011140901647681,0.0362289509241097,0.0306125867518701,"Tslp/Casp1/Hpx/Rbm47/Nlrc5",5,"BP"
"GO:0008202","steroid metabolic process","13/376","366/28832",0.0355191256830601,2.72363678642018,3.81469591238533,0.00113752447104805,0.0366452976794638,0.0309643896841117,"Cyp51/Lipe/Acaa1b/Sqle/Abcg1/Cyp3a25/Cyp2r1/Msmo1/Cyp7b1/Baat/Apof/Ugt2b5/Cyp3a11",13,"BP"
"GO:0061900","glial cell activation","5/376","61/28832",0.0819672131147541,6.28531566096965,4.75001759901707,0.00120076198098494,0.0383243198931027,0.0323831228205198,"Ttbk1/Csf1r/Casp1/Itgam/Cx3cr1",5,"BP"
"GO:0001959","regulation of cytokine-mediated signaling pathway","8/376","160/28832",0.05,3.83404255319149,4.13213225838803,0.00124297745815509,0.0393077366812898,0.0332140862068096,"Tslp/Casp1/Hpx/Ptprf/Otulin/Rbm47/Naip5/Nlrc5",8,"BP"
"GO:1901607","alpha-amino acid biosynthetic process","5/376","62/28832",0.0806451612903226,6.18393960192176,4.69702310114669,0.00129231997305058,0.0398418686320993,0.0336654147786844,"Pycr1/Hao1/Otc/Gls2/Ass1",5,"BP"
"GO:0006544","glycine metabolic process","3/376","17/28832",0.176470588235294,13.531914893617,5.94113519257168,0.00130610129255214,0.0398418686320993,0.0336654147786844,"Gnmt/Hao1/Baat",3,"BP"
"GO:1902001","fatty acid transmembrane transport","3/376","17/28832",0.176470588235294,13.531914893617,5.94113519257168,0.00130610129255214,0.0398418686320993,0.0336654147786844,"Slc2a1/Slc27a1/Irs2",3,"BP"
"GO:1902222","erythrose 4-phosphate/phosphoenolpyruvate family amino acid catabolic process","3/376","17/28832",0.176470588235294,13.531914893617,5.94113519257168,0.00130610129255214,0.0398418686320993,0.0336654147786844,"Hgd/Tdo2/Fah",3,"BP"
"GO:0032355","response to estradiol","7/376","126/28832",0.0555555555555556,4.26004728132388,4.21560276341585,0.00135876747724373,0.0410848376671854,0.0347156935321643,"Bmp7/Slc6a4/Kif18a/F7/Cryab/Igfbp2/Ass1",7,"BP"
"GO:0034620","cellular response to unfolded protein","6/376","93/28832",0.0645161290322581,4.94715168153741,4.3825442856728,0.00138901089680944,0.0412751772526047,0.034876525875424,"Stc2/Bag3/Pacrg/Hspb8/Tmtc4/Ficd",6,"BP"
"GO:0045670","regulation of osteoclast differentiation","6/376","93/28832",0.0645161290322581,4.94715168153741,4.3825442856728,0.00138901089680944,0.0412751772526047,0.034876525875424,"Csf1r/Tnfrsf11a/Ppargc1b/Klf10/Inpp4b/Tcta",6,"BP"
"GO:0006575","modified amino acid metabolic process","9/376","202/28832",0.0445544554455446,3.41647356224984,3.96172118821998,0.00141157716273228,0.0415872348712664,0.0351402070110681,"Gnmt/Slc1a2/Sardh/Chac1/Aldh1l1/Slc27a1/Plscr1/Ass1/Cpt1b",9,"BP"
"GO:0038065","collagen-activated signaling pathway","5/376","64/28832",0.078125,5.9906914893617,4.59444149039015,0.00149075995644836,0.0435478777108262,0.0367969027608618,"Csf1r/Epha7/Ret/Tspan9/Gp6",5,"BP"
"GO:0035336","long-chain fatty-acyl-CoA metabolic process","3/376","18/28832",0.166666666666667,12.7801418439716,5.74674393110075,0.00155224791169609,0.0445883212634701,0.0376760523830094,"Acot2/Elovl3/Elovl6",3,"BP"
"GO:0098883","synapse pruning","3/376","18/28832",0.166666666666667,12.7801418439716,5.74674393110075,0.00155224791169609,0.0445883212634701,0.0376760523830094,"Ngef/Itgam/Cx3cr1",3,"BP"
"GO:0071356","cellular response to tumor necrosis factor","9/376","207/28832",0.0434782608695652,3.33395004625347,3.87383243438608,0.00166997807195574,0.0475736728432351,0.0401986022192392,"Hyal1/Casp1/Tnfrsf11a/Adamts7/Eda2r/Otulin/Cx3cr1/Naip5/Ass1",9,"BP"
"GO:0060760","positive regulation of response to cytokine stimulus","5/376","66/28832",0.0757575757575758,5.80915538362347,4.49611994391065,0.0017107524419918,0.0483357677667682,0.0408425539861199,"Tslp/Casp1/Hpx/Rbm47/Nlrc5",5,"BP"
"GO:0020037","heme binding","10/373","166/28366",0.0602409638554217,4.58122032365386,5.34172613142187,7.41002520537131e-05,0.0361786442302162,0.0274242131596192,"Cyp51/Stc2/Tdo2/Cyp3a25/Tbxas1/Cyp2r1/Hpx/Cyp7b1/Cyp3a11/Flvcr1",10,"MF"
"GO:0046906","tetrapyrrole binding","10/373","175/28366",0.0571428571428571,4.34561470700881,5.12460971931293,0.00011488252669282,0.0361786442302162,0.0274242131596192,"Cyp51/Stc2/Tdo2/Cyp3a25/Tbxas1/Cyp2r1/Hpx/Cyp7b1/Cyp3a11/Flvcr1",10,"MF"
"GO:0005035","death receptor activity","3/373","10/28366",0.3,22.8144772117962,7.96422302878163,0.000252711835332137,0.0361786442302162,0.0274242131596192,"Ngfr/Tnfrsf11a/Eda2r",3,"MF"
"GO:0042578","phosphoric ester hydrolase activity","14/373","356/28366",0.0393258426966292,2.99066180678977,4.36301811775798,0.000295025853482342,0.0361786442302162,0.0274242131596192,"Acp5/Tns3/Fbp2/Synj2/Pde10a/Styxl2/Pfkfb3/Dusp2/Smpdl3b/Ptprf/Tns2/Cdkn3/Inpp4b/Ficd",14,"MF"
"GO:0005506","iron ion binding","9/373","178/28366",0.050561797752809,3.8451366087297,4.39543721916303,0.000613173780188256,0.0361786442302162,0.0274242131596192,"Acp5/Cyp51/Alox5/Cyp3a25/Tbxas1/Cyp2r1/Msmo1/Cyp7b1/Cyp3a11",9,"MF"
"GO:0042301","phosphate ion binding","3/373","14/28366",0.214285714285714,16.296055151283,6.60804050413723,0.000737154551289057,0.0361786442302162,0.0274242131596192,"Nceh1/Otc/Ptprf",3,"MF"
"GO:0046875","ephrin receptor binding","4/373","32/28366",0.125,9.50603217158177,5.55736796299137,0.000790747396828075,0.0361786442302162,0.0274242131596192,"Aqp1/Pik3cg/Ngef/Epha7",4,"MF"
"GO:0016791","phosphatase activity","11/373","266/28366",0.0413533834586466,3.14485274849322,4.05701139839783,0.000856452845239595,0.0361786442302162,0.0274242131596192,"Acp5/Tns3/Fbp2/Synj2/Styxl2/Pfkfb3/Dusp2/Ptprf/Tns2/Cdkn3/Inpp4b",11,"MF"
"GO:0141003","histone H2AX kinase activity","13/373","359/28366",0.0362116991643454,2.75383661795126,3.86032749209729,0.001028405307253,0.0361786442302162,0.0274242131596192,"Ttbk1/Nek8/Sgk1/Nuak1/Pik3cg/Csf1r/Pask/Epha7/Ret/Pak4/Pak1/Snrk/Hunk",13,"MF"
"GO:0140996","histone H3 kinase activity","13/373","362/28366",0.0359116022099447,2.73101476752625,3.82618629234572,0.00110855869669419,0.0361786442302162,0.0274242131596192,"Ttbk1/Nek8/Sgk1/Nuak1/Pik3cg/Csf1r/Pask/Epha7/Ret/Pak4/Pak1/Snrk/Hunk",13,"MF"
"GO:0004497","monooxygenase activity","8/373","156/28366",0.0512820512820513,3.89991063449508,4.19243616333848,0.00111309337563301,0.0361786442302162,0.0274242131596192,"Cyp51/Sqle/Cyp3a25/Tbxas1/Cyp2r1/Msmo1/Cyp7b1/Cyp3a11",8,"MF"
"GO:0035173","histone kinase activity","13/373","366/28366",0.0355191256830601,2.70116761159701,3.78120061995587,0.00122349032690865,0.0361786442302162,0.0274242131596192,"Ttbk1/Nek8/Sgk1/Nuak1/Pik3cg/Csf1r/Pask/Epha7/Ret/Pak4/Pak1/Snrk/Hunk",13,"MF"
"GO:0170055","lipid transmembrane transporter activity","5/373","63/28366",0.0793650793650794,6.03557598195668,4.61874813375905,0.00144003202715554,0.0361786442302162,0.0274242131596192,"Abcc3/Abcg1/Rbp4/Slc2a1/Slc27a1",5,"MF"
"GO:0005154","epidermal growth factor receptor binding","4/373","39/28366",0.102564102564103,7.79982126899017,4.90513085468767,0.00168256868625329,0.0361786442302162,0.0274242131596192,"Ereg/Plscr1/Epgn/Nrg2",4,"MF"
"GO:0004676","3-phosphoinositide-dependent protein kinase activity","10/373","250/28366",0.04,3.04193029490617,3.74330519822651,0.00185889943804635,0.0361786442302162,0.0274242131596192,"Ttbk1/Nek8/Sgk1/Nuak1/Pik3cg/Pask/Pak4/Pak1/Snrk/Hunk",10,"MF"
"GO:0004677","DNA-dependent protein kinase activity","10/373","250/28366",0.04,3.04193029490617,3.74330519822651,0.00185889943804635,0.0361786442302162,0.0274242131596192,"Ttbk1/Nek8/Sgk1/Nuak1/Pik3cg/Pask/Pak4/Pak1/Snrk/Hunk",10,"MF"
"GO:0004694","eukaryotic translation initiation factor 2alpha kinase activity","10/373","250/28366",0.04,3.04193029490617,3.74330519822651,0.00185889943804635,0.0361786442302162,0.0274242131596192,"Ttbk1/Nek8/Sgk1/Nuak1/Pik3cg/Pask/Pak4/Pak1/Snrk/Hunk",10,"MF"
"GO:0004711","ribosomal protein S6 kinase activity","10/373","250/28366",0.04,3.04193029490617,3.74330519822651,0.00185889943804635,0.0361786442302162,0.0274242131596192,"Ttbk1/Nek8/Sgk1/Nuak1/Pik3cg/Pask/Pak4/Pak1/Snrk/Hunk",10,"MF"
"GO:0035175","histone H3S10 kinase activity","10/373","250/28366",0.04,3.04193029490617,3.74330519822651,0.00185889943804635,0.0361786442302162,0.0274242131596192,"Ttbk1/Nek8/Sgk1/Nuak1/Pik3cg/Pask/Pak4/Pak1/Snrk/Hunk",10,"MF"
"GO:0035979","histone H2AXS139 kinase activity","10/373","250/28366",0.04,3.04193029490617,3.74330519822651,0.00185889943804635,0.0361786442302162,0.0274242131596192,"Ttbk1/Nek8/Sgk1/Nuak1/Pik3cg/Pask/Pak4/Pak1/Snrk/Hunk",10,"MF"
"GO:0044022","histone H3S28 kinase activity","10/373","250/28366",0.04,3.04193029490617,3.74330519822651,0.00185889943804635,0.0361786442302162,0.0274242131596192,"Ttbk1/Nek8/Sgk1/Nuak1/Pik3cg/Pask/Pak4/Pak1/Snrk/Hunk",10,"MF"
"GO:0044023","histone H4S1 kinase activity","10/373","250/28366",0.04,3.04193029490617,3.74330519822651,0.00185889943804635,0.0361786442302162,0.0274242131596192,"Ttbk1/Nek8/Sgk1/Nuak1/Pik3cg/Pask/Pak4/Pak1/Snrk/Hunk",10,"MF"
"GO:0044024","histone H2AS1 kinase activity","10/373","250/28366",0.04,3.04193029490617,3.74330519822651,0.00185889943804635,0.0361786442302162,0.0274242131596192,"Ttbk1/Nek8/Sgk1/Nuak1/Pik3cg/Pask/Pak4/Pak1/Snrk/Hunk",10,"MF"
"GO:0044025","histone H2BS14 kinase activity","10/373","250/28366",0.04,3.04193029490617,3.74330519822651,0.00185889943804635,0.0361786442302162,0.0274242131596192,"Ttbk1/Nek8/Sgk1/Nuak1/Pik3cg/Pask/Pak4/Pak1/Snrk/Hunk",10,"MF"
"GO:0072354","histone H3T3 kinase activity","10/373","250/28366",0.04,3.04193029490617,3.74330519822651,0.00185889943804635,0.0361786442302162,0.0274242131596192,"Ttbk1/Nek8/Sgk1/Nuak1/Pik3cg/Pask/Pak4/Pak1/Snrk/Hunk",10,"MF"
"GO:0072371","histone H2AS121 kinase activity","10/373","250/28366",0.04,3.04193029490617,3.74330519822651,0.00185889943804635,0.0361786442302162,0.0274242131596192,"Ttbk1/Nek8/Sgk1/Nuak1/Pik3cg/Pask/Pak4/Pak1/Snrk/Hunk",10,"MF"
"GO:0072518","Rho-dependent protein serine/threonine kinase activity","10/373","250/28366",0.04,3.04193029490617,3.74330519822651,0.00185889943804635,0.0361786442302162,0.0274242131596192,"Ttbk1/Nek8/Sgk1/Nuak1/Pik3cg/Pask/Pak4/Pak1/Snrk/Hunk",10,"MF"
"GO:0140823","histone H2BS36 kinase activity","10/373","250/28366",0.04,3.04193029490617,3.74330519822651,0.00185889943804635,0.0361786442302162,0.0274242131596192,"Ttbk1/Nek8/Sgk1/Nuak1/Pik3cg/Pask/Pak4/Pak1/Snrk/Hunk",10,"MF"
"GO:0140855","histone H3S57 kinase activity","10/373","250/28366",0.04,3.04193029490617,3.74330519822651,0.00185889943804635,0.0361786442302162,0.0274242131596192,"Ttbk1/Nek8/Sgk1/Nuak1/Pik3cg/Pask/Pak4/Pak1/Snrk/Hunk",10,"MF"
"GO:0140995","histone H2A kinase activity","10/373","250/28366",0.04,3.04193029490617,3.74330519822651,0.00185889943804635,0.0361786442302162,0.0274242131596192,"Ttbk1/Nek8/Sgk1/Nuak1/Pik3cg/Pask/Pak4/Pak1/Snrk/Hunk",10,"MF"
"GO:0140997","histone H4 kinase activity","10/373","250/28366",0.04,3.04193029490617,3.74330519822651,0.00185889943804635,0.0361786442302162,0.0274242131596192,"Ttbk1/Nek8/Sgk1/Nuak1/Pik3cg/Pask/Pak4/Pak1/Snrk/Hunk",10,"MF"
"GO:0140998","histone H2B kinase activity","10/373","250/28366",0.04,3.04193029490617,3.74330519822651,0.00185889943804635,0.0361786442302162,0.0274242131596192,"Ttbk1/Nek8/Sgk1/Nuak1/Pik3cg/Pask/Pak4/Pak1/Snrk/Hunk",10,"MF"
"GO:1990244","histone H2AT120 kinase activity","10/373","250/28366",0.04,3.04193029490617,3.74330519822651,0.00185889943804635,0.0361786442302162,0.0274242131596192,"Ttbk1/Nek8/Sgk1/Nuak1/Pik3cg/Pask/Pak4/Pak1/Snrk/Hunk",10,"MF"
"GO:0140857","histone H3T45 kinase activity","10/373","251/28366",0.0398406374501992,3.02981105070335,3.72858902721266,0.00191399173138491,0.0361786442302162,0.0274242131596192,"Ttbk1/Nek8/Sgk1/Nuak1/Pik3cg/Pask/Pak4/Pak1/Snrk/Hunk",10,"MF"
"GO:0035402","histone H3T11 kinase activity","10/373","252/28366",0.0396825396825397,3.01778799097834,3.71394588021972,0.00197039514718273,0.0361786442302162,0.0274242131596192,"Ttbk1/Nek8/Sgk1/Nuak1/Pik3cg/Pask/Pak4/Pak1/Snrk/Hunk",10,"MF"
"GO:0035403","histone H3T6 kinase activity","10/373","252/28366",0.0396825396825397,3.01778799097834,3.71394588021972,0.00197039514718273,0.0361786442302162,0.0274242131596192,"Ttbk1/Nek8/Sgk1/Nuak1/Pik3cg/Pask/Pak4/Pak1/Snrk/Hunk",10,"MF"
"GO:0004679","AMP-activated protein kinase activity","10/373","255/28366",0.0392156862745098,2.98228460284918,3.67044768191437,0.00214769971250272,0.037877595740722,0.0287120560117584,"Ttbk1/Nek8/Sgk1/Nuak1/Pik3cg/Pask/Pak4/Pak1/Snrk/Hunk",10,"MF"
"GO:0015172","acidic amino acid transmembrane transporter activity","3/373","20/28366",0.15,11.4072386058981,5.37434702815729,0.00217753197904302,0.037877595740722,0.0287120560117584,"Slc1a2/Slc13a3/Slc25a22",3,"MF"
"GO:0005319","lipid transporter activity","8/373","176/28366",0.0454545454545455,3.45673897148428,3.77388705890155,0.00238239596093783,0.0403785571841002,0.0306078401459219,"Bltp3b/Abcc3/Abcg1/Rbp4/Slc2a1/Slc27a1/Plscr1/Gramd1b",8,"MF"
"GO:0019200","carbohydrate kinase activity","3/373","21/28366",0.142857142857143,10.864036767522,5.21971975950196,0.00251587012587203,0.0415747538300354,0.031514583681976,"Hk3/Pfkfb3/Xylb",3,"MF"
"GO:0008395","steroid hydroxylase activity","4/373","44/28366",0.0909090909090909,6.91347794296856,4.53135876242836,0.00263764702082395,0.0425240166040153,0.0322341458770783,"Cyp3a25/Cyp2r1/Cyp7b1/Cyp3a11",4,"MF"
"GO:0019842","vitamin binding","7/373","142/28366",0.0492957746478873,3.74885775780689,3.79060250874607,0.00280643111929057,0.0441678802345492,0.0334802308967997,"Gnmt/Sardh/Rbp4/Mtarc1/Cyp2r1/Abat/Mtarc2",7,"MF"
"GO:0050998","nitric-oxide synthase binding","3/373","22/28366",0.136363636363636,10.3702169144528,5.07518062297395,0.00288494144228052,0.0443475882173819,0.0336164535257167,"Slc6a4/Scn5a/Calm2",3,"MF"
"GO:0031674","I band","12/375","165/28779",0.0727272727272727,5.58138181818182,6.7811813611492,1.90065898949206e-06,0.000316506972064685,0.000274698911394654,"Fbp2/Myl12a/Slc2a1/Pak1/Bag3/Pdlim3/Cryab/Scn5a/Synpo2l/Scn3b/Flnc/Klhl40",12,"CC"
"GO:0030017","sarcomere","14/375","234/28779",0.0598290598290598,4.59152136752137,6.33836939061973,2.74146608225877e-06,0.000316506972064685,0.000274698911394654,"Fbp2/Myl12a/Styxl2/Slc2a1/Pak1/Bag3/Pdlim3/Cryab/Scn5a/Calm2/Synpo2l/Scn3b/Flnc/Klhl40",14,"CC"
"GO:0045121","membrane raft","17/375","344/28779",0.0494186046511628,3.79258139534884,5.98707407310327,3.27845462873871e-06,0.000316506972064685,0.000274698911394654,"Lipe/Aqp1/Slc1a2/Clip3/Slc6a4/Synj2/Tnfrsf11a/Stom/Kif18a/Mall/Mme/Slc2a1/Itgam/Slc27a1/Plscr1/Scn5a/Gp6",17,"CC"
"GO:0098857","membrane microdomain","17/375","346/28779",0.0491329479768786,3.77065895953757,5.95752625037914,3.54215462259417e-06,0.000316506972064685,0.000274698911394654,"Lipe/Aqp1/Slc1a2/Clip3/Slc6a4/Synj2/Tnfrsf11a/Stom/Kif18a/Mall/Mme/Slc2a1/Itgam/Slc27a1/Plscr1/Scn5a/Gp6",17,"CC"
"GO:0030018","Z disc","11/375","149/28779",0.0738255033557047,5.6656644295302,6.56072970772675,4.40817509839394e-06,0.000316506972064685,0.000274698911394654,"Fbp2/Myl12a/Slc2a1/Pak1/Bag3/Pdlim3/Cryab/Scn5a/Synpo2l/Scn3b/Flnc",11,"CC"
"GO:0030016","myofibril","14/375","260/28779",0.0538461538461538,4.13236923076923,5.82973297284418,9.20509663945478e-06,0.000550771615594045,0.000478019053557652,"Fbp2/Myl12a/Styxl2/Slc2a1/Pak1/Bag3/Pdlim3/Cryab/Scn5a/Calm2/Synpo2l/Scn3b/Flnc/Klhl40",14,"CC"
"GO:0043292","contractile muscle fiber","14/375","269/28779",0.0520446096654275,3.99411152416357,5.66893777753704,1.35054738787271e-05,0.000692637874637575,0.000601145904977927,"Fbp2/Myl12a/Styxl2/Slc2a1/Pak1/Bag3/Pdlim3/Cryab/Scn5a/Calm2/Synpo2l/Scn3b/Flnc/Klhl40",14,"CC"
"GO:0032432","actin filament bundle","8/375","112/28779",0.0714285714285714,5.48171428571429,5.46032182722573,0.000112921304830049,0.00506734355424844,0.0043979876618019,"Sh2b2/Enah/Myl12a/Pdlim3/Cryab/Pstpip1/Septin5/Xirp1",8,"CC"
"GO:0044291","cell-cell contact zone","7/375","92/28779",0.0760869565217391,5.83921739130435,5.34173901092972,0.000204369450623473,0.00815207030820296,0.0070752464777249,"Slc2a1/Pak1/Scn5a/Scn4b/Pcdh9/Vamp5/Xirp1",7,"CC"
"GO:0014704","intercalated disc","6/375","67/28779",0.0895522388059701,6.87259701492537,5.52957896938557,0.000240247652654045,0.00862489073028022,0.00748561107216814,"Slc2a1/Pak1/Scn5a/Scn4b/Vamp5/Xirp1",6,"CC"
"GO:0001725","stress fiber","7/375","102/28779",0.0686274509803922,5.26674509803922,4.96005065662315,0.000385597803477256,0.0115358009540279,0.0100120131429182,"Sh2b2/Enah/Myl12a/Pdlim3/Pstpip1/Septin5/Xirp1",7,"CC"
"GO:0097517","contractile actin filament bundle","7/375","102/28779",0.0686274509803922,5.26674509803922,4.96005065662315,0.000385597803477256,0.0115358009540279,0.0100120131429182,"Sh2b2/Enah/Myl12a/Pdlim3/Pstpip1/Septin5/Xirp1",7,"CC"
"GO:0042641","actomyosin","7/375","111/28779",0.0630630630630631,4.83971171171171,4.65712179518784,0.000641951086687891,0.0175108412213387,0.0151977979812821,"Sh2b2/Enah/Myl12a/Pdlim3/Pstpip1/Septin5/Xirp1",7,"CC"
"GO:0062023","collagen-containing extracellular matrix","14/375","391/28779",0.0358056265984655,2.74786700767263,3.99839366989553,0.000682874030915714,0.0175108412213387,0.0151977979812821,"Egfl6/Prg4/Bmp7/Itih4/Fbn2/Serpinc1/Tgm3/Tspan9/Plscr1/Emid1/Itih2/Serpinf2/Egflam/Col6a6",14,"CC"
"GO:0034364","high-density lipoprotein particle","4/375","34/28779",0.117647058823529,9.02870588235294,5.38220253701188,0.000965981869932081,0.0231191660870411,0.0200653076140278,"Apoh/Hp/Saa3/Apof",4,"CC"
"GO:0001518","voltage-gated sodium channel complex","3/375","16/28779",0.1875,14.3895,6.15550156809715,0.00108347859180365,0.0243105509035944,0.0210993199456501,"Scn5a/Scn4b/Scn3b",3,"CC"
"GO:0032809","neuronal cell body membrane","4/375","38/28779",0.105263157894737,8.07831578947368,5.01680223401807,0.00147587434515523,0.0311669935241605,0.0270500808771485,"Ngfr/Aqp1/Kcna2/Cx3cr1",4,"CC"
"GO:0044298","cell body membrane","4/375","41/28779",0.0975609756097561,7.48721951219512,4.77615527891003,0.00196371415097605,0.0385635189012921,0.0334695839166763,"Ngfr/Aqp1/Kcna2/Cx3cr1",4,"CC"
"GO:0034358","plasma lipoprotein particle","4/375","42/28779",0.0952380952380952,7.30895238095238,4.70129351907767,0.00214838545411098,0.0385635189012921,0.0334695839166763,"Apoh/Hp/Saa3/Apof",4,"CC"
"GO:1990777","lipoprotein particle","4/375","42/28779",0.0952380952380952,7.30895238095238,4.70129351907767,0.00214838545411098,0.0385635189012921,0.0334695839166763,"Apoh/Hp/Saa3/Apof",4,"CC"
"GO:0005901","caveola","6/375","105/28779",0.0571428571428571,4.38537142857143,3.99312604992183,0.00256466532434769,0.0438435643543247,0.0380521772434544,"Lipe/Aqp1/Kif18a/Slc2a1/Slc27a1/Scn5a",6,"CC"
"GO:0032994","protein-lipid complex","4/375","45/28779",0.0888888888888889,6.82168888888889,4.49069326947899,0.00277366623990494,0.0448821155790642,0.0389535440885589,"Apoh/Hp/Saa3/Apof",4,"CC"
"GO:0044853","plasma membrane raft","7/375","144/28779",0.0486111111111111,3.73061111111111,3.77440667340417,0.00288643981458024,0.0448821155790642,0.0389535440885589,"Lipe/Aqp1/Kif18a/Slc2a1/Itgam/Slc27a1/Scn5a",7,"CC"
"GO:0043204","perikaryon","9/375","226/28779",0.0398230088495575,3.05617699115044,3.56570186306332,0.00300047569330791,0.0448821155790642,0.0389535440885589,"Ngfr/Pde10a/Csf1r/Azin2/Cryab/Kcna2/Kng2/Naip5/Ass1",9,"CC"
