"ENTREZID","SYMBOL","ENSEMBL","log2FC_sh190_Disease","padj_sh190_Disease","log2FC_sh190_Treatment_vs_KO","padj_sh190_Treatment_vs_KO","log2FC_sh190_Treatment_vs_WT","padj_sh190_Treatment_vs_WT","log2FC_MOE_Disease","padj_MOE_Disease","log2FC_MOE_Treatment_vs_KO","padj_MOE_Treatment_vs_KO","log2FC_MOE_Treatment_vs_WT","padj_MOE_Treatment_vs_WT","sig_sh190","sig_MOE","disease_absFC_sh190","disease_absFC_MOE"
"56636","Fgf21","ENSMUSG00000030827",4.96808208160551,0.000347659677784446,NA,NA,5.24846901863301,0.000290323863596072,5.28255802777422,0.000111939596842642,-0.182307752159659,1,5.10024690015663,0.000207017813212929,TRUE,TRUE,4.96808208160551,5.28255802777422
"18216","Ntsr1","ENSMUSG00000027568",2.54326039390527,0.159952220189298,NA,NA,4.23943749355568,0.00729744119573424,4.45444743487036,0.00214552262793787,-0.190787423855198,1,4.26365583899001,0.00355931589073584,FALSE,TRUE,2.54326039390527,4.45444743487036
"12426","Cckbr","ENSMUSG00000030898",2.79781387432379,0.259886750087125,NA,NA,1.6340437418925,0.64464098422302,4.2993210345189,0.0447537152165032,-0.760239027991447,1,3.53906563786808,0.116046516660648,FALSE,TRUE,2.79781387432379,4.2993210345189
"66402","Sln","ENSMUSG00000042045",3.76951173930241,1.58545595452832e-15,-0.438845806207867,0.865935772280055,3.3306644601954,1.72458773768553e-10,3.80426462117227,4.56003604666635e-16,-0.576901784190034,1,3.22736134469524,1.07176457583926e-11,TRUE,TRUE,3.76951173930241,3.80426462117227
"70405","Calml3","ENSMUSG00000063130",0.28233812272496,0.849690957785681,NA,NA,-0.043366847394008,0.982550373778232,3.37115003066539,0.0275645910152287,1.39496152665534,1,4.76611058760812,0.000615830039925098,FALSE,TRUE,0.28233812272496,3.37115003066539
"80796","Calm4","ENSMUSG00000033765",-2.80148909729024,0.0214535814873215,NA,NA,-2.35186957507082,0.0980773351240165,-0.059961664713188,0.976819669679147,1.90527816560814,1,1.84531772754926,0.161448799244004,TRUE,FALSE,2.80148909729024,0.059961664713188
"14816","Grm1","ENSMUSG00000019828",-1.59866171559769,0.00297545027450175,-0.28897873626527,0.943647750003555,-1.88764045228611,0.00197221891543807,-2.53053495344647,6.72433100496825e-07,-0.0898820720999677,1,-2.62041689739258,2.70018059409353e-07,TRUE,TRUE,1.59866171559769,2.53053495344647
"68279","Mcoln2","ENSMUSG00000011008",2.34340983050032,0.000830282987631234,NA,NA,1.64810545561935,0.0523708126588198,1.51040183523533,0.0237951291148927,-0.0341340785055975,1,1.47626687257907,0.0271820310600786,TRUE,TRUE,2.34340983050032,1.51040183523533
"14172","Fgf18","ENSMUSG00000057967",2.07017400708481,0.000171509643367267,-0.233989906527169,0.949078752479976,1.8361832561251,0.00313071565701234,1.01681740568681,0.0752100374793658,-0.134344151224325,1,0.882472537622132,0.132616157992364,TRUE,FALSE,2.07017400708481,1.01681740568681
"15234","Hgf","ENSMUSG00000028864",2.03536977826016,0.00291099245799118,NA,NA,1.89910739208273,0.0124848887624454,0.577749410898202,0.445397977593945,-0.122169923609898,1,0.455578922872109,0.564430548970653,TRUE,FALSE,2.03536977826016,0.577749410898202
"19204","Ptafr","ENSMUSG00000056529",1.99622626912577,4.3799462379106e-11,0.222564951573034,0.887591746425957,2.21879091303435,8.60695332415865e-12,0.978929717075277,0.00113457061238079,-0.129017765123537,1,0.849911624272249,0.0056877022198309,TRUE,TRUE,1.99622626912577,0.978929717075277
"18049","Ngf","ENSMUSG00000027859",0.8428240307663,0.270963399216562,-0.944839172445452,0.682593694410684,-0.102016096543318,0.936581562740551,1.84102666976573,0.00430997090694177,-0.535003559691033,1,1.30602146721317,0.0579867527989533,FALSE,TRUE,0.8428240307663,1.84102666976573
"11938","Atp2a2","ENSMUSG00000029467",1.80694041816737,1.82010609697784e-24,-0.296492565614545,0.669692812473393,1.51044761590477,1.70528000134381e-14,1.8330520973778,3.86602909693394e-25,-0.0549893131618382,1,1.77806255560297,1.19155840330585e-23,TRUE,TRUE,1.80694041816737,1.8330520973778
"69563","Mrln","ENSMUSG00000019933",-1.57824711610072,1.82911652661096e-15,0.530231202640842,0.341436531197211,-1.04801596021095,3.54656321829414e-06,-1.80791244307228,1.99485099517117e-20,0.227671085437953,1,-1.5802414384672,7.32701628719276e-16,TRUE,TRUE,1.57824711610072,1.80791244307228
"18796","Plcb2","ENSMUSG00000040061",1.64652852276046,0.00069405305955565,-0.337000362999032,0.885664516026572,1.30952759931487,0.0212383641297242,1.08070380708552,0.0241529831802104,-0.183463016234721,1,0.897240210217083,0.0713532244674139,TRUE,TRUE,1.64652852276046,1.08070380708552
"227541","Camk1d","ENSMUSG00000039145",1.61666784341613,2.13298326559058e-16,-0.193029998397637,0.858056002680402,1.42363766368508,6.51408745686719e-11,1.26722677189271,9.51404117960276e-11,-0.390034708657646,1,0.877191881773058,1.7283821145139e-05,TRUE,TRUE,1.61666784341613,1.26722677189271
"21924","Tnnc1","ENSMUSG00000091898",1.61252343139658,0.0410856826486551,-0.354080270312635,0.9464470867906,1.25844141204704,0.187451527898758,1.54594044076246,0.0494347998586981,0.323796868333509,1,1.86973454901783,0.0134750683407245,TRUE,TRUE,1.61252343139658,1.54594044076246
"80903","Fgf16","ENSMUSG00000031230",1.45284908506173,0.0420390758688163,NA,NA,1.01417649345143,0.26009422366914,0.651853603187788,0.407518828168969,-0.429597217170624,1,0.222255673987906,0.814252169791623,TRUE,FALSE,1.45284908506173,0.651853603187788
"20191","Ryr2","ENSMUSG00000021313",1.42002358750583,0.0276012560212628,NA,NA,1.93072579685865,0.00294658359545932,0.734415611007584,0.277097412364134,-0.253901603405963,1,0.480513487110976,0.518820116232825,TRUE,FALSE,1.42002358750583,0.734415611007584
"269717","Orai2","ENSMUSG00000039747",0.651177939355043,0.0208898529955021,0.0391223637581099,0.983982950945192,0.690300107974802,0.0274013816405069,1.24989956291098,2.11669619345285e-06,0.04979460301457,1,1.29969394959887,6.73908198751287e-07,TRUE,TRUE,0.651177939355043,1.24989956291098
"20698","Sphk1","ENSMUSG00000061878",0.652078599455596,0.11175789942274,-0.560760131521156,0.659163249394877,0.0913179628423309,0.89773127900739,1.22104796662872,0.00407992723609438,-0.223165405348291,1,0.99788227036536,0.0242007616520928,FALSE,TRUE,0.652078599455596,1.22104796662872
"14814","Grin2d","ENSMUSG00000002771",1.17537047281844,0.00282147281985598,NA,NA,0.699804527161383,0.170357928045083,1.1172943999721,0.0180708551931129,-0.321421987484509,1,0.795872133681856,0.122166524482865,TRUE,TRUE,1.17537047281844,1.1172943999721
"14178","Fgf7","ENSMUSG00000027208",0.222194174998528,0.608922586046855,0.0952953442304648,0.970397944206909,0.317489238629321,0.490765940178027,1.15013473179208,0.000290795236709993,0.0473963347206581,1,1.197530780677,0.000139302188137568,FALSE,TRUE,0.222194174998528,1.15013473179208
"12291","Cacna1g","ENSMUSG00000020866",-0.0578936957439758,0.901127482362586,0.305369801422432,0.81332567097343,0.247475913834949,0.565608687834686,1.12571836294439,6.36507753065129e-05,-0.0331534580581743,1,1.09256464750201,0.000107177237125686,FALSE,TRUE,0.0578936957439758,1.12571836294439
"18125","Nos1","ENSMUSG00000029361",-0.925960809856256,5.0681074083078e-07,0.00111565033758513,0.998874652672042,-0.924845311670961,6.44607868135858e-06,-1.07437348560031,3.21961130274291e-09,-0.0915673080612317,1,-1.16594093738505,1.00180303292842e-10,TRUE,TRUE,0.925960809856256,1.07437348560031
"18439","P2rx7","ENSMUSG00000029468",1.06782405260846,2.44316769099387e-06,-0.159935114164118,0.898588730518304,0.907888733789439,0.000434988471565658,0.943420191440355,7.62507451775899e-05,0.0529855378615116,1,0.996405575085956,2.3635530845801e-05,TRUE,TRUE,1.06782405260846,0.943420191440355
"20541","Slc8a1","ENSMUSG00000054640",-0.799963843779099,6.29821400414959e-09,0.193532361156952,0.749097052021563,-0.606431540815402,0.000123027720469013,-1.06432814075959,2.16164828088535e-15,-0.0936607995482572,1,-1.1579890046129,5.08932577425838e-18,TRUE,TRUE,0.799963843779099,1.06432814075959
"14062","F2r","ENSMUSG00000048376",0.708417200411025,5.79210382077388e-06,-0.118623966624773,0.891600286588341,0.589793128787112,0.000987431975114662,0.974156079753294,2.65755398648401e-10,0.138422787309501,1,1.11257877037458,2.76958716765508e-13,TRUE,TRUE,0.708417200411025,0.974156079753294
"14680","Gnal","ENSMUSG00000024524",0.497869702696367,0.257346609071455,-0.349476510338659,0.853527386051949,0.148392858966217,0.823410922267811,0.965933882359473,0.0106614811768266,-0.430350157810612,1,0.535583282207193,0.209432832737525,FALSE,TRUE,0.497869702696367,0.965933882359473
"18438","P2rx4","ENSMUSG00000029470",0.93992232198146,1.09426625731575e-12,-0.129901599869354,0.845644906980121,0.810020657175374,3.96917348003363e-08,0.834095114980978,5.54770197617853e-10,-0.026237113700958,1,0.807857940750368,2.04692196028405e-09,TRUE,TRUE,0.93992232198146,0.834095114980978
"11515","Adcy9","ENSMUSG00000005580",-0.820199907084305,9.76810593598846e-09,0.106085568087228,0.903860848340634,-0.714114414247377,9.45270339440142e-06,-0.925979126915646,6.02205976917614e-11,-0.123718599661126,1,-1.04969780101935,7.97927783137879e-14,TRUE,TRUE,0.820199907084305,0.925979126915646
"12767","Cxcr4","ENSMUSG00000045382",0.91975403630445,7.12858361722075e-06,0.0396944451462173,0.978038625088772,0.959448350101129,1.92071912654329e-05,0.274912394100997,0.262269471959699,-0.0206907009848795,1,0.254221571740187,0.303848799504272,TRUE,FALSE,0.91975403630445,0.274912394100997
"238564","Mylk4","ENSMUSG00000044951",-0.91701025388266,4.84448401610475e-07,-0.361181076536967,0.531909053813586,-1.27819153773864,5.99764962040992e-11,-0.818312314985774,9.28553002443363e-06,0.0361259687615013,1,-0.782186538754605,2.37985933563412e-05,TRUE,TRUE,0.91701025388266,0.818312314985774
"14184","Fgfr3","ENSMUSG00000054252",0.523716719487696,0.161834343912672,-0.0657166640996021,0.978038625088772,0.457999600067245,0.305335091694571,0.89943395604141,0.00828167065722125,-0.171522875095111,1,0.727910748220241,0.0389216710710604,FALSE,TRUE,0.523716719487696,0.89943395604141
"11513","Adcy7","ENSMUSG00000031659",0.89677744694896,0.000859371561110346,0.0598950201003279,0.976533954429931,0.956672206692822,0.00131240255139976,0.713079256194619,0.0101124823678304,-0.10217869046932,1,0.61090028273077,0.0314374079310105,TRUE,TRUE,0.89677744694896,0.713079256194619
"75600","Calml4","ENSMUSG00000032246",0.840397066293305,0.0294349329365007,0.140693972261012,0.95562173639943,0.981090873169924,0.0169694965060808,-0.139931813358731,0.757756441893994,0.443115090213761,1,0.30318308635957,0.423330720769313,TRUE,FALSE,0.840397066293305,0.139931813358731
"19713","Ret","ENSMUSG00000030110",0.29814690068521,0.363115196067916,0.220311479429773,0.871503599881302,0.518458195440703,0.112463296343594,-0.788308142427289,0.00271841898530839,0.540957473087209,1,-0.247350803657155,0.447621498356697,FALSE,TRUE,0.29814690068521,0.788308142427289
"18679","Phka1","ENSMUSG00000034055",-0.69893817927908,5.30672675398159e-09,-0.0410261175964173,0.967485962149412,-0.739964378914863,2.04544582522827e-08,-0.787491431335847,3.00475739590107e-11,0.0562671743101752,1,-0.731224334470626,8.13424908961684e-10,TRUE,TRUE,0.69893817927908,0.787491431335847
"116873","Stim2","ENSMUSG00000039156",-0.776427833773133,5.41345639171659e-16,0.0504867788241337,0.947604863586853,-0.725941090087615,8.13610216437189e-12,-0.648710728951981,2.64313259852032e-11,-0.0381173298331523,1,-0.686828094749669,1.38810608142951e-12,TRUE,TRUE,0.776427833773133,0.648710728951981
"13866","Erbb2","ENSMUSG00000062312",0.394737690248389,0.0320317879887228,0.040502510916752,0.976533954429931,0.435240102271482,0.0325593307318249,0.775232254833912,1.14411706225726e-05,0.0182641234711863,1,0.793496293281835,6.08366648369433e-06,TRUE,TRUE,0.394737690248389,0.775232254833912
"12322","Camk2a","ENSMUSG00000024617",-0.595274490300422,6.48087102424835e-12,-0.0728142137313722,0.88514239346106,-0.668088744698104,1.73370655583859e-12,-0.7534683886358,9.51923482247279e-19,0.039039137330508,1,-0.714429290289567,6.72205436943248e-17,TRUE,TRUE,0.595274490300422,0.7534683886358
"102093","Phkb","ENSMUSG00000036879",-0.633393171282146,2.18307894866355e-12,0.101026004295665,0.8317638194929,-0.532367209970669,1.49212622699307e-07,-0.743792895117383,6.75496986991638e-17,0.0293544965055152,1,-0.714438441577873,1.28423870263825e-15,TRUE,TRUE,0.633393171282146,0.743792895117383
"12373","Casq2","ENSMUSG00000027861",0.0606854368971635,0.868043832305131,-0.0435066057435533,0.978491016077058,0.0171786195722641,0.969516668781856,0.730539005837939,0.00143753916557991,-0.0517989318738268,1,0.678739814848853,0.00332321033839308,FALSE,TRUE,0.0606854368971635,0.730539005837939
"19229","Ptk2b","ENSMUSG00000059456",0.726003074101077,0.0245811468336553,-0.0979650180835045,0.965804647693317,0.628037812174522,0.0973500469947434,0.471518648848753,0.174414255733858,0.147869309702303,1,0.619387718296608,0.0558518685138517,TRUE,FALSE,0.726003074101077,0.471518648848753
"18595","Pdgfra","ENSMUSG00000029231",0.713663076953984,0.000828420804409614,0.102173314897092,0.947673294420002,0.81583619007809,0.000490218753007085,0.401891911905933,0.0896817074644618,-0.0705481153039563,1,0.331343615651719,0.175118033414412,TRUE,FALSE,0.713663076953984,0.401891911905933
"18802","Plcd4","ENSMUSG00000026173",-0.329574446264533,0.153108119138741,-0.0550265602111839,0.973849567601867,-0.38460116082107,0.131732956295316,-0.707385338768745,0.000384668459530565,0.126214163760035,1,-0.581171326291872,0.00449998037768888,FALSE,TRUE,0.329574446264533,0.707385338768745
"320707","Atp2b3","ENSMUSG00000031376",-0.707244972507658,7.47326406731027e-10,-0.206768455559801,0.631143876232784,-0.914013474978111,3.16991881320649e-13,-0.64970468432745,2.59388807341657e-08,-0.234701679617961,1,-0.884406408701089,1.34524863701092e-14,TRUE,TRUE,0.707244972507658,0.64970468432745
"233979","Tpcn2","ENSMUSG00000048677",0.544483033378303,0.0014777002365897,-0.222935335324078,0.732450159343992,0.321547611876513,0.142008106026354,0.703893703433671,5.085902522329e-05,0.00403738585120554,1,0.707931010112388,4.21092831278011e-05,TRUE,TRUE,0.544483033378303,0.703893703433671
"18019","Nfatc2","ENSMUSG00000027544",0.537276317510752,0.000373831596983834,-0.102020086407377,0.906886328145856,0.435256134624346,0.0135178606512499,0.687420093871636,2.78440095934847e-06,0.0891232515554254,1,0.776543248820094,7.78981848052032e-08,TRUE,TRUE,0.537276317510752,0.687420093871636
"20190","Ryr1","ENSMUSG00000030592",-0.675945252863568,1.00199652924648e-14,0.108603981966902,0.800435425716223,-0.567341324747118,6.56775525259536e-09,-0.655318084287549,6.6594311525536e-14,-0.089952471556917,1,-0.745270607723375,8.96764922765305e-18,TRUE,TRUE,0.675945252863568,0.655318084287549
"17295","Met","ENSMUSG00000009376",-0.445138677754989,4.03547072705557e-05,-0.280245555939528,0.324686453148358,-0.725384275533953,3.24280461267532e-10,-0.669332583525915,1.47337238456366e-10,-0.0447228263104688,1,-0.714055447794286,6.59883610975812e-12,TRUE,TRUE,0.445138677754989,0.669332583525915
"72469","Plcd3","ENSMUSG00000020937",-0.652191120196416,0.00170780936976188,0.340455580332966,0.632391485526147,-0.311735624580994,0.256073797656888,-0.222224008993628,0.389973815475114,0.069154716326953,1,-0.153069398944074,0.57734875221207,TRUE,FALSE,0.652191120196416,0.222224008993628
"18682","Phkg1","ENSMUSG00000025537",-0.519372204502266,8.29205218184932e-08,-0.0146384457484864,0.985116731541028,-0.534010700509075,6.30573597450455e-07,-0.634327374850974,2.67855796235402e-11,0.0622164304912627,1,-0.572110993033287,2.4456926947885e-09,TRUE,TRUE,0.519372204502266,0.634327374850974
"14254","Flt1","ENSMUSG00000029648",-0.629899848722622,0.000422989984695214,0.201968704288962,0.807168775883659,-0.427931282919817,0.0485053050102555,-0.587905178849462,0.00114877478887922,0.0111528344673015,1,-0.576752445609259,0.00142715365247295,TRUE,TRUE,0.629899848722622,0.587905178849462
"11937","Atp2a1","ENSMUSG00000030730",-0.567561765475837,2.85182914371744e-17,0.0338057776156938,0.953259046738976,-0.533756025608169,6.72823104879834e-13,-0.615261516414968,3.20060363073268e-20,-0.0329631365339036,1,-0.648224689641332,2.41501784539148e-22,TRUE,TRUE,0.567561765475837,0.615261516414968
"18591","Pdgfb","ENSMUSG00000000489",0.386025800366839,0.0139034094579302,0.190951172684409,0.759240519011232,0.576976882414782,0.000446444813694619,0.612294375018862,2.87142158291613e-05,0.0599970267641277,1,0.672291307032945,3.22943455447333e-06,TRUE,TRUE,0.386025800366839,0.612294375018862
"210044","Adcy2","ENSMUSG00000021536",-0.566748666613561,1.43267662797951e-09,-0.0609258189527782,0.917578742487396,-0.627674522089006,1.02622005146836e-09,-0.608932593322509,6.62576858103827e-11,0.0435492988437323,1,-0.565383329506271,1.59488894157896e-09,TRUE,TRUE,0.566748666613561,0.608932593322509
"12314","Calm2","ENSMUSG00000036438",-0.203401147218735,0.260838564984521,-0.11440324353827,0.888488038034976,-0.317804484709293,0.087814429752219,-0.579762637250053,8.12595752885717e-05,0.216622482601425,1,-0.363140243295476,0.021421239554795,FALSE,TRUE,0.203401147218735,0.579762637250053
"12292","Cacna1s","ENSMUSG00000026407",-0.57871158497337,2.17552585293427e-14,0.0792231893660336,0.853864668865806,-0.499488431084623,3.56404279588444e-09,-0.454671925449001,3.61857819816765e-09,-0.0736264635515121,1,-0.528298424164452,4.16968537017998e-12,TRUE,TRUE,0.57871158497337,0.454671925449001
"12313","Calm1","ENSMUSG00000001175",-0.483077546178565,5.74467486208464e-08,0.0225989780323148,0.976533954429931,-0.460478610988119,3.62801797147203e-06,-0.577812126230132,4.26541246852073e-11,-0.00779740194284382,1,-0.585609569641288,2.18590875477074e-11,TRUE,TRUE,0.483077546178565,0.577812126230132
"12323","Camk2b","ENSMUSG00000057897",-0.57054469056279,5.85392201447534e-12,0.0219762539404911,0.976533954429931,-0.54856847095269,2.31954356663034e-09,-0.524798112238065,3.06781712565913e-10,-0.017815647412315,1,-0.542613794428722,6.56923771710588e-11,TRUE,TRUE,0.57054469056279,0.524798112238065
"110893","Slc8a3","ENSMUSG00000079055",0.56897849959783,8.98304536835063e-08,-0.0958596560336996,0.871011753423003,0.473118778573622,9.39299343835147e-05,0.338842719080633,0.00292252130960423,0.00419916411083056,1,0.34304182502597,0.00246107140170882,TRUE,TRUE,0.56897849959783,0.338842719080633
"12315","Calm3","ENSMUSG00000019370",-0.499861667338771,1.06080591938783e-07,-0.0163498578166239,0.982777474718048,-0.516211569753247,6.92402022883058e-07,-0.568392129606598,9.46377000136601e-10,0.0272541895443025,1,-0.541137982727217,6.5366883940981e-09,TRUE,TRUE,0.499861667338771,0.568392129606598
"19056","Ppp3cb","ENSMUSG00000021816",-0.503231809662681,3.26043256472346e-12,0.0836371874889811,0.81791445505211,-0.419594649920269,2.39505867615709e-07,-0.565908444115249,2.59463698285217e-15,0.0345874869582744,1,-0.531320984400829,1.51446921016319e-13,TRUE,TRUE,0.503231809662681,0.565908444115249
"104111","Adcy3","ENSMUSG00000020654",0.544890931965113,0.0117240360028664,-0.301043648810238,0.682456641243628,0.243847159777062,0.424415976713433,0.0281705011613975,0.934695037265847,-0.0127999555968352,1,0.0153704454478018,0.964167074816208,TRUE,FALSE,0.544890931965113,0.0281705011613975
"13649","Egfr","ENSMUSG00000020122",0.534560561822211,0.0131891897800487,0.241738259127928,0.791865833086665,0.776298650380515,0.000619594321169683,0.254166034318398,0.312730602796473,-0.0254020599801802,1,0.228763832154617,0.370591290267903,TRUE,FALSE,0.534560561822211,0.254166034318398
"14164","Fgf1","ENSMUSG00000036585",-0.532172046630214,0.0257419557397382,0.0323601711871583,0.985116731541028,-0.499812055019431,0.0691745465905664,0.341929057854342,0.18994317026822,-0.0866528861416657,1,0.255275949028038,0.355235506919394,TRUE,FALSE,0.532172046630214,0.341929057854342
"22339","Vegfa","ENSMUSG00000023951",-0.44136507934088,0.0452409154461878,0.191223149371408,0.863848783713921,-0.250142108775377,0.390098517645864,-0.524934641178612,0.0135536017345299,-0.0250758979311724,1,-0.550010740628353,0.00880152760769528,TRUE,TRUE,0.44136507934088,0.524934641178612
"20866","Stim1","ENSMUSG00000030987",-0.522469488168011,1.7712954925392e-28,0.124412127602298,0.358345415468699,-0.398057372521458,4.74301051013937e-14,-0.464775861332655,1.29557965384292e-22,-0.0271578680910293,1,-0.491933742071401,3.13962731412827e-25,TRUE,TRUE,0.522469488168011,0.464775861332655
"14173","Fgf2","ENSMUSG00000037225",-0.503976796890151,0.00837880823308361,0.254894590879396,0.729377507759082,-0.249082293880387,0.330885499642852,-0.363834043145443,0.0741315471687325,0.0419685990087536,1,-0.321865538315299,0.12019665661731,TRUE,FALSE,0.503976796890151,0.363834043145443
"18749","Prkacb","ENSMUSG00000005034",-0.488090305832727,3.02227177178695e-14,0.110311814682764,0.643687520794125,-0.377778508772852,1.92806994058962e-07,-0.493969749107385,1.33353038040988e-14,-0.0654617079430489,1,-0.559431475406,1.79800998006744e-18,TRUE,TRUE,0.488090305832727,0.493969749107385
"11607","Agtr1a","ENSMUSG00000049115",-0.226272053017146,0.439254467214197,0.0836650936805,0.963391826012553,-0.142607094756114,0.704390550875899,-0.491213445765188,0.0487563111511801,0.0606064812378159,1,-0.430607057239775,0.0893304340355509,FALSE,TRUE,0.226272053017146,0.491213445765188
"74055","Plce1","ENSMUSG00000024998",0.287385622019743,0.259978492208933,0.075770723230248,0.963391826012553,0.363156195663187,0.187537702597752,0.477400521296974,0.0395735049765714,0.0253936880247009,1,0.50279407915893,0.0278203041242412,FALSE,TRUE,0.287385622019743,0.477400521296974
"14257","Flt4","ENSMUSG00000020357",-0.437304964396406,0.017046040647406,0.183454458307207,0.827361070672961,-0.253850590289217,0.284156520009029,-0.456699348406714,0.0127378851362986,-0.107446979127759,1,-0.564146404857117,0.00142440803581271,TRUE,TRUE,0.437304964396406,0.456699348406714
"233011","Itpkc","ENSMUSG00000003752",0.184044863646134,0.268918768815605,-0.0218176739591184,0.982777474718048,0.16222712995383,0.414323323960718,0.455996892153455,0.00120672291524912,-0.195347872341337,1,0.260648958617798,0.0962696129744188,FALSE,TRUE,0.184044863646134,0.455996892153455
"76757","Trdn","ENSMUSG00000019787",-0.370444799634597,6.44563246467893e-07,0.0465966769692813,0.917880444137165,-0.323848155050348,0.000122415458605513,-0.450992023850981,6.43806029909433e-10,0.00671541567966885,1,-0.444276640168842,1.18246243832991e-09,TRUE,TRUE,0.370444799634597,0.450992023850981
"94045","P2rx5","ENSMUSG00000005950",0.0649336929816649,0.809006758079684,-0.173641157903626,0.841390831031705,-0.108707573727774,0.706376620867085,0.426167554542777,0.019096904286255,-0.137917133023404,1,0.288250306913763,0.140910174498643,FALSE,TRUE,0.0649336929816649,0.426167554542777
"14205","Vegfd","ENSMUSG00000031380",0.285328324941291,0.101378153419782,-0.0849088505307689,0.929827266908709,0.200419397504184,0.361882904358449,0.418709723689005,0.0097565317673895,-0.131226922576797,1,0.287482720780421,0.0981702834833223,FALSE,TRUE,0.285328324941291,0.418709723689005
"12286","Cacna1a","ENSMUSG00000034656",0.128082513916931,0.552500617606679,0.0241198143650787,0.983360794684686,0.152202258278584,0.524057549732471,0.41747436061665,0.0132651743654063,0.028101167177021,1,0.445575456089704,0.00705699264003016,FALSE,TRUE,0.128082513916931,0.41747436061665
"21925","Tnnc2","ENSMUSG00000017300",-0.292166483099364,0.00368741649257248,-0.0239404090349226,0.976533954429931,-0.316106952384111,0.00461046991804436,-0.404606858427963,2.45069538274633e-05,0.146421225892964,1,-0.258185693564475,0.0115095346656083,TRUE,TRUE,0.292166483099364,0.404606858427963
"65973","Asph","ENSMUSG00000028207",0.302275277461493,0.000990558659459849,0.0115542763399873,0.987356787097628,0.313829511453486,0.00215862517026682,0.391046302032381,1.00333023925233e-05,-0.0181958238809333,1,0.372850431880869,2.69166864037296e-05,TRUE,TRUE,0.302275277461493,0.391046302032381
"94178","Mcoln1","ENSMUSG00000004567",-0.339765603624406,2.02696096653881e-06,-0.122747361492143,0.634017747046347,-0.462512985068813,2.40626564130746e-09,-0.379046456701604,1.32371159662105e-07,0.0666874277954356,1,-0.312359047518331,1.83207490794668e-05,TRUE,TRUE,0.339765603624406,0.379046456701604
"52163","Camk1","ENSMUSG00000030272",-0.29936151291225,8.83107477109455e-06,-0.0193177760938582,0.973764813457834,-0.318679305696833,1.97176063676914e-05,-0.368345589012329,2.75408667867432e-08,0.0951237248999262,1,-0.273221880570202,5.76378276783303e-05,TRUE,TRUE,0.29936151291225,0.368345589012329
"18440","P2rx6","ENSMUSG00000022758",-0.367212550607916,0.000123255183061925,0.045375587424827,0.952646700189239,-0.321836990189024,0.00326320529125482,-0.316508066318717,0.00103940649540165,0.0424988845310247,1,-0.274009212641352,0.00522105704751197,TRUE,TRUE,0.367212550607916,0.316508066318717
"252972","Tpcn1","ENSMUSG00000032741",-0.288018513685644,7.96496176244124e-05,0.0419630602430306,0.927539270492804,-0.246055476441243,0.00330467927604863,-0.359428092797742,4.43713538852709e-07,0.0342769063197821,1,-0.325151208640949,5.96297708905361e-06,TRUE,TRUE,0.288018513685644,0.359428092797742
"12494","Cd38","ENSMUSG00000029084",-0.188994800383206,0.311646249001458,0.243418226252297,0.637606483035447,0.0544233633191035,0.843023056465343,-0.356120290528863,0.0273282646541727,0.250260745117445,1,-0.105859606921951,0.603085947483414,FALSE,TRUE,0.188994800383206,0.356120290528863
"11740","Slc25a5","ENSMUSG00000016319",0.351709007345799,0.0131619154777401,-0.387916014201587,0.208115416831294,-0.0362070899557135,0.889340971851665,0.332812346480679,0.0207380466080723,0.0705029543364442,1,0.403315226557444,0.00358727338817505,TRUE,TRUE,0.351709007345799,0.332812346480679
"18018","Nfatc1","ENSMUSG00000033016",-0.330564132912687,0.0140603208400886,0.0290414900915811,0.976533954429931,-0.301522707788712,0.0528396626459529,-0.345274850488971,0.00983859271243517,-0.0957899335187698,1,-0.441064845783734,0.000581571893133758,TRUE,TRUE,0.330564132912687,0.345274850488971
"228785","Mylk2","ENSMUSG00000027470",-0.252595499911107,0.0479268167400555,0.106218063232037,0.867625844783642,-0.146377512013624,0.382783683052094,-0.342112407423637,0.00453057080936429,0.114527731920729,1,-0.227584749275682,0.0782145696856405,TRUE,TRUE,0.252595499911107,0.342112407423637
"22335","Vdac3","ENSMUSG00000008892",-0.25433468525975,0.00139390479260782,0.0185290055059696,0.976533954429931,-0.235805707666183,0.00941093058630287,-0.337846697516606,9.99323780844097e-06,0.127764683920388,1,-0.210082042354919,0.0100215450964482,TRUE,TRUE,0.25433468525975,0.337846697516606
"18750","Prkca","ENSMUSG00000050965",-0.193976784633504,0.0517846463394321,0.140340657839941,0.668767416212503,-0.0536361619167091,0.730419727883194,-0.337369180508518,0.000186743058780306,-0.148110328735451,1,-0.48547954575564,2.07230442989188e-08,FALSE,TRUE,0.193976784633504,0.337369180508518
"16440","Itpr3","ENSMUSG00000042644",-0.335232151780438,0.00570647576217961,-0.0255324680395447,0.976987021983772,-0.3607646647037,0.00792521983077429,-0.277146936369094,0.0432409043012553,0.0200126982233806,1,-0.257134271518709,0.0621583379871398,TRUE,TRUE,0.335232151780438,0.277146936369094
"11739","Slc25a4","ENSMUSG00000031633",-0.271185083360048,0.00357404149760831,-0.0179514020793335,0.978038625088772,-0.289136535483504,0.00521202719744783,-0.332723157083112,0.000222209724869232,0.128716577746278,1,-0.204006630853947,0.0360852647334351,TRUE,TRUE,0.271185083360048,0.332723157083112
"13645","Egf","ENSMUSG00000028017",0.313848688697966,0.0104993430245349,-0.106371873748776,0.867625844783642,0.20747675275138,0.175522291040881,0.177441260513007,0.196598204815973,0.0511458760131346,1,0.228587077870925,0.0775861979884071,TRUE,FALSE,0.313848688697966,0.177441260513007
"12372","Casq1","ENSMUSG00000007122",-0.214878524528041,0.123258175771387,-0.03654243322272,0.971509095976184,-0.251421045830963,0.102292887471793,-0.309087593734378,0.0167241638031213,0.141265117982263,1,-0.167822565040375,0.246921130176056,FALSE,TRUE,0.214878524528041,0.309087593734378
"22333","Vdac1","ENSMUSG00000020402",-0.307437621941383,1.28549195497093e-05,0.0744375107727355,0.83840534987482,-0.233000140321012,0.00459823226679526,-0.284924140746943,6.05341159540221e-05,0.0997589879699439,1,-0.185165182654389,0.0144307002322808,TRUE,TRUE,0.307437621941383,0.284924140746943
"19057","Ppp3cc","ENSMUSG00000022092",-0.271167919391355,8.7769729852508e-07,0.128150138407428,0.401367302003784,-0.143017791828395,0.0357228434491206,-0.301405713431745,2.78607892979909e-08,0.0876982699172361,1,-0.21370745486195,0.000127266124657261,TRUE,TRUE,0.271167919391355,0.301405713431745
"18021","Nfatc3","ENSMUSG00000031902",-0.288319908224341,0.000668740892493431,0.100558099951874,0.790944050702646,-0.187761835674299,0.0706742125550622,-0.298760998091737,0.000404847176905294,-0.0927937794257508,1,-0.391554804877138,1.60829879909781e-06,TRUE,TRUE,0.288319908224341,0.298760998091737
"21425","Tfeb","ENSMUSG00000023990",-0.286434651011313,0.0108469764071931,-0.166467510968569,0.667345476815605,-0.452902210271932,0.000113615025903804,-0.182150521299825,0.138680901740994,-0.102490615729649,1,-0.284641185321845,0.0112514745092497,TRUE,FALSE,0.286434651011313,0.182150521299825
"110094","Phka2","ENSMUSG00000031295",-0.0729411018092296,0.618888067065107,-0.0730401313789953,0.90199555014652,-0.145981267107895,0.312783163120741,-0.281924003973793,0.0102110127759695,0.0691653694669141,1,-0.212758665155309,0.0623617156964722,FALSE,TRUE,0.0729411018092296,0.281924003973793
"18803","Plcg1","ENSMUSG00000016933",-0.234651756563344,0.0234189491061037,0.0486998612173538,0.945696212007551,-0.185951932317668,0.134197265778608,-0.280652043960935,0.00554026817514661,0.0652712138875681,1,-0.215380862536632,0.040886668203484,TRUE,TRUE,0.234651756563344,0.280652043960935
"22334","Vdac2","ENSMUSG00000021771",-0.207503630406116,0.011550994046851,-0.0481497743984618,0.917578742487396,-0.255653434241033,0.00415514348520778,-0.253223310781585,0.00142235223303771,0.0569829636209137,1,-0.196240377464501,0.0174287853269627,TRUE,TRUE,0.207503630406116,0.253223310781585
"19058","Ppp3r1","ENSMUSG00000033953",-0.194538840371147,0.000986812982021772,-0.0401361612617388,0.906886328145856,-0.23467501730595,0.000265256074681882,-0.242761302452154,2.34483738570205e-05,0.00670740328592511,1,-0.236053914382018,3.91550600940605e-05,TRUE,TRUE,0.194538840371147,0.242761302452154
"15464","Hrc","ENSMUSG00000038239",-0.196840699801216,0.00423401304502747,0.116566452689147,0.605387809040604,-0.0802742715337598,0.406472632444415,-0.16316479456042,0.0216282660040516,-0.0232218648470396,1,-0.186386684837058,0.00697893779684624,TRUE,TRUE,0.196840699801216,0.16316479456042
"12325","Camk2g","ENSMUSG00000021820",-0.190465315936287,0.0259846376676111,-0.0658192041958759,0.878915804357942,-0.256284551402588,0.00500780600502563,-0.0942336045281207,0.340367512947644,-0.134003643290767,1,-0.22823727992317,0.00562271172504227,TRUE,FALSE,0.190465315936287,0.0942336045281207
"14683","Gnas","ENSMUSG00000027523",-0.12798465709968,0.00424317459445053,-0.0413937897793818,0.860965466691749,-0.169378457679399,0.000420659041517528,-0.151855221094694,0.000488482357297724,-0.0475391283866794,1,-0.199394360249312,2.05397790800016e-06,TRUE,TRUE,0.12798465709968,0.151855221094694
"67972","Atp2b1","ENSMUSG00000019943",0.0311478404473062,0.719767396699549,-0.0391369750384577,0.907657526431152,-0.00798915017696769,0.944394203066918,-0.130808820720285,0.0372153375721587,-0.0693217048989462,1,-0.200130540768568,0.000601142848346888,FALSE,TRUE,0.0311478404473062,0.130808820720285
"18747","Prkaca","ENSMUSG00000005469",-0.0855148848156197,0.084866413448174,-0.0454113097222703,0.839758395505448,-0.130926203503977,0.0112595359379629,-0.120414276191851,0.00947974152935573,0.000353218097255626,1,-0.120061067142929,0.00930744469121691,FALSE,TRUE,0.0855148848156197,0.120414276191851
