"ENTREZID","SYMBOL","ENSEMBL","log2FC_sh190_Disease","padj_sh190_Disease","log2FC_sh190_Treatment_vs_KO","padj_sh190_Treatment_vs_KO","log2FC_sh190_Treatment_vs_WT","padj_sh190_Treatment_vs_WT","log2FC_MOE_Disease","padj_MOE_Disease","log2FC_MOE_Treatment_vs_KO","padj_MOE_Treatment_vs_KO","log2FC_MOE_Treatment_vs_WT","padj_MOE_Treatment_vs_WT"
"56636","Fgf21","ENSMUSG00000030827",4.96808208160551,0.000347659677784446,NA,NA,5.24846901863301,0.000290323863596072,5.28255802777422,0.000111939596842642,-0.182307752159659,1,5.10024690015663,0.000207017813212929
"66402","Sln","ENSMUSG00000042045",3.76951173930241,1.58545595452832e-15,-0.438845806207867,0.865935772280055,3.3306644601954,1.72458773768553e-10,3.80426462117227,4.56003604666635e-16,-0.576901784190034,1,3.22736134469524,1.07176457583926e-11
"80796","Calm4","ENSMUSG00000033765",-2.80148909729024,0.0214535814873215,NA,NA,-2.35186957507082,0.0980773351240165,-0.059961664713188,0.976819669679147,1.90527816560814,1,1.84531772754926,0.161448799244004
"12426","Cckbr","ENSMUSG00000030898",2.79781387432379,0.259886750087125,NA,NA,1.6340437418925,0.64464098422302,4.2993210345189,0.0447537152165032,-0.760239027991447,1,3.53906563786808,0.116046516660648
"14811","Grin2a","ENSMUSG00000059003",2.55155410510952,0.232731895422825,NA,NA,3.67234789103132,0.0727452569085285,3.14840521179847,0.106940921955747,0.619311378708699,1,3.76771182404307,0.0389347262686129
"18216","Ntsr1","ENSMUSG00000027568",2.54326039390527,0.159952220189298,NA,NA,4.23943749355568,0.00729744119573424,4.45444743487036,0.00214552262793787,-0.190787423855198,1,4.26365583899001,0.00355931589073584
"68279","Mcoln2","ENSMUSG00000011008",2.34340983050032,0.000830282987631234,NA,NA,1.64810545561935,0.0523708126588198,1.51040183523533,0.0237951291148927,-0.0341340785055975,1,1.47626687257907,0.0271820310600786
"15235","Mst1","ENSMUSG00000032591",2.22478768095042,0.346973165022251,NA,NA,2.24117925777595,0.405221163723609,2.95774363748994,0.135319527867085,-2.24166670480029,1,0.716064668989814,0.795882944329467
"21336","Tacr1","ENSMUSG00000030043",2.08856724706058,0.353969246475678,NA,NA,3.08966905065708,0.154329796394414,1.8977904327462,0.387675245775053,0.413562565242563,1,2.31134905706775,0.259986322904077
"14172","Fgf18","ENSMUSG00000057967",2.07017400708481,0.000171509643367267,-0.233989906527169,0.949078752479976,1.8361832561251,0.00313071565701234,1.01681740568681,0.0752100374793658,-0.134344151224325,1,0.882472537622132,0.132616157992364
"15234","Hgf","ENSMUSG00000028864",2.03536977826016,0.00291099245799118,NA,NA,1.89910739208273,0.0124848887624454,0.577749410898202,0.445397977593945,-0.122169923609898,1,0.455578922872109,0.564430548970653
"19204","Ptafr","ENSMUSG00000056529",1.99622626912577,4.3799462379106e-11,0.222564951573034,0.887591746425957,2.21879091303435,8.60695332415865e-12,0.978929717075277,0.00113457061238079,-0.129017765123537,1,0.849911624272249,0.0056877022198309
"11938","Atp2a2","ENSMUSG00000029467",1.80694041816737,1.82010609697784e-24,-0.296492565614545,0.669692812473393,1.51044761590477,1.70528000134381e-14,1.8330520973778,3.86602909693394e-25,-0.0549893131618382,1,1.77806255560297,1.19155840330585e-23
"18796","Plcb2","ENSMUSG00000040061",1.64652852276046,0.00069405305955565,-0.337000362999032,0.885664516026572,1.30952759931487,0.0212383641297242,1.08070380708552,0.0241529831802104,-0.183463016234721,1,0.897240210217083,0.0713532244674139
"227541","Camk1d","ENSMUSG00000039145",1.61666784341613,2.13298326559058e-16,-0.193029998397637,0.858056002680402,1.42363766368508,6.51408745686719e-11,1.26722677189271,9.51404117960276e-11,-0.390034708657646,1,0.877191881773058,1.7283821145139e-05
"21924","Tnnc1","ENSMUSG00000091898",1.61252343139658,0.0410856826486551,-0.354080270312635,0.9464470867906,1.25844141204704,0.187451527898758,1.54594044076246,0.0494347998586981,0.323796868333509,1,1.86973454901783,0.0134750683407245
"14816","Grm1","ENSMUSG00000019828",-1.59866171559769,0.00297545027450175,-0.28897873626527,0.943647750003555,-1.88764045228611,0.00197221891543807,-2.53053495344647,6.72433100496825e-07,-0.0898820720999677,1,-2.62041689739258,2.70018059409353e-07
"69563","Mrln","ENSMUSG00000019933",-1.57824711610072,1.82911652661096e-15,0.530231202640842,0.341436531197211,-1.04801596021095,3.54656321829414e-06,-1.80791244307228,1.99485099517117e-20,0.227671085437953,1,-1.5802414384672,7.32701628719276e-16
"80903","Fgf16","ENSMUSG00000031230",1.45284908506173,0.0420390758688163,NA,NA,1.01417649345143,0.26009422366914,0.651853603187788,0.407518828168969,-0.429597217170624,1,0.222255673987906,0.814252169791623
"20191","Ryr2","ENSMUSG00000021313",1.42002358750583,0.0276012560212628,NA,NA,1.93072579685865,0.00294658359545932,0.734415611007584,0.277097412364134,-0.253901603405963,1,0.480513487110976,0.518820116232825
"14814","Grin2d","ENSMUSG00000002771",1.17537047281844,0.00282147281985598,NA,NA,0.699804527161383,0.170357928045083,1.1172943999721,0.0180708551931129,-0.321421987484509,1,0.795872133681856,0.122166524482865
"14175","Fgf4","ENSMUSG00000050917",1.16280777487436,0.563086971656681,NA,NA,0.604904568446861,0.823182233022718,2.26778805633523,0.159217450837468,-3.84538752602435,0.963700605710464,-1.57760755395103,0.495292614522724
"18439","P2rx7","ENSMUSG00000029468",1.06782405260846,2.44316769099387e-06,-0.159935114164118,0.898588730518304,0.907888733789439,0.000434988471565658,0.943420191440355,7.62507451775899e-05,0.0529855378615116,1,0.996405575085956,2.3635530845801e-05
"16867","Lhcgr","ENSMUSG00000024107",-1.05124989621816,0.315995906364978,NA,NA,-2.19120642618011,0.0879093596979685,-0.710519287560568,0.592778952475456,0.135485020157328,1,-0.575033695499584,0.665606061330216
"11556","Adrb3","ENSMUSG00000031489",1.01351812850912,0.37555225382854,NA,NA,2.83594181855559,0.0027209746719644,1.4680428952202,0.116284786752244,-0.594728126785632,1,0.873313097594612,0.41081687479858
"18438","P2rx4","ENSMUSG00000029470",0.93992232198146,1.09426625731575e-12,-0.129901599869354,0.845644906980121,0.810020657175374,3.96917348003363e-08,0.834095114980978,5.54770197617853e-10,-0.026237113700958,1,0.807857940750368,2.04692196028405e-09
"228139","P2rx3","ENSMUSG00000027071",0.930683186757021,0.0569520645074968,NA,NA,0.685492968799025,0.257563814456846,0.999613271238046,0.0612223238717182,0.0126049524196372,1,1.01221787097763,0.0555247973739204
"18125","Nos1","ENSMUSG00000029361",-0.925960809856256,5.0681074083078e-07,0.00111565033758513,0.998874652672042,-0.924845311670961,6.44607868135858e-06,-1.07437348560031,3.21961130274291e-09,-0.0915673080612317,1,-1.16594093738505,1.00180303292842e-10
"12767","Cxcr4","ENSMUSG00000045382",0.91975403630445,7.12858361722075e-06,0.0396944451462173,0.978038625088772,0.959448350101129,1.92071912654329e-05,0.274912394100997,0.262269471959699,-0.0206907009848795,1,0.254221571740187,0.303848799504272
"238564","Mylk4","ENSMUSG00000044951",-0.91701025388266,4.84448401610475e-07,-0.361181076536967,0.531909053813586,-1.27819153773864,5.99764962040992e-11,-0.818312314985774,9.28553002443363e-06,0.0361259687615013,1,-0.782186538754605,2.37985933563412e-05
"11513","Adcy7","ENSMUSG00000031659",0.89677744694896,0.000859371561110346,0.0598950201003279,0.976533954429931,0.956672206692822,0.00131240255139976,0.713079256194619,0.0101124823678304,-0.10217869046932,1,0.61090028273077,0.0314374079310105
"14676","Gna15","ENSMUSG00000034792",0.892692412315196,0.0856687774873897,NA,NA,1.38750167912736,0.00611794052030709,0.673460261361308,0.161331020578876,-0.794093707926409,1,-0.120633865977569,0.857770437197417
"18049","Ngf","ENSMUSG00000027859",0.8428240307663,0.270963399216562,-0.944839172445452,0.682593694410684,-0.102016096543318,0.936581562740551,1.84102666976573,0.00430997090694177,-0.535003559691033,1,1.30602146721317,0.0579867527989533
"75600","Calml4","ENSMUSG00000032246",0.840397066293305,0.0294349329365007,0.140693972261012,0.95562173639943,0.981090873169924,0.0169694965060808,-0.139931813358731,0.757756441893994,0.443115090213761,1,0.30318308635957,0.423330720769313
"13869","Erbb4","ENSMUSG00000062209",-0.831942282700025,0.277778681249429,NA,NA,0.452379823478304,0.625193834509307,0.0657463793821886,0.947903568896884,0.230911904437521,1,0.296657819200089,0.726926082319898
"14183","Fgfr2","ENSMUSG00000030849",-0.828845448665164,0.65952030515679,-0.00843080312009032,0.998849936001059,-0.837278037431799,0.701371564380756,1.58970381455448,0.323212807409601,-0.284637167725293,1,1.30506095105467,0.433092583250544
"11515","Adcy9","ENSMUSG00000005580",-0.820199907084305,9.76810593598846e-09,0.106085568087228,0.903860848340634,-0.714114414247377,9.45270339440142e-06,-0.925979126915646,6.02205976917614e-11,-0.123718599661126,1,-1.04969780101935,7.97927783137879e-14
"20541","Slc8a1","ENSMUSG00000054640",-0.799963843779099,6.29821400414959e-09,0.193532361156952,0.749097052021563,-0.606431540815402,0.000123027720469013,-1.06432814075959,2.16164828088535e-15,-0.0936607995482572,1,-1.1579890046129,5.08932577425838e-18
"18751","Prkcb","ENSMUSG00000052889",0.796799167631028,0.0875209899305439,0.0278388559127357,0.991038896050248,0.824637744675041,0.115648752350697,0.536584304742433,0.23931302152985,-0.361862779700773,1,0.174721048016329,0.75621837010469
"116873","Stim2","ENSMUSG00000039156",-0.776427833773133,5.41345639171659e-16,0.0504867788241337,0.947604863586853,-0.725941090087615,8.13610216437189e-12,-0.648710728951981,2.64313259852032e-11,-0.0381173298331523,1,-0.686828094749669,1.38810608142951e-12
"11514","Adcy8","ENSMUSG00000022376",0.776356015628497,0.659538785919435,NA,NA,1.09033976122243,0.548985626177407,2.91317628603794,0.0836698039189175,-0.633799274949116,1,2.27937414439413,0.209432832737525
"15559","Htr2b","ENSMUSG00000026228",0.760403781092776,0.489146786918947,NA,NA,0.325736198971404,0.831137278928495,1.06748020255513,0.313774008531249,-1.66847000750439,1,-0.600991503605981,0.647586551409373
"19229","Ptk2b","ENSMUSG00000059456",0.726003074101077,0.0245811468336553,-0.0979650180835045,0.965804647693317,0.628037812174522,0.0973500469947434,0.471518648848753,0.174414255733858,0.147869309702303,1,0.619387718296608,0.0558518685138517
"18595","Pdgfra","ENSMUSG00000029231",0.713663076953984,0.000828420804409614,0.102173314897092,0.947673294420002,0.81583619007809,0.000490218753007085,0.401891911905933,0.0896817074644618,-0.0705481153039563,1,0.331343615651719,0.175118033414412
"80857","Fgf20","ENSMUSG00000031603",0.711782211221823,0.428438471595046,NA,NA,0.883616247915936,0.356452995287696,0.675657181726582,0.433328273126593,0.0857119162276124,1,0.761368390822569,0.357090049190509
"14062","F2r","ENSMUSG00000048376",0.708417200411025,5.79210382077388e-06,-0.118623966624773,0.891600286588341,0.589793128787112,0.000987431975114662,0.974156079753294,2.65755398648401e-10,0.138422787309501,1,1.11257877037458,2.76958716765508e-13
"320707","Atp2b3","ENSMUSG00000031376",-0.707244972507658,7.47326406731027e-10,-0.206768455559801,0.631143876232784,-0.914013474978111,3.16991881320649e-13,-0.64970468432745,2.59388807341657e-08,-0.234701679617961,1,-0.884406408701089,1.34524863701092e-14
"18679","Phka1","ENSMUSG00000034055",-0.69893817927908,5.30672675398159e-09,-0.0410261175964173,0.967485962149412,-0.739964378914863,2.04544582522827e-08,-0.787491431335847,3.00475739590107e-11,0.0562671743101752,1,-0.731224334470626,8.13424908961684e-10
"20190","Ryr1","ENSMUSG00000030592",-0.675945252863568,1.00199652924648e-14,0.108603981966902,0.800435425716223,-0.567341324747118,6.56775525259536e-09,-0.655318084287549,6.6594311525536e-14,-0.089952471556917,1,-0.745270607723375,8.96764922765305e-18
"70086","Cysltr2","ENSMUSG00000033470",-0.675380037044984,0.610493764195381,NA,NA,0.675170313151378,0.599467801881543,-0.816332452205854,0.36778822055151,-0.442241012409806,1,-1.25857420456194,0.145949893142617
"15558","Htr2a","ENSMUSG00000034997",0.670271935978736,0.191434894300749,NA,NA,0.408683299186439,0.54645311813649,0.00477379520004618,0.995152453629787,0.12886401404845,1,0.133637724005901,0.854328437181518
"170483","Grin3b","ENSMUSG00000035745",-0.654945005094663,0.280850747819702,NA,NA,-0.559805691371463,0.442719645580106,-0.242606272633332,0.738527928362653,-0.0337452267926343,1,-0.276351749689259,0.69839904872499
"72469","Plcd3","ENSMUSG00000020937",-0.652191120196416,0.00170780936976188,0.340455580332966,0.632391485526147,-0.311735624580994,0.256073797656888,-0.222224008993628,0.389973815475114,0.069154716326953,1,-0.153069398944074,0.57734875221207
"20698","Sphk1","ENSMUSG00000061878",0.652078599455596,0.11175789942274,-0.560760131521156,0.659163249394877,0.0913179628423309,0.89773127900739,1.22104796662872,0.00407992723609438,-0.223165405348291,1,0.99788227036536,0.0242007616520928
"269717","Orai2","ENSMUSG00000039747",0.651177939355043,0.0208898529955021,0.0391223637581099,0.983982950945192,0.690300107974802,0.0274013816405069,1.24989956291098,2.11669619345285e-06,0.04979460301457,1,1.29969394959887,6.73908198751287e-07
"15465","Hrh1","ENSMUSG00000053004",0.642104585737365,0.18246793921871,NA,NA,0.590292516913326,0.295458148381439,-0.134251975160289,0.836386854143788,0.428644968132478,1,0.294392854570893,0.595264891828404
"64654","Fgf23","ENSMUSG00000000182",-0.634406520096566,0.793539094863933,NA,NA,-1.66675088646553,0.527957180610377,-0.680992318837423,0.683542885682319,-0.716392848496202,1,-1.39738835256677,0.376649014032051
"102093","Phkb","ENSMUSG00000036879",-0.633393171282146,2.18307894866355e-12,0.101026004295665,0.8317638194929,-0.532367209970669,1.49212622699307e-07,-0.743792895117383,6.75496986991638e-17,0.0293544965055152,1,-0.714438441577873,1.28423870263825e-15
"14813","Grin2c","ENSMUSG00000020734",-0.630522648124864,0.571570615118241,NA,NA,-0.0371894733414342,0.981420052952469,0.0961725494183167,0.949759882887756,-0.132360038339792,1,-0.0361874014149896,0.981576921056158
"14254","Flt1","ENSMUSG00000029648",-0.629899848722622,0.000422989984695214,0.201968704288962,0.807168775883659,-0.427931282919817,0.0485053050102555,-0.587905178849462,0.00114877478887922,0.0111528344673015,1,-0.576752445609259,0.00142715365247295
"12322","Camk2a","ENSMUSG00000024617",-0.595274490300422,6.48087102424835e-12,-0.0728142137313722,0.88514239346106,-0.668088744698104,1.73370655583859e-12,-0.7534683886358,9.51923482247279e-19,0.039039137330508,1,-0.714429290289567,6.72205436943248e-17
"12292","Cacna1s","ENSMUSG00000026407",-0.57871158497337,2.17552585293427e-14,0.0792231893660336,0.853864668865806,-0.499488431084623,3.56404279588444e-09,-0.454671925449001,3.61857819816765e-09,-0.0736264635515121,1,-0.528298424164452,4.16968537017998e-12
"21390","Tbxa2r","ENSMUSG00000034881",-0.570846122660256,0.369461554192995,NA,NA,-0.165233739893469,0.853688942041956,-0.215263756096228,0.741490178106633,0.205227467441621,1,-0.0100366457233034,0.989130881434796
"12323","Camk2b","ENSMUSG00000057897",-0.57054469056279,5.85392201447534e-12,0.0219762539404911,0.976533954429931,-0.54856847095269,2.31954356663034e-09,-0.524798112238065,3.06781712565913e-10,-0.017815647412315,1,-0.542613794428722,6.56923771710588e-11
"110893","Slc8a3","ENSMUSG00000079055",0.56897849959783,8.98304536835063e-08,-0.0958596560336996,0.871011753423003,0.473118778573622,9.39299343835147e-05,0.338842719080633,0.00292252130960423,0.00419916411083056,1,0.34304182502597,0.00246107140170882
"11937","Atp2a1","ENSMUSG00000030730",-0.567561765475837,2.85182914371744e-17,0.0338057776156938,0.953259046738976,-0.533756025608169,6.72823104879834e-13,-0.615261516414968,3.20060363073268e-20,-0.0329631365339036,1,-0.648224689641332,2.41501784539148e-22
"210044","Adcy2","ENSMUSG00000021536",-0.566748666613561,1.43267662797951e-09,-0.0609258189527782,0.917578742487396,-0.627674522089006,1.02622005146836e-09,-0.608932593322509,6.62576858103827e-11,0.0435492988437323,1,-0.565383329506271,1.59488894157896e-09
"104111","Adcy3","ENSMUSG00000020654",0.544890931965113,0.0117240360028664,-0.301043648810238,0.682456641243628,0.243847159777062,0.424415976713433,0.0281705011613975,0.934695037265847,-0.0127999555968352,1,0.0153704454478018,0.964167074816208
"233979","Tpcn2","ENSMUSG00000048677",0.544483033378303,0.0014777002365897,-0.222935335324078,0.732450159343992,0.321547611876513,0.142008106026354,0.703893703433671,5.085902522329e-05,0.00403738585120554,1,0.707931010112388,4.21092831278011e-05
"234779","Plcg2","ENSMUSG00000034330",0.541626235230969,0.101671159758035,0.106669673691833,0.963391826012553,0.648295684748274,0.0716355376492502,0.2010641312119,0.616830652471784,0.214717383555746,1,0.415781313626683,0.221570945125196
"18019","Nfatc2","ENSMUSG00000027544",0.537276317510752,0.000373831596983834,-0.102020086407377,0.906886328145856,0.435256134624346,0.0135178606512499,0.687420093871636,2.78440095934847e-06,0.0891232515554254,1,0.776543248820094,7.78981848052032e-08
"13649","Egfr","ENSMUSG00000020122",0.534560561822211,0.0131891897800487,0.241738259127928,0.791865833086665,0.776298650380515,0.000619594321169683,0.254166034318398,0.312730602796473,-0.0254020599801802,1,0.228763832154617,0.370591290267903
"14164","Fgf1","ENSMUSG00000036585",-0.532172046630214,0.0257419557397382,0.0323601711871583,0.985116731541028,-0.499812055019431,0.0691745465905664,0.341929057854342,0.18994317026822,-0.0866528861416657,1,0.255275949028038,0.355235506919394
"14184","Fgfr3","ENSMUSG00000054252",0.523716719487696,0.161834343912672,-0.0657166640996021,0.978038625088772,0.457999600067245,0.305335091694571,0.89943395604141,0.00828167065722125,-0.171522875095111,1,0.727910748220241,0.0389216710710604
"20866","Stim1","ENSMUSG00000030987",-0.522469488168011,1.7712954925392e-28,0.124412127602298,0.358345415468699,-0.398057372521458,4.74301051013937e-14,-0.464775861332655,1.29557965384292e-22,-0.0271578680910293,1,-0.491933742071401,3.13962731412827e-25
"11550","Adra1d","ENSMUSG00000027335",-0.522093583111992,0.21839341614666,0.712210402252997,0.471402813232202,0.190116658374849,0.745477955342617,0.0449624234343377,0.944990991618047,0.407748352612836,1,0.452710662555149,0.322809720040352
"18682","Phkg1","ENSMUSG00000025537",-0.519372204502266,8.29205218184932e-08,-0.0146384457484864,0.985116731541028,-0.534010700509075,6.30573597450455e-07,-0.634327374850974,2.67855796235402e-11,0.0622164304912627,1,-0.572110993033287,2.4456926947885e-09
"14173","Fgf2","ENSMUSG00000037225",-0.503976796890151,0.00837880823308361,0.254894590879396,0.729377507759082,-0.249082293880387,0.330885499642852,-0.363834043145443,0.0741315471687325,0.0419685990087536,1,-0.321865538315299,0.12019665661731
"19056","Ppp3cb","ENSMUSG00000021816",-0.503231809662681,3.26043256472346e-12,0.0836371874889811,0.81791445505211,-0.419594649920269,2.39505867615709e-07,-0.565908444115249,2.59463698285217e-15,0.0345874869582744,1,-0.531320984400829,1.51446921016319e-13
"12315","Calm3","ENSMUSG00000019370",-0.499861667338771,1.06080591938783e-07,-0.0163498578166239,0.982777474718048,-0.516211569753247,6.92402022883058e-07,-0.568392129606598,9.46377000136601e-10,0.0272541895443025,1,-0.541137982727217,6.5366883940981e-09
"14680","Gnal","ENSMUSG00000024524",0.497869702696367,0.257346609071455,-0.349476510338659,0.853527386051949,0.148392858966217,0.823410922267811,0.965933882359473,0.0106614811768266,-0.430350157810612,1,0.535583282207193,0.209432832737525
"18749","Prkacb","ENSMUSG00000005034",-0.488090305832727,3.02227177178695e-14,0.110311814682764,0.643687520794125,-0.377778508772852,1.92806994058962e-07,-0.493969749107385,1.33353038040988e-14,-0.0654617079430489,1,-0.559431475406,1.79800998006744e-18
"12062","Bdkrb2","ENSMUSG00000021070",-0.483678007987181,0.29684584585702,0.334657220529177,0.869855670359711,-0.1490210476133,0.824997142317704,0.363780836388655,0.498483205021231,0.0098312275891948,1,0.373611852975868,0.478438704728338
"12313","Calm1","ENSMUSG00000001175",-0.483077546178565,5.74467486208464e-08,0.0225989780323148,0.976533954429931,-0.460478610988119,3.62801797147203e-06,-0.577812126230132,4.26541246852073e-11,-0.00779740194284382,1,-0.585609569641288,2.18590875477074e-11
"11441","Chrna7","ENSMUSG00000030525",0.480324173621002,0.739621170234565,NA,NA,0.675985249268687,0.659679334326125,1.42806403696776,0.253436705877774,-0.438612994186572,1,0.989449625415603,0.474232816028783
"21802","Tgfa","ENSMUSG00000029999",-0.477394232411265,0.498718725131212,NA,NA,0.0684735347732601,0.94561773924452,-0.870197482983434,0.182078841770072,0.165561530628004,1,-0.704635858316361,0.287172463912442
"215303","Camk1g","ENSMUSG00000016179",0.462610588191298,0.659989278747985,NA,NA,0.371578420846853,0.77107213976655,1.23153740634968,0.165893735562576,-0.445153619486671,1,0.78638270888205,0.428505867412516
"11548","Adra1b","ENSMUSG00000050541",0.462503446990684,0.652868287027782,NA,NA,0.157611867026777,0.913837150490133,0.544909444171065,0.56155483218194,0.171738398184145,1,0.716647095060514,0.408240535685881
"18795","Plcb1","ENSMUSG00000051177",-0.45633367981965,0.145880400504069,0.268256266664538,0.849708927622043,-0.18807760097145,0.673139444961171,-0.288332308902572,0.427613736811369,0.407104215125898,1,0.118771808758536,0.769769445843547
"18574","Pde1b","ENSMUSG00000022489",0.447873838412839,0.212405763199699,0.400223753124827,0.728841205553235,0.848097374947421,0.014522475615197,0.340728629908362,0.372485974801909,0.114138229501998,1,0.454866666797487,0.197738059688763
"16542","Kdr","ENSMUSG00000062960",-0.44608026777981,0.203289050552235,0.568403327837725,0.527990109276412,0.122322786856932,0.819649013274465,-0.363498499433992,0.317212456201215,0.0335434211518006,1,-0.329955422790236,0.370310751324406
"17295","Met","ENSMUSG00000009376",-0.445138677754989,4.03547072705557e-05,-0.280245555939528,0.324686453148358,-0.725384275533953,3.24280461267532e-10,-0.669332583525915,1.47337238456366e-10,-0.0447228263104688,1,-0.714055447794286,6.59883610975812e-12
"20192","Ryr3","ENSMUSG00000057378",0.44339574845634,0.333917170327089,0.271504234684256,0.887742928142941,0.714899727889639,0.120523125990695,-0.241363654097258,0.619942553854799,-0.134699938153527,1,-0.376063864897674,0.399509964136533
"22339","Vegfa","ENSMUSG00000023951",-0.44136507934088,0.0452409154461878,0.191223149371408,0.863848783713921,-0.250142108775377,0.390098517645864,-0.524934641178612,0.0135536017345299,-0.0250758979311724,1,-0.550010740628353,0.00880152760769528
"14257","Flt4","ENSMUSG00000020357",-0.437304964396406,0.017046040647406,0.183454458307207,0.827361070672961,-0.253850590289217,0.284156520009029,-0.456699348406714,0.0127378851362986,-0.107446979127759,1,-0.564146404857117,0.00142440803581271
"231602","P2rx2","ENSMUSG00000029503",0.423828399977653,0.885605338260772,NA,NA,-0.737402970756234,0.831137278928495,3.79745825504319,0.0877437123750529,0.229065964662108,1,4.02651568703105,0.0636861660013665
"18752","Prkcg","ENSMUSG00000078816",0.412687267413532,0.264092565635363,0.0246074440834832,0.989845415491391,0.437294410047891,0.297338540794083,0.105466812835591,0.821878279140458,0.146273988650035,1,0.25174060310717,0.535791741429701
"19220","Ptgfr","ENSMUSG00000028036",0.409351123480366,0.335861083515895,-0.0141059412321774,0.993535202893366,0.395244858733011,0.425541799985862,-0.272954767265405,0.565000590320098,0.0497134295467329,1,-0.223241488440612,0.644050633984146
"13866","Erbb2","ENSMUSG00000062312",0.394737690248389,0.0320317879887228,0.040502510916752,0.976533954429931,0.435240102271482,0.0325593307318249,0.775232254833912,1.14411706225726e-05,0.0182641234711863,1,0.793496293281835,6.08366648369433e-06
"54635","Pdgfc","ENSMUSG00000028019",0.388760176312201,0.22004532874934,0.666987476051558,0.27126888972709,1.05574753378148,0.000173111940238376,0.459049704316179,0.109889119458856,-0.00453002392746208,1,0.454519497690699,0.111445124591434
"242443","Grin3a","ENSMUSG00000039579",-0.386998435911677,0.849662786838338,NA,NA,1.15877308393836,0.514146664953366,1.22057905956837,0.493134772905842,-0.330778413926023,1,0.889798953899605,0.63929217462585
"18591","Pdgfb","ENSMUSG00000000489",0.386025800366839,0.0139034094579302,0.190951172684409,0.759240519011232,0.576976882414782,0.000446444813694619,0.612294375018862,2.87142158291613e-05,0.0599970267641277,1,0.672291307032945,3.22943455447333e-06
"11554","Adrb1","ENSMUSG00000035283",0.384776912883545,0.73619730540755,NA,NA,0.571890273920073,0.637636899664701,0.404604866388855,0.724039412704631,0.0241185795574797,1,0.428722943492214,0.703783870406888
"14186","Fgfr4","ENSMUSG00000005320",0.384249852369781,0.15483814338552,0.0802962829206692,0.963391826012553,0.464545978859477,0.114833326966658,0.299108981971322,0.290397311132159,0.179139037465853,1,0.478247865753449,0.0592896285265652
"107589","Mylk","ENSMUSG00000022836",-0.373426230886573,0.0500294207033122,0.29884275754256,0.616133032720113,-0.0745835904625848,0.812692720583404,-0.211956181394437,0.326100913815806,-0.0948177306569155,1,-0.306774002992036,0.121689058960884
"76757","Trdn","ENSMUSG00000019787",-0.370444799634597,6.44563246467893e-07,0.0465966769692813,0.917880444137165,-0.323848155050348,0.000122415458605513,-0.450992023850981,6.43806029909433e-10,0.00671541567966885,1,-0.444276640168842,1.18246243832991e-09
"18440","P2rx6","ENSMUSG00000022758",-0.367212550607916,0.000123255183061925,0.045375587424827,0.952646700189239,-0.321836990189024,0.00326320529125482,-0.316508066318717,0.00103940649540165,0.0424988845310247,1,-0.274009212641352,0.00522105704751197
"12671","Chrm3","ENSMUSG00000046159",0.361956747309214,0.604873522045217,NA,NA,0.634210531996616,0.352453906599939,-0.44296704804844,0.486924877745258,-0.135317369423506,1,-0.578284625283915,0.337749299424296
"15466","Hrh2","ENSMUSG00000034987",-0.360094677427665,0.597183077206549,NA,NA,-0.126151495543304,0.891117254895154,-0.220412227611571,0.761710513762066,-0.260068554895584,1,-0.480481061412038,0.457034731077436
"57260","Ltb4r2","ENSMUSG00000040432",0.359422342622239,0.865547389484141,NA,NA,0.791966749221772,0.708015606917581,1.34150749287436,0.437090409654591,-0.395753674956793,1,0.945751635237668,0.615233882799292
"58861","Cysltr1","ENSMUSG00000052821",0.356745145239555,0.377913632209415,0.197435388266606,0.910144072154646,0.55418030081579,0.177402821021692,0.675404603810769,0.0590265678438632,0.123771313817701,1,0.799175683624524,0.0197364924864354
"11740","Slc25a5","ENSMUSG00000016319",0.351709007345799,0.0131619154777401,-0.387916014201587,0.208115416831294,-0.0362070899557135,0.889340971851665,0.332812346480679,0.0207380466080723,0.0705029543364442,1,0.403315226557444,0.00358727338817505
"11549","Adra1a","ENSMUSG00000045875",-0.345325046268405,0.398615016148481,0.625677913482516,0.495783414713327,0.280352693092214,0.565405283697252,-0.257449836360438,0.545479142040968,-0.136547627913038,1,-0.393997673096451,0.308840198929297
"94178","Mcoln1","ENSMUSG00000004567",-0.339765603624406,2.02696096653881e-06,-0.122747361492143,0.634017747046347,-0.462512985068813,2.40626564130746e-09,-0.379046456701604,1.32371159662105e-07,0.0666874277954356,1,-0.312359047518331,1.83207490794668e-05
"16440","Itpr3","ENSMUSG00000042644",-0.335232151780438,0.00570647576217961,-0.0255324680395447,0.976987021983772,-0.3607646647037,0.00792521983077429,-0.277146936369094,0.0432409043012553,0.0200126982233806,1,-0.257134271518709,0.0621583379871398
"18018","Nfatc1","ENSMUSG00000033016",-0.330564132912687,0.0140603208400886,0.0290414900915811,0.976533954429931,-0.301522707788712,0.0528396626459529,-0.345274850488971,0.00983859271243517,-0.0957899335187698,1,-0.441064845783734,0.000581571893133758
"18802","Plcd4","ENSMUSG00000026173",-0.329574446264533,0.153108119138741,-0.0550265602111839,0.973849567601867,-0.38460116082107,0.131732956295316,-0.707385338768745,0.000384668459530565,0.126214163760035,1,-0.581171326291872,0.00449998037768888
"13645","Egf","ENSMUSG00000028017",0.313848688697966,0.0104993430245349,-0.106371873748776,0.867625844783642,0.20747675275138,0.175522291040881,0.177441260513007,0.196598204815973,0.0511458760131346,1,0.228587077870925,0.0775861979884071
"12288","Cacna1c","ENSMUSG00000051331",-0.308891419643626,0.243849356904751,0.236411767278678,0.820887417021168,-0.0724798050295664,0.858749100635788,0.00333778561516258,0.992866457595989,-0.0580538320609137,1,-0.0547161549389548,0.87679239221085
"22333","Vdac1","ENSMUSG00000020402",-0.307437621941383,1.28549195497093e-05,0.0744375107727355,0.83840534987482,-0.233000140321012,0.00459823226679526,-0.284924140746943,6.05341159540221e-05,0.0997589879699439,1,-0.185165182654389,0.0144307002322808
"12061","Bdkrb1","ENSMUSG00000041347",0.304198920833972,0.871990417379283,NA,NA,1.51078983993981,0.313613780991344,2.07476601737484,0.182593180713301,-0.772966449881895,1,1.30179714821538,0.463670633062547
"65973","Asph","ENSMUSG00000028207",0.302275277461493,0.000990558659459849,0.0115542763399873,0.987356787097628,0.313829511453486,0.00215862517026682,0.391046302032381,1.00333023925233e-05,-0.0181958238809333,1,0.372850431880869,2.69166864037296e-05
"52163","Camk1","ENSMUSG00000030272",-0.29936151291225,8.83107477109455e-06,-0.0193177760938582,0.973764813457834,-0.318679305696833,1.97176063676914e-05,-0.368345589012329,2.75408667867432e-08,0.0951237248999262,1,-0.273221880570202,5.76378276783303e-05
"19713","Ret","ENSMUSG00000030110",0.29814690068521,0.363115196067916,0.220311479429773,0.871503599881302,0.518458195440703,0.112463296343594,-0.788308142427289,0.00271841898530839,0.540957473087209,1,-0.247350803657155,0.447621498356697
"21925","Tnnc2","ENSMUSG00000017300",-0.292166483099364,0.00368741649257248,-0.0239404090349226,0.976533954429931,-0.316106952384111,0.00461046991804436,-0.404606858427963,2.45069538274633e-05,0.146421225892964,1,-0.258185693564475,0.0115095346656083
"12287","Cacna1b","ENSMUSG00000004113",0.289471698228729,0.81223725196679,NA,NA,0.852828471265448,0.430840698859073,0.316259257583962,0.797790164999487,0.362978426202912,1,0.679237525408504,0.522395675334366
"19216","Ptger1","ENSMUSG00000019464",0.288962379845886,0.71090004562365,NA,NA,-0.0297768720400689,0.978108750143227,0.929549545874806,0.145414199405208,-0.31236852442389,1,0.617180451457463,0.381742549136315
"18021","Nfatc3","ENSMUSG00000031902",-0.288319908224341,0.000668740892493431,0.100558099951874,0.790944050702646,-0.187761835674299,0.0706742125550622,-0.298760998091737,0.000404847176905294,-0.0927937794257508,1,-0.391554804877138,1.60829879909781e-06
"252972","Tpcn1","ENSMUSG00000032741",-0.288018513685644,7.96496176244124e-05,0.0419630602430306,0.927539270492804,-0.246055476441243,0.00330467927604863,-0.359428092797742,4.43713538852709e-07,0.0342769063197821,1,-0.325151208640949,5.96297708905361e-06
"74055","Plce1","ENSMUSG00000024998",0.287385622019743,0.259978492208933,0.075770723230248,0.963391826012553,0.363156195663187,0.187537702597752,0.477400521296974,0.0395735049765714,0.0253936880247009,1,0.50279407915893,0.0278203041242412
"21425","Tfeb","ENSMUSG00000023990",-0.286434651011313,0.0108469764071931,-0.166467510968569,0.667345476815605,-0.452902210271932,0.000113615025903804,-0.182150521299825,0.138680901740994,-0.102490615729649,1,-0.284641185321845,0.0112514745092497
"14205","Vegfd","ENSMUSG00000031380",0.285328324941291,0.101378153419782,-0.0849088505307689,0.929827266908709,0.200419397504184,0.361882904358449,0.418709723689005,0.0097565317673895,-0.131226922576797,1,0.287482720780421,0.0981702834833223
"70405","Calml3","ENSMUSG00000063130",0.28233812272496,0.849690957785681,NA,NA,-0.043366847394008,0.982550373778232,3.37115003066539,0.0275645910152287,1.39496152665534,1,4.76611058760812,0.000615830039925098
"14177","Fgf6","ENSMUSG00000000183",-0.279184940283381,0.315995906364978,0.296927692150569,0.750251254980777,0.0177426217111539,0.968080106780295,-0.260130984404966,0.348945401520485,0.227581282365768,1,-0.0325498603265037,0.927270964158893
"12289","Cacna1d","ENSMUSG00000015968",0.278349817078291,0.547410535157362,-0.105388783557299,0.96776806490285,0.172960822907719,0.771758395087162,0.610697534504717,0.123544182017752,0.138766892943571,1,0.749464205834157,0.0447054161607019
"320404","Itpkb","ENSMUSG00000038855",-0.27686072868793,0.271574405350862,0.363332655402535,0.599290234353505,0.0864717607087882,0.817162192572349,-0.371623287079644,0.112076412254091,0.0855038235738914,1,-0.286119601738732,0.243071583613625
"13488","Drd1","ENSMUSG00000021478",-0.272434582016073,0.846320251477993,NA,NA,0.982907939172533,0.410605030643375,1.1339892320543,0.302021197183994,-1.29847625599145,1,-0.164488632331656,0.914377803712717
"12290","Cacna1e","ENSMUSG00000004110",-0.272338605232305,0.804264360584423,NA,NA,-0.901970383600884,0.414323323960718,-0.562628186237957,0.519141961026822,0.767732283790235,1,0.205103665174918,0.825610329460806
"11739","Slc25a4","ENSMUSG00000031633",-0.271185083360048,0.00357404149760831,-0.0179514020793335,0.978038625088772,-0.289136535483504,0.00521202719744783,-0.332723157083112,0.000222209724869232,0.128716577746278,1,-0.204006630853947,0.0360852647334351
"19057","Ppp3cc","ENSMUSG00000022092",-0.271167919391355,8.7769729852508e-07,0.128150138407428,0.401367302003784,-0.143017791828395,0.0357228434491206,-0.301405713431745,2.78607892979909e-08,0.0876982699172361,1,-0.21370745486195,0.000127266124657261
"58226","Cacna1h","ENSMUSG00000024112",-0.262658323286935,0.315995906364978,0.28083342894303,0.747558841750315,0.0181749720505939,0.965528761747055,0.0270743865822616,0.940315555452844,-0.0670323372957732,1,-0.0399580548791447,0.907176424081104
"16438","Itpr1","ENSMUSG00000030102",-0.259960375184615,0.215403930348188,0.243166308485289,0.732450159343992,-0.0167941782606253,0.96201237364187,-0.327464599931749,0.0994020521692203,0.283096672738227,1,-0.0443680307291833,0.870873400395052
"22335","Vdac3","ENSMUSG00000008892",-0.25433468525975,0.00139390479260782,0.0185290055059696,0.976533954429931,-0.235805707666183,0.00941093058630287,-0.337846697516606,9.99323780844097e-06,0.127764683920388,1,-0.210082042354919,0.0100215450964482
"228785","Mylk2","ENSMUSG00000027470",-0.252595499911107,0.0479268167400555,0.106218063232037,0.867625844783642,-0.146377512013624,0.382783683052094,-0.342112407423637,0.00453057080936429,0.114527731920729,1,-0.227584749275682,0.0782145696856405
"18126","Nos2","ENSMUSG00000020826",-0.252296197576956,0.505407035100671,0.557854227043098,0.491935475089125,0.305557879934509,0.459314718568338,-0.202154394715031,0.596094694282262,0.170047606771283,1,-0.0321069852834959,0.943325085960835
"71785","Pdgfd","ENSMUSG00000032006",-0.249321388229637,0.545700939272514,0.254603149253146,0.872601297414735,0.00528147593871873,0.993236634519951,0.134782945467652,0.766761707161724,0.0129624330588396,1,0.147745198135317,0.740430987794856
"11555","Adrb2","ENSMUSG00000045730",-0.243285756381709,0.501162509939018,-0.185535859227457,0.906886328145856,-0.428821846279179,0.237092950253881,-0.53313453626125,0.0754284149261855,0.508661758226977,1,-0.0244729579618856,0.955201369443397
"269999","Orai3","ENSMUSG00000043964",-0.239732869954979,0.0568554626574651,0.191593099110023,0.626679095768141,-0.0481398074298287,0.81471147523782,-0.223816554913778,0.0762933219288338,-0.057441708792105,1,-0.281258303787207,0.0195822311840821
"14176","Fgf5","ENSMUSG00000029337",0.238872036810649,0.738841890288442,NA,NA,-0.263049448219357,0.762950190527358,0.432394055312277,0.487132219440909,-0.4417346560418,1,-0.009341064228231,0.990808407550948
"12326","Camk4","ENSMUSG00000038128",-0.238830138474287,0.90614230774985,NA,NA,-1.35541219200418,0.522567763071675,1.08574555883947,0.505791456741485,-1.12235393356305,1,-0.0366120086185416,0.986539471220796
"18430","Oxtr","ENSMUSG00000049112",-0.237404053322478,0.883282533695982,NA,NA,0.846784139193592,0.529933958336278,0.220431634881414,0.887433364017064,-0.322654627472488,1,-0.102223512331685,0.949766709253734
"18803","Plcg1","ENSMUSG00000016933",-0.234651756563344,0.0234189491061037,0.0486998612173538,0.945696212007551,-0.185951932317668,0.134197265778608,-0.280652043960935,0.00554026817514661,0.0652712138875681,1,-0.215380862536632,0.040886668203484
"14812","Grin2b","ENSMUSG00000030209",-0.226602062016222,0.936653417378188,NA,NA,1.19608571519512,0.629634537659172,-0.973505486134632,0.669733614992317,1.69314824681612,1,0.719647608458667,0.723089934627373
"11607","Agtr1a","ENSMUSG00000049115",-0.226272053017146,0.439254467214197,0.0836650936805,0.963391826012553,-0.142607094756114,0.704390550875899,-0.491213445765188,0.0487563111511801,0.0606064812378159,1,-0.430607057239775,0.0893304340355509
"18821","Pln","ENSMUSG00000038583",-0.22482695520114,0.480314884107833,0.159751677873903,0.907657526431152,-0.0650754033198214,0.886522980108696,0.373197989515686,0.195996783674873,-0.166876174020295,1,0.20632166978305,0.527400668255607
"14178","Fgf7","ENSMUSG00000027208",0.222194174998528,0.608922586046855,0.0952953442304648,0.970397944206909,0.317489238629321,0.490765940178027,1.15013473179208,0.000290795236709993,0.0473963347206581,1,1.197530780677,0.000139302188137568
"12372","Casq1","ENSMUSG00000007122",-0.214878524528041,0.123258175771387,-0.03654243322272,0.971509095976184,-0.251421045830963,0.102292887471793,-0.309087593734378,0.0167241638031213,0.141265117982263,1,-0.167822565040375,0.246921130176056
"54140","Avpr1a","ENSMUSG00000020123",-0.2098859161014,0.69085518019262,0.526660054741726,0.682448184564553,0.316773943589338,0.557942002181453,0.451242231514798,0.308524953087362,-0.444717842033988,1,0.00652409648306244,0.991628418204299
"22334","Vdac2","ENSMUSG00000021771",-0.207503630406116,0.011550994046851,-0.0481497743984618,0.917578742487396,-0.255653434241033,0.00415514348520778,-0.253223310781585,0.00142235223303771,0.0569829636209137,1,-0.196240377464501,0.0174287853269627
"12314","Calm2","ENSMUSG00000036438",-0.203401147218735,0.260838564984521,-0.11440324353827,0.888488038034976,-0.317804484709293,0.087814429752219,-0.579762637250053,8.12595752885717e-05,0.216622482601425,1,-0.363140243295476,0.021421239554795
"21338","Tacr3","ENSMUSG00000028172",-0.201565163202188,0.921369833817336,NA,NA,0.838273591422988,0.652206999940757,0.547236099365605,0.77669062731028,-1.82749694525897,1,-1.2802626028004,0.55715408490564
"18573","Pde1a","ENSMUSG00000059173",0.19840486396869,0.561980581322594,0.101529461141583,0.958250973802615,0.299934160376394,0.397400802943336,0.0573765305726559,0.888673441973852,-0.325075038621857,1,-0.26769863989404,0.412932319130896
"68961","Phkg2","ENSMUSG00000030815",0.198267351665614,0.0800485830509754,-0.159114026294421,0.645369623159479,0.0391532911077021,0.835661720760175,0.0873060869734459,0.522445567264517,0.0140935157182161,1,0.10139957022754,0.436927906028955
"15464","Hrc","ENSMUSG00000038239",-0.196840699801216,0.00423401304502747,0.116566452689147,0.605387809040604,-0.0802742715337598,0.406472632444415,-0.16316479456042,0.0216282660040516,-0.0232218648470396,1,-0.186386684837058,0.00697893779684624
"19058","Ppp3r1","ENSMUSG00000033953",-0.194538840371147,0.000986812982021772,-0.0401361612617388,0.906886328145856,-0.23467501730595,0.000265256074681882,-0.242761302452154,2.34483738570205e-05,0.00670740328592511,1,-0.236053914382018,3.91550600940605e-05
"18750","Prkca","ENSMUSG00000050965",-0.193976784633504,0.0517846463394321,0.140340657839941,0.668767416212503,-0.0536361619167091,0.730419727883194,-0.337369180508518,0.000186743058780306,-0.148110328735451,1,-0.48547954575564,2.07230442989188e-08
"12325","Camk2g","ENSMUSG00000021820",-0.190465315936287,0.0259846376676111,-0.0658192041958759,0.878915804357942,-0.256284551402588,0.00500780600502563,-0.0942336045281207,0.340367512947644,-0.134003643290767,1,-0.22823727992317,0.00562271172504227
"12494","Cd38","ENSMUSG00000029084",-0.188994800383206,0.311646249001458,0.243418226252297,0.637606483035447,0.0544233633191035,0.843023056465343,-0.356120290528863,0.0273282646541727,0.250260745117445,1,-0.105859606921951,0.603085947483414
"14682","Gnaq","ENSMUSG00000024639",-0.184894801963302,0.183685937641553,0.244411411929554,0.466489992341697,0.0595165632375695,0.774308253155911,-0.175023351552754,0.210100315972921,-0.0421378661804502,1,-0.217161265983033,0.101891799867965
"233011","Itpkc","ENSMUSG00000003752",0.184044863646134,0.268918768815605,-0.0218176739591184,0.982777474718048,0.16222712995383,0.414323323960718,0.455996892153455,0.00120672291524912,-0.195347872341337,1,0.260648958617798,0.0962696129744188
"56632","Sphk2","ENSMUSG00000057342",-0.182958636284649,0.472057018386484,0.364250127581822,0.533209620263379,0.181291382013618,0.537721886664166,0.146487061382362,0.572103075411195,-0.182061530284563,1,-0.0355746117798771,0.905938926090354
"13618","Ednrb","ENSMUSG00000022122",0.180544816278809,0.615047331877771,0.0606738045018411,0.976533954429931,0.2412183542569,0.534897100558581,-0.314498428392071,0.316429197292844,0.468832156357093,1,0.154333600828718,0.663409129769389
"18127","Nos3","ENSMUSG00000028978",-0.180339780464709,0.464987289262864,0.432041918460915,0.380075597662934,0.251702026236992,0.335564434465899,-0.108669847767346,0.681343866184984,0.0915878524699357,1,-0.0170820998737082,0.955037954432305
"239556","Cacna1i","ENSMUSG00000022416",0.178535086123405,0.83372783318066,NA,NA,0.358021126458378,0.685921297371693,-0.541315680845394,0.418036918919817,0.499929842753046,1,-0.0413860882231827,0.9602590739275
"213435","Mylk3","ENSMUSG00000031698",-0.175085162933168,0.868281752365243,NA,NA,-0.248592693581828,0.837433244645514,0.0485382770941321,0.964610724235341,-0.441674536796983,1,-0.393136906416583,0.664602979583264
"14810","Grin1","ENSMUSG00000026959",-0.168566061475252,0.938515980168897,NA,NA,0.862137118052483,0.668956796869205,0.121078228935392,0.954134309798291,-0.868710241772322,1,-0.747633533800963,0.68974751492916
"11540","Adora2a","ENSMUSG00000020178",-0.165257709319312,0.673661709120724,0.3144238968733,0.793494502041848,0.149166052990188,0.745466093921088,-0.250952419768156,0.467754659174499,-0.0495260428134062,1,-0.300478622225195,0.362160021219544
"22341","Vegfc","ENSMUSG00000031520",-0.163814529005632,0.676515462252868,0.362461221668211,0.732969529886493,0.198646560879566,0.644297907066543,-0.0574800091447478,0.893889559022251,-0.151580863116162,1,-0.209061041298539,0.556950324594614
"110891","Slc8a2","ENSMUSG00000030376",0.16125579217796,0.820041872549148,NA,NA,0.625876251193035,0.299026853811015,-0.306716415525852,0.621118685643549,-0.0917944009348114,1,-0.398511024942417,0.499641468641526
"13867","Erbb3","ENSMUSG00000018166",-0.151681187941093,0.375603202970145,-0.00414465552479769,0.995717817486255,-0.155825893667886,0.429603786444801,0.0302238126170504,0.887886414773124,-0.142140019408803,1,-0.111916267931683,0.524816487958703
"14573","Gdnf","ENSMUSG00000022144",-0.150221578126613,0.802752108281024,0.110149012123058,0.972827536557896,-0.0400727836736031,0.957560518691185,-0.061156242698892,0.921337346962767,-0.214570687818803,1,-0.275727249761815,0.589997583994627
"432530","Adcy1","ENSMUSG00000020431",0.146722751918991,0.729285240160619,0.451263524573567,0.641334341392944,0.597986056354634,0.0885146881330473,0.426702167323276,0.201823952839605,0.133340566589416,1,0.560042503354842,0.0739859430894785
"14180","Fgf9","ENSMUSG00000021974",0.145567840067863,0.761867487346608,0.257806900446574,0.87425044554606,0.403374528330416,0.361456723597302,0.0759885699958005,0.880938036740088,0.442612349399268,1,0.518600727668819,0.145244177300309
"18590","Pdgfa","ENSMUSG00000025856",0.144263583534811,0.356674859934028,-0.246045676423945,0.5005570730116,-0.101782148965707,0.608913941942908,-0.109742182274462,0.499311333439507,-0.0263007428886662,1,-0.136042982750928,0.375543931941597
"18596","Pdgfrb","ENSMUSG00000024620",-0.138597767101131,0.50176965709498,0.217672206348911,0.719386157394263,0.0790743399361232,0.769457121703397,0.0223563371410646,0.930404216851514,-0.0892177234713352,1,-0.0668614736278821,0.765649898240456
"53313","Atp2a3","ENSMUSG00000020788",0.132236449300003,0.47759962385776,0.0540308809002556,0.962415069642707,0.186267257516973,0.346153510580423,0.0862781545386058,0.662700252754685,0.062152355526623,1,0.148430443526303,0.402841715592748
"12286","Cacna1a","ENSMUSG00000034656",0.128082513916931,0.552500617606679,0.0241198143650787,0.983360794684686,0.152202258278584,0.524057549732471,0.41747436061665,0.0132651743654063,0.028101167177021,1,0.445575456089704,0.00705699264003016
"14683","Gnas","ENSMUSG00000027523",-0.12798465709968,0.00424317459445053,-0.0413937897793818,0.860965466691749,-0.169378457679399,0.000420659041517528,-0.151855221094694,0.000488482357297724,-0.0475391283866794,1,-0.199394360249312,2.05397790800016e-06
"18213","Ntrk3","ENSMUSG00000059146",-0.123640929377906,0.870897351657693,NA,NA,0.68032150178065,0.269408554488657,-0.209235384915101,0.767531730570188,0.512593420796075,1,0.303357889056978,0.639080227833416
"22340","Vegfb","ENSMUSG00000024962",-0.118426064413374,0.399651555542005,-0.031706712242505,0.972827536557896,-0.150132829738346,0.327428807177165,-0.220844942597733,0.0672833492114472,-0.0273072766732452,1,-0.248152273946145,0.0345873088157585
"18799","Plcd1","ENSMUSG00000010660",0.117681575354872,0.522227726632876,-0.126699881948872,0.864010034950679,-0.00901837069801099,0.973655330154729,0.260658716952372,0.0883981564045878,0.00947322212912008,1,0.270131875801678,0.0731238677714916
"215999","Mcu","ENSMUSG00000009647",0.110677773644502,0.214159455431347,0.00636718223861468,0.989827224897691,0.117044932910937,0.247504747008662,0.141845729191191,0.0916820264941352,0.00353393979001447,1,0.145379645627182,0.080139561978582
"19055","Ppp3ca","ENSMUSG00000028161",-0.107431758081636,0.323087168796734,-0.00365260616860568,0.993570474443425,-0.111084402290449,0.373300354151526,-0.0168193703083899,0.906761681641347,0.0155921746142885,1,-0.00122723327409531,0.993493815329942
"18798","Plcb4","ENSMUSG00000039943",0.107254010940782,0.59016706327186,-0.032215952035034,0.976533954429931,0.075037969832281,0.762950190527358,0.0564606945994014,0.790138770272606,-0.0948684570106883,1,-0.0384078355379134,0.860300406248315
"16439","Itpr2","ENSMUSG00000030287",-0.106900189764896,0.56483867340017,0.261877416911421,0.50748744968614,0.15497716575016,0.426266922149177,0.0220248292084057,0.921869665061821,-0.0915962803221488,1,-0.069571505877267,0.723089934627373
"14675","Gna14","ENSMUSG00000024697",-0.104179022563537,0.869356226564198,-0.566247297696248,0.72398086194128,-0.670426704888144,0.213359878068255,-0.00632477617631903,0.992577202586605,-0.571476902738812,1,-0.577801980655245,0.244700632053411
"105675","Ppif","ENSMUSG00000021868",-0.0987250681283185,0.584564123847754,-0.0328544441383704,0.976042525799979,-0.131579575516217,0.500540294385332,-0.150446416861175,0.345281659342887,-0.0197850728310302,1,-0.170231559788703,0.268552286154538
"14165","Fgf10","ENSMUSG00000021732",-0.0960568713161792,0.930925221706448,NA,NA,0.0789507679404444,0.951854027101866,0.49707969508521,0.582700068237346,-0.362693629406496,1,0.134385372179517,0.900461390945002
"18747","Prkaca","ENSMUSG00000005469",-0.0855148848156197,0.084866413448174,-0.0454113097222703,0.839758395505448,-0.130926203503977,0.0112595359379629,-0.120414276191851,0.00947974152935573,0.000353218097255626,1,-0.120061067142929,0.00930744469121691
"13617","Ednra","ENSMUSG00000031616",-0.0740345371021434,0.828724856539287,0.0511378815830361,0.976533954429931,-0.0228967952464364,0.957442174164728,0.184980567922348,0.538182125375046,0.0697088347311165,1,0.254689288538472,0.358374472785181
"110094","Phka2","ENSMUSG00000031295",-0.0729411018092296,0.618888067065107,-0.0730401313789953,0.90199555014652,-0.145981267107895,0.312783163120741,-0.281924003973793,0.0102110127759695,0.0691653694669141,1,-0.212758665155309,0.0623617156964722
"14182","Fgfr1","ENSMUSG00000031565",0.0675130862079706,0.764370585706449,0.0087858627865927,0.992537216575797,0.0762988507803076,0.767708494910898,0.186275857975512,0.300036196065126,0.00831538475906982,1,0.194591147765615,0.26934656388884
"18436","P2rx1","ENSMUSG00000020787",-0.0666897198175016,0.931223901144023,NA,NA,0.0573893612853036,0.950276181905911,-0.604082248206064,0.280386802839775,0.0604093641699242,1,-0.543673133001211,0.335531710401286
"94045","P2rx5","ENSMUSG00000005950",0.0649336929816649,0.809006758079684,-0.173641157903626,0.841390831031705,-0.108707573727774,0.706376620867085,0.426167554542777,0.019096904286255,-0.137917133023404,1,0.288250306913763,0.140910174498643
"11941","Atp2b2","ENSMUSG00000030302",-0.0640252670276723,0.916135855941034,NA,NA,-0.155294892245403,0.81876934964426,-0.847782374282172,0.0535518209642265,0.143272764908908,1,-0.704509634708395,0.111771875092511
"12373","Casq2","ENSMUSG00000027861",0.0606854368971635,0.868043832305131,-0.0435066057435533,0.978491016077058,0.0171786195722641,0.969516668781856,0.730539005837939,0.00143753916557991,-0.0517989318738268,1,0.678739814848853,0.00332321033839308
"14672","Gna11","ENSMUSG00000034781",-0.0604211631747366,0.569255751823928,0.0823682724034184,0.818444495529649,0.0219470860023727,0.879302889546007,-0.0823475264650259,0.394088106020861,-0.0481575909033763,1,-0.130505140922466,0.133269247930265
"12291","Cacna1g","ENSMUSG00000020866",-0.0578936957439758,0.901127482362586,0.305369801422432,0.81332567097343,0.247475913834949,0.565608687834686,1.12571836294439,6.36507753065129e-05,-0.0331534580581743,1,1.09256464750201,0.000107177237125686
"15566","Htr7","ENSMUSG00000024798",0.0514112111601935,0.910654818707246,0.308718495229945,0.802552715232108,0.360129540855681,0.349682805841562,-0.165240531294918,0.678972820108427,-0.128548665867863,1,-0.293789330372464,0.415331694347394
"18575","Pde1c","ENSMUSG00000004347",-0.0513778255093008,0.928970404567692,0.0311169530444405,0.989392093975708,-0.020261050085589,0.977238841206119,0.465501247314273,0.251295840570305,-0.326064071125737,1,0.139436778642959,0.779818085179921
"18797","Plcb3","ENSMUSG00000024960",0.0509339444259077,0.644516300655417,-0.0111003006524844,0.984705039070078,0.0398336218015409,0.76747599633242,0.103667866310405,0.265950716903143,-0.00402013124810739,1,0.0996477132942761,0.284018097914272
"104110","Adcy4","ENSMUSG00000022220",-0.0466512947624721,0.900811826656208,0.0924929868560229,0.959040064358131,0.045841506408098,0.918310993673241,-0.112810455397656,0.728147851620187,0.0376547916873777,1,-0.0751558019285743,0.823502399712245
"18212","Ntrk2","ENSMUSG00000055254",-0.0342698086159981,0.943177009666966,0.145751883334636,0.945696212007551,0.111481828611943,0.83548063153659,-0.477313084666886,0.160573436073479,0.165138938316556,1,-0.312174314861884,0.397059317276179
"109305","Orai1","ENSMUSG00000049686",0.0339487218594501,0.841253115175126,-0.859727398535475,7.35344996562881e-13,-0.82577872402696,1.66463787225062e-13,-0.0806940528982881,0.576996552124796,-0.114331119588132,1,-0.195025219770136,0.103808807768532
"67972","Atp2b1","ENSMUSG00000019943",0.0311478404473062,0.719767396699549,-0.0391369750384577,0.907657526431152,-0.00798915017696769,0.944394203066918,-0.130808820720285,0.0372153375721587,-0.0693217048989462,1,-0.200130540768568,0.000601142848346888
"19882","Mst1r","ENSMUSG00000032584",-0.0305289769733912,0.948762748783489,0.295803266859831,0.82563695944462,0.265274114349071,0.538738268175358,0.537989697439076,0.1064179371732,-0.235721804047686,1,0.302267700065661,0.424945136755271
"19218","Ptger3","ENSMUSG00000040016",-0.0280404721005306,0.975090270345669,NA,NA,0.233361490057517,0.803136616478335,0.423697666356953,0.57994161193952,-0.184392809597246,1,0.239304512390076,0.772351009691066
"67704","Arln","ENSMUSG00000054091",0.0236687292809561,0.900711040559864,-0.118707533815773,0.83040535747484,-0.0950388464658425,0.598519359946873,-0.220690561085435,0.078170561690895,0.185143663352353,1,-0.0355469386860171,0.832979375917848
"243764","Chrm2","ENSMUSG00000045613",0.0217822620593074,0.993981012515118,NA,NA,-1.31449266659545,0.651382728527859,0.585402884313193,0.812463117786448,-0.244245809345602,1,0.341154234468793,0.895786070189024
"11541","Adora2b","ENSMUSG00000018500",-0.0129541602272754,0.982789721182152,NA,NA,-0.403115836921719,0.451871790235111,-0.184052851590874,0.767415518525177,0.719310690541054,1,0.535257859784374,0.260272354730321
"381290","Atp2b4","ENSMUSG00000026463",0.00742155935660999,0.979485397439135,0.249520510563691,0.698543276264111,0.256941955852175,0.26714419086126,0.000327675789788755,0.998870882744129,0.0612403725972013,1,0.0615679536646156,0.808383223072897
"108058","Camk2d","ENSMUSG00000053819",0.00608640214606976,0.971384513408067,-0.108527471907891,0.819135448057118,-0.102441113069131,0.501564220808407,0.116224570983809,0.351512628708781,-0.176425914789953,1,-0.0602013904706456,0.66795510308709
"73181","Nfatc4","ENSMUSG00000023411",0.00423661232499176,0.988368622263554,-0.110304813011122,0.909050981382753,-0.10606828873931,0.712638720715922,0.128876332800389,0.593110389737525,0.14686722898582,1,0.275743490747098,0.172499984071007
"108071","Grm5","ENSMUSG00000049583",NA,NA,NA,NA,NA,NA,NA,NA,0.509882208021692,1,NA,NA
"114875","Plcz1","ENSMUSG00000030230",NA,NA,NA,NA,NA,NA,NA,NA,0.676295839019172,1,NA,NA
"11608","Agtr1b","ENSMUSG00000054988",NA,NA,NA,NA,NA,NA,-1.23287191235267,0.600664020130313,1.5657392285905,1,NA,NA
"12669","Chrm1","ENSMUSG00000032773",NA,NA,NA,NA,NA,NA,NA,NA,-0.0284577419897366,1,NA,NA
"14171","Fgf17","ENSMUSG00000022101",NA,NA,NA,NA,NA,NA,NA,NA,-1.01040243800746,1,NA,NA
"15562","Htr4","ENSMUSG00000026322",NA,NA,NA,NA,NA,NA,NA,NA,-2.50425457167452,1,NA,NA
"171166","Mcoln3","ENSMUSG00000036853",NA,NA,NA,NA,NA,NA,NA,NA,0.501604843254747,1,NA,NA
"18211","Ntrk1","ENSMUSG00000028072",NA,NA,NA,NA,NA,NA,NA,NA,-3.02133778001136,1,NA,NA
"228550","Itpka","ENSMUSG00000027296",NA,NA,NA,NA,NA,NA,NA,NA,0.658601156058515,1,NA,NA
"26361","Avpr1b","ENSMUSG00000026432",NA,NA,NA,NA,NA,NA,NA,NA,1.31519444912702,1,NA,NA
"54652","Cacna1f","ENSMUSG00000031142",NA,NA,NA,NA,NA,NA,NA,NA,-1.03710460729751,1,NA,NA
"67112","Fgf22","ENSMUSG00000020327",NA,NA,NA,NA,NA,NA,NA,NA,-0.349303210188764,1,NA,NA
"68528","Erln","ENSMUSG00000075420",NA,NA,NA,NA,NA,NA,NA,NA,1.20850657166742,1,NA,NA
"73333","Slc25a31","ENSMUSG00000069041",NA,NA,NA,NA,NA,NA,NA,NA,0.983597679983897,1,NA,NA
