"ENTREZID","SYMBOL","ENSEMBL","log2FC_disease","padj_disease","log2FC_treatment_vs_KO","padj_treatment_vs_KO","Arm","log2FC_treatment_vs_WT","rescue_metric","rescue_status"
"19713","Ret","ENSMUSG00000030110",-0.788308142427289,0.00271841898530839,0.540957473087209,1,"MOE",-0.24735066934008,68.6225910874827,"Partially rescued"
"104111","Adcy3","ENSMUSG00000020654",0.544890931965113,0.0117240360028664,-0.301043648810238,0.682456641243628,"sh190",0.243847283154875,55.2484233357571,"Partially rescued"
"72469","Plcd3","ENSMUSG00000020937",-0.652191120196416,0.00170780936976188,0.340455580332966,0.632391485526147,"sh190",-0.31173553986345,52.2018116760672,"Partially rescued"
"14173","Fgf2","ENSMUSG00000037225",-0.503976796890151,0.00837880823308361,0.254894590879396,0.729377507759082,"sh190",-0.249082206010755,50.576652030858,"Partially rescued"
"14680","Gnal","ENSMUSG00000024524",0.965933882359473,0.0106614811768266,-0.430350157810612,1,"MOE",0.535583724548861,44.5527551802409,"Partially rescued"
"233979","Tpcn2","ENSMUSG00000048677",0.544483033378303,0.0014777002365897,-0.222935335324078,0.732450159343992,"sh190",0.321547698054224,40.9444044455991,"Partially rescued"
"12314","Calm2","ENSMUSG00000036438",-0.579762637250053,8.12595752885717e-05,0.216622482601425,1,"MOE",-0.363140154648629,37.3639949667875,"Partially rescued"
"69563","Mrln","ENSMUSG00000019933",-1.57824711610072,1.82911652661096e-15,0.530231202640842,0.341436531197211,"sh190",-1.04801591345988,33.5962091887646,"Partially rescued"
"14254","Flt1","ENSMUSG00000029648",-0.629899848722622,0.000422989984695214,0.201968704288962,0.807168775883659,"sh190",-0.42793114443366,32.0636216532732,"Partially rescued"
"227541","Camk1d","ENSMUSG00000039145",1.26722677189271,9.51404117960276e-11,-0.390034708657646,1,"MOE",0.877192063235061,30.7786039017387,"Partially rescued"
