"ENTREZID","SYMBOL","ENSEMBL"
"102093","Phkb","ENSMUSG00000036879"
"104110","Adcy4","ENSMUSG00000022220"
"104111","Adcy3","ENSMUSG00000020654"
"105675","Ppif","ENSMUSG00000021868"
"107589","Mylk","ENSMUSG00000022836"
"108058","Camk2d","ENSMUSG00000053819"
"108071","Grm5","ENSMUSG00000049583"
"109305","Orai1","ENSMUSG00000049686"
"110094","Phka2","ENSMUSG00000031295"
"110891","Slc8a2","ENSMUSG00000030376"
"110893","Slc8a3","ENSMUSG00000079055"
"11441","Chrna7","ENSMUSG00000030525"
"114875","Plcz1","ENSMUSG00000030230"
"11513","Adcy7","ENSMUSG00000031659"
"11514","Adcy8","ENSMUSG00000022376"
"11515","Adcy9","ENSMUSG00000005580"
"11540","Adora2a","ENSMUSG00000020178"
"11541","Adora2b","ENSMUSG00000018500"
"11548","Adra1b","ENSMUSG00000050541"
"11549","Adra1a","ENSMUSG00000045875"
"11550","Adra1d","ENSMUSG00000027335"
"11554","Adrb1","ENSMUSG00000035283"
"11555","Adrb2","ENSMUSG00000045730"
"11556","Adrb3","ENSMUSG00000031489"
"11607","Agtr1a","ENSMUSG00000049115"
"11608","Agtr1b","ENSMUSG00000054988"
"116873","Stim2","ENSMUSG00000039156"
"11739","Slc25a4","ENSMUSG00000031633"
"11740","Slc25a5","ENSMUSG00000016319"
"11937","Atp2a1","ENSMUSG00000030730"
"11938","Atp2a2","ENSMUSG00000029467"
"11941","Atp2b2","ENSMUSG00000030302"
"12061","Bdkrb1","ENSMUSG00000041347"
"12062","Bdkrb2","ENSMUSG00000021070"
"12286","Cacna1a","ENSMUSG00000034656"
"12287","Cacna1b","ENSMUSG00000004113"
"12288","Cacna1c","ENSMUSG00000051331"
"12289","Cacna1d","ENSMUSG00000015968"
"12290","Cacna1e","ENSMUSG00000004110"
"12291","Cacna1g","ENSMUSG00000020866"
"12292","Cacna1s","ENSMUSG00000026407"
"12313","Calm1","ENSMUSG00000001175"
"12314","Calm2","ENSMUSG00000036438"
"12315","Calm3","ENSMUSG00000019370"
"12322","Camk2a","ENSMUSG00000024617"
"12323","Camk2b","ENSMUSG00000057897"
"12325","Camk2g","ENSMUSG00000021820"
"12326","Camk4","ENSMUSG00000038128"
"12372","Casq1","ENSMUSG00000007122"
"12373","Casq2","ENSMUSG00000027861"
"12426","Cckbr","ENSMUSG00000030898"
"12494","Cd38","ENSMUSG00000029084"
"12669","Chrm1","ENSMUSG00000032773"
"12671","Chrm3","ENSMUSG00000046159"
"12767","Cxcr4","ENSMUSG00000045382"
"13488","Drd1","ENSMUSG00000021478"
"13617","Ednra","ENSMUSG00000031616"
"13618","Ednrb","ENSMUSG00000022122"
"13645","Egf","ENSMUSG00000028017"
"13649","Egfr","ENSMUSG00000020122"
"13866","Erbb2","ENSMUSG00000062312"
"13867","Erbb3","ENSMUSG00000018166"
"13869","Erbb4","ENSMUSG00000062209"
"14062","F2r","ENSMUSG00000048376"
"14164","Fgf1","ENSMUSG00000036585"
"14165","Fgf10","ENSMUSG00000021732"
"14171","Fgf17","ENSMUSG00000022101"
"14172","Fgf18","ENSMUSG00000057967"
"14173","Fgf2","ENSMUSG00000037225"
"14175","Fgf4","ENSMUSG00000050917"
"14176","Fgf5","ENSMUSG00000029337"
"14177","Fgf6","ENSMUSG00000000183"
"14178","Fgf7","ENSMUSG00000027208"
"14180","Fgf9","ENSMUSG00000021974"
"14182","Fgfr1","ENSMUSG00000031565"
"14183","Fgfr2","ENSMUSG00000030849"
"14184","Fgfr3","ENSMUSG00000054252"
"14186","Fgfr4","ENSMUSG00000005320"
"14205","Vegfd","ENSMUSG00000031380"
"14254","Flt1","ENSMUSG00000029648"
"14257","Flt4","ENSMUSG00000020357"
"14573","Gdnf","ENSMUSG00000022144"
"14672","Gna11","ENSMUSG00000034781"
"14675","Gna14","ENSMUSG00000024697"
"14676","Gna15","ENSMUSG00000034792"
"14680","Gnal","ENSMUSG00000024524"
"14682","Gnaq","ENSMUSG00000024639"
"14683","Gnas","ENSMUSG00000027523"
"14810","Grin1","ENSMUSG00000026959"
"14811","Grin2a","ENSMUSG00000059003"
"14812","Grin2b","ENSMUSG00000030209"
"14813","Grin2c","ENSMUSG00000020734"
"14814","Grin2d","ENSMUSG00000002771"
"14816","Grm1","ENSMUSG00000019828"
"15234","Hgf","ENSMUSG00000028864"
"15235","Mst1","ENSMUSG00000032591"
"15464","Hrc","ENSMUSG00000038239"
"15465","Hrh1","ENSMUSG00000053004"
"15466","Hrh2","ENSMUSG00000034987"
"15558","Htr2a","ENSMUSG00000034997"
"15559","Htr2b","ENSMUSG00000026228"
"15562","Htr4","ENSMUSG00000026322"
"15566","Htr7","ENSMUSG00000024798"
"16438","Itpr1","ENSMUSG00000030102"
"16439","Itpr2","ENSMUSG00000030287"
"16440","Itpr3","ENSMUSG00000042644"
"16542","Kdr","ENSMUSG00000062960"
"16867","Lhcgr","ENSMUSG00000024107"
"170483","Grin3b","ENSMUSG00000035745"
"171166","Mcoln3","ENSMUSG00000036853"
"17295","Met","ENSMUSG00000009376"
"18018","Nfatc1","ENSMUSG00000033016"
"18019","Nfatc2","ENSMUSG00000027544"
"18021","Nfatc3","ENSMUSG00000031902"
"18049","Ngf","ENSMUSG00000027859"
"18125","Nos1","ENSMUSG00000029361"
"18126","Nos2","ENSMUSG00000020826"
"18127","Nos3","ENSMUSG00000028978"
"18211","Ntrk1","ENSMUSG00000028072"
"18212","Ntrk2","ENSMUSG00000055254"
"18213","Ntrk3","ENSMUSG00000059146"
"18216","Ntsr1","ENSMUSG00000027568"
"18430","Oxtr","ENSMUSG00000049112"
"18436","P2rx1","ENSMUSG00000020787"
"18438","P2rx4","ENSMUSG00000029470"
"18439","P2rx7","ENSMUSG00000029468"
"18440","P2rx6","ENSMUSG00000022758"
"18573","Pde1a","ENSMUSG00000059173"
"18574","Pde1b","ENSMUSG00000022489"
"18575","Pde1c","ENSMUSG00000004347"
"18590","Pdgfa","ENSMUSG00000025856"
"18591","Pdgfb","ENSMUSG00000000489"
"18595","Pdgfra","ENSMUSG00000029231"
"18596","Pdgfrb","ENSMUSG00000024620"
"18679","Phka1","ENSMUSG00000034055"
"18682","Phkg1","ENSMUSG00000025537"
"18747","Prkaca","ENSMUSG00000005469"
"18749","Prkacb","ENSMUSG00000005034"
"18750","Prkca","ENSMUSG00000050965"
"18751","Prkcb","ENSMUSG00000052889"
"18752","Prkcg","ENSMUSG00000078816"
"18795","Plcb1","ENSMUSG00000051177"
"18796","Plcb2","ENSMUSG00000040061"
"18797","Plcb3","ENSMUSG00000024960"
"18798","Plcb4","ENSMUSG00000039943"
"18799","Plcd1","ENSMUSG00000010660"
"18802","Plcd4","ENSMUSG00000026173"
"18803","Plcg1","ENSMUSG00000016933"
"18821","Pln","ENSMUSG00000038583"
"19055","Ppp3ca","ENSMUSG00000028161"
"19056","Ppp3cb","ENSMUSG00000021816"
"19057","Ppp3cc","ENSMUSG00000022092"
"19058","Ppp3r1","ENSMUSG00000033953"
"19204","Ptafr","ENSMUSG00000056529"
"19216","Ptger1","ENSMUSG00000019464"
"19218","Ptger3","ENSMUSG00000040016"
"19220","Ptgfr","ENSMUSG00000028036"
"19229","Ptk2b","ENSMUSG00000059456"
"19713","Ret","ENSMUSG00000030110"
"19882","Mst1r","ENSMUSG00000032584"
"20190","Ryr1","ENSMUSG00000030592"
"20191","Ryr2","ENSMUSG00000021313"
"20192","Ryr3","ENSMUSG00000057378"
"20541","Slc8a1","ENSMUSG00000054640"
"20698","Sphk1","ENSMUSG00000061878"
"20866","Stim1","ENSMUSG00000030987"
"210044","Adcy2","ENSMUSG00000021536"
"21336","Tacr1","ENSMUSG00000030043"
"21338","Tacr3","ENSMUSG00000028172"
"213435","Mylk3","ENSMUSG00000031698"
"21390","Tbxa2r","ENSMUSG00000034881"
"21425","Tfeb","ENSMUSG00000023990"
"215303","Camk1g","ENSMUSG00000016179"
"215999","Mcu","ENSMUSG00000009647"
"21802","Tgfa","ENSMUSG00000029999"
"21924","Tnnc1","ENSMUSG00000091898"
"21925","Tnnc2","ENSMUSG00000017300"
"22333","Vdac1","ENSMUSG00000020402"
"22334","Vdac2","ENSMUSG00000021771"
"22335","Vdac3","ENSMUSG00000008892"
"22339","Vegfa","ENSMUSG00000023951"
"22340","Vegfb","ENSMUSG00000024962"
"22341","Vegfc","ENSMUSG00000031520"
"227541","Camk1d","ENSMUSG00000039145"
"228139","P2rx3","ENSMUSG00000027071"
"228550","Itpka","ENSMUSG00000027296"
"228785","Mylk2","ENSMUSG00000027470"
"231602","P2rx2","ENSMUSG00000029503"
"233011","Itpkc","ENSMUSG00000003752"
"233979","Tpcn2","ENSMUSG00000048677"
"234779","Plcg2","ENSMUSG00000034330"
"238564","Mylk4","ENSMUSG00000044951"
"239556","Cacna1i","ENSMUSG00000022416"
"242443","Grin3a","ENSMUSG00000039579"
"243764","Chrm2","ENSMUSG00000045613"
"252972","Tpcn1","ENSMUSG00000032741"
"26361","Avpr1b","ENSMUSG00000026432"
"269717","Orai2","ENSMUSG00000039747"
"269999","Orai3","ENSMUSG00000043964"
"320404","Itpkb","ENSMUSG00000038855"
"320707","Atp2b3","ENSMUSG00000031376"
"381290","Atp2b4","ENSMUSG00000026463"
"432530","Adcy1","ENSMUSG00000020431"
"52163","Camk1","ENSMUSG00000030272"
"53313","Atp2a3","ENSMUSG00000020788"
"54140","Avpr1a","ENSMUSG00000020123"
"54635","Pdgfc","ENSMUSG00000028019"
"54652","Cacna1f","ENSMUSG00000031142"
"56632","Sphk2","ENSMUSG00000057342"
"56636","Fgf21","ENSMUSG00000030827"
"57260","Ltb4r2","ENSMUSG00000040432"
"58226","Cacna1h","ENSMUSG00000024112"
"58861","Cysltr1","ENSMUSG00000052821"
"64654","Fgf23","ENSMUSG00000000182"
"65973","Asph","ENSMUSG00000028207"
"66402","Sln","ENSMUSG00000042045"
"67112","Fgf22","ENSMUSG00000020327"
"67704","Arln","ENSMUSG00000054091"
"67972","Atp2b1","ENSMUSG00000019943"
"68279","Mcoln2","ENSMUSG00000011008"
"68528","Erln","ENSMUSG00000075420"
"68961","Phkg2","ENSMUSG00000030815"
"69563","Mrln","ENSMUSG00000019933"
"70086","Cysltr2","ENSMUSG00000033470"
"70405","Calml3","ENSMUSG00000063130"
"71785","Pdgfd","ENSMUSG00000032006"
"72469","Plcd3","ENSMUSG00000020937"
"73181","Nfatc4","ENSMUSG00000023411"
"73333","Slc25a31","ENSMUSG00000069041"
"74055","Plce1","ENSMUSG00000024998"
"75600","Calml4","ENSMUSG00000032246"
"76757","Trdn","ENSMUSG00000019787"
"80796","Calm4","ENSMUSG00000033765"
"80857","Fgf20","ENSMUSG00000031603"
"80903","Fgf16","ENSMUSG00000031230"
"94045","P2rx5","ENSMUSG00000005950"
"94178","Mcoln1","ENSMUSG00000004567"
