"pathway","NES","pval","padj","size","Contrast"
"Calcium_response",1.3174094901001,0.000682336305829537,0.00136467261165907,307,"sh190 arm|Disease (KO vs WT)"
"Muscle_injury_regeneration",1.22525359387913,0.164718384697131,0.164718384697131,46,"sh190 arm|Disease (KO vs WT)"
"Calcium_response",1.37740128160474,0.0117748467579796,0.0235496935159592,227,"sh190 arm|Treatment vs KO"
"Muscle_injury_regeneration",-1.46770255620779,0.039680048484199,0.039680048484199,44,"sh190 arm|Treatment vs KO"
"Calcium_response",1.31203126815558,0.000700653787589093,0.00140130757517819,307,"sh190 arm|Treatment vs WT"
"Muscle_injury_regeneration",1.08656208532099,0.348886532343584,0.348886532343584,46,"sh190 arm|Treatment vs WT"
"Calcium_response",0.963409063725569,0.648351648351648,0.648351648351648,308,"MOE arm|Disease (KO vs WT)"
"Muscle_injury_regeneration",1.32836778659703,0.061909758656873,0.123819517313746,47,"MOE arm|Disease (KO vs WT)"
"Calcium_response",1.12997700628353,0.081130351764203,0.162260703528406,322,"MOE arm|Treatment vs KO"
"Muscle_injury_regeneration",-0.402260750699516,1,1,48,"MOE arm|Treatment vs KO"
"Calcium_response",1.13780988648847,0.105894105894106,0.211788211788212,307,"MOE arm|Treatment vs WT"
"Muscle_injury_regeneration",1.13237524199765,0.301369863013699,0.301369863013699,46,"MOE arm|Treatment vs WT"
