"Contrast","NES","pval","padj","Ensembl","Symbol"
"sh190|Disease",1.22064484316123,0.195232690124858,0.604218193069559,"ENSMUSG00000027699","Ect2"
"sh190|Disease",1.22064484316123,0.195232690124858,0.604218193069559,"ENSMUSG00000018924","Alox15"
"sh190|Disease",1.22064484316123,0.195232690124858,0.604218193069559,"ENSMUSG00000021250","Fos"
"sh190|Disease",1.22064484316123,0.195232690124858,0.604218193069559,"ENSMUSG00000052837","Junb"
"sh190|Disease",1.22064484316123,0.195232690124858,0.604218193069559,"ENSMUSG00000003545","Fosb"
"sh190|Disease",1.22064484316123,0.195232690124858,0.604218193069559,"ENSMUSG00000021190","Lgmn"
"sh190|Treatment_vs_KO",2.14405477462656,2.43386870621883e-05,0.00633414330793451,"ENSMUSG00000021250","Fos"
"sh190|Treatment_vs_KO",2.14405477462656,2.43386870621883e-05,0.00633414330793451,"ENSMUSG00000003545","Fosb"
"sh190|Treatment_vs_KO",2.14405477462656,2.43386870621883e-05,0.00633414330793451,"ENSMUSG00000037035","Inhbb"
"sh190|Treatment_vs_KO",2.14405477462656,2.43386870621883e-05,0.00633414330793451,"ENSMUSG00000052837","Junb"
"sh190|Treatment_vs_KO",2.14405477462656,2.43386870621883e-05,0.00633414330793451,"ENSMUSG00000021367","Edn1"
"sh190|Treatment_vs_KO",2.14405477462656,2.43386870621883e-05,0.00633414330793451,"ENSMUSG00000052684","Jun"
"sh190|Treatment_vs_KO",2.14405477462656,2.43386870621883e-05,0.00633414330793451,"ENSMUSG00000020431","Adcy1"
"sh190|Treatment_vs_WT",1.25226714503925,0.172811059907834,0.601446757055261,"ENSMUSG00000021250","Fos"
"sh190|Treatment_vs_WT",1.25226714503925,0.172811059907834,0.601446757055261,"ENSMUSG00000003545","Fosb"
"sh190|Treatment_vs_WT",1.25226714503925,0.172811059907834,0.601446757055261,"ENSMUSG00000027699","Ect2"
"sh190|Treatment_vs_WT",1.25226714503925,0.172811059907834,0.601446757055261,"ENSMUSG00000052837","Junb"
"MOE|Disease",0.774643544460295,0.79337899543379,1,"ENSMUSG00000018924","Alox15"
"MOE|Disease",0.774643544460295,0.79337899543379,1,"ENSMUSG00000027699","Ect2"
"MOE|Disease",0.774643544460295,0.79337899543379,1,"ENSMUSG00000058248","Kcnh1"
"MOE|Disease",0.774643544460295,0.79337899543379,1,"ENSMUSG00000021190","Lgmn"
"MOE|Disease",0.774643544460295,0.79337899543379,1,"ENSMUSG00000052837","Junb"
"MOE|Disease",0.774643544460295,0.79337899543379,1,"ENSMUSG00000037035","Inhbb"
"MOE|Disease",0.774643544460295,0.79337899543379,1,"ENSMUSG00000020431","Adcy1"
"MOE|Treatment_vs_KO",1.85025495860015,0.000504619224733493,0.0204637937371335,"ENSMUSG00000003545","Fosb"
"MOE|Treatment_vs_KO",1.85025495860015,0.000504619224733493,0.0204637937371335,"ENSMUSG00000021250","Fos"
"MOE|Treatment_vs_KO",1.85025495860015,0.000504619224733493,0.0204637937371335,"ENSMUSG00000018924","Alox15"
"MOE|Treatment_vs_KO",1.85025495860015,0.000504619224733493,0.0204637937371335,"ENSMUSG00000052837","Junb"
"MOE|Treatment_vs_WT",1.30892753321563,0.122988505747126,0.843937875751503,"ENSMUSG00000018924","Alox15"
"MOE|Treatment_vs_WT",1.30892753321563,0.122988505747126,0.843937875751503,"ENSMUSG00000003545","Fosb"
"MOE|Treatment_vs_WT",1.30892753321563,0.122988505747126,0.843937875751503,"ENSMUSG00000021250","Fos"
"MOE|Treatment_vs_WT",1.30892753321563,0.122988505747126,0.843937875751503,"ENSMUSG00000027699","Ect2"
"MOE|Treatment_vs_WT",1.30892753321563,0.122988505747126,0.843937875751503,"ENSMUSG00000052837","Junb"
"MOE|Treatment_vs_WT",1.30892753321563,0.122988505747126,0.843937875751503,"ENSMUSG00000058248","Kcnh1"
