"","sh190|Disease","sh190|Treatment_vs_KO","sh190|Treatment_vs_WT","MOE|Disease","MOE|Treatment_vs_KO","MOE|Treatment_vs_WT"
"GOBP ACTIN MYOSIN FILAMENT SLIDING",1.69070053121472,-1.89082299992192,1.42681657049186,1.50606686057635,0.789274432071145,1.60922528370794
"GOBP ACTIVATION OF IMMUNE RESPONSE",1.54941945182669,-1.12653677113377,1.46896458461123,1.13357320248525,-1.20545440786656,0.979682171496116
"GOBP ACUTE INFLAMMATORY RESPONSE",1.42231873449148,1.15044508605075,1.53489316397888,1.55000725995434,-1.68259653274159,1.23625501805965
"GOBP ACYLGLYCEROL HOMEOSTASIS",0.94258853898432,NA,1.26376909789184,1.54154354350467,-1.81526962498994,-0.95182229783602
"GOBP ACYL COA BIOSYNTHETIC PROCESS",-0.994851425667158,1.91294915223842,0.743817244267037,0.891621716413397,-1.46418083511792,-1.00214711911875
"GOBP ACYL COA METABOLIC PROCESS",-0.865987177060502,1.69901185048072,0.534344846291253,0.864095649038272,-1.82122379755079,-1.00814520818799
"GOBP ADAPTIVE IMMUNE RESPONSE",1.59060188847687,0.927953075707947,1.57792008126333,1.25544579041645,-1.24859306687546,1.0470763870353
"GOBP ADAPTIVE IMMUNE RESPONSE BASED ON SOMATIC RECOMBINATION OF IMMUNE RECEPTORS BUILT FROM IMMUNOGLOBULIN SUPERFAMILY DOMAINS",1.53055086230868,0.997762764253113,1.53703728991009,1.24515482930223,-1.36409267152786,1.02117866934587
"GOBP ALCOHOL CATABOLIC PROCESS",0.818316805315455,-1.12048288214408,0.983511014479994,0.945648803933889,-1.77920368775646,0.811623946549892
"GOBP ALCOHOL METABOLIC PROCESS",0.532554806792199,1.13421052561519,0.707310490744538,0.880021534133794,-1.76650591538983,0.577666147132911
"GOBP ALPHA AMINO ACID METABOLIC PROCESS",1.00829238142383,-1.37457684490139,0.78942632531933,1.31542342138839,-1.7970918565796,0.601297534027593
"GOBP ALPHA BETA T CELL ACTIVATION",1.62996206093867,1.05011544655507,1.62120089035774,1.10357144697128,0.838996396077768,1.25138011207613
"GOBP ALPHA BETA T CELL DIFFERENTIATION",1.52305124967254,1.26899458564861,1.52226652522593,1.05776928609732,0.841372392674761,1.18580034693897
"GOBP ALPHA BETA T CELL PROLIFERATION",1.68228189760552,1.53143897979581,1.70768842602527,1.25848551788719,-0.611039757983848,1.29772736967206
"GOBP AMIDE METABOLIC PROCESS",0.859856734196717,0.956361917841059,0.885174353527157,0.964432841550539,-1.53520543134262,0.576089812274616
"GOBP AMINO ACID CATABOLIC PROCESS",0.773047251530599,0.942863201227612,0.727860276713022,1.41047015240902,-1.80817737033512,-1.02702250982568
"GOBP AMINO ACID METABOLIC PROCESS",1.12934332209786,-1.31498565645619,0.988698619119918,1.38385946536157,-1.78496238281009,0.88718343501251
"GOBP ANDROGEN METABOLIC PROCESS",0.487161551738094,NA,-0.891068031542736,0.779904613484762,-1.8675120381393,0.570555683006551
"GOBP ANTIGEN PROCESSING AND PRESENTATION",1.53123512409427,-0.698381452066602,1.51536219098746,1.30296219280404,-0.97827835372945,1.34131393718384
"GOBP ANTIGEN PROCESSING AND PRESENTATION OF EXOGENOUS ANTIGEN",1.58815771765673,-0.923571900877943,1.53211542026476,1.47747427133927,-0.903825335236656,1.54015975190517
"GOBP ANTIGEN PROCESSING AND PRESENTATION OF EXOGENOUS PEPTIDE ANTIGEN",1.58617039172352,-1.135567605503,1.52008716617517,1.52621241627655,-0.922733716233653,1.52273010537476
"GOBP ANTIGEN RECEPTOR MEDIATED SIGNALING PATHWAY",1.60389772652886,-0.913144753483685,1.52111989398424,0.938165728757625,0.577116747068859,0.991841418103308
"GOBP ANTIMICROBIAL HUMORAL IMMUNE RESPONSE MEDIATED BY ANTIMICROBIAL PEPTIDE",1.82423950819126,1.07615880194523,1.77278658141457,1.43658751818223,0.991064891047225,1.55203207620305
"GOBP ANTIMICROBIAL HUMORAL RESPONSE",1.75878119882284,1.23248414815378,1.71138408951501,1.39088288144556,-0.8961716303989,1.44123089106798
"GOBP ANTIVIRAL INNATE IMMUNE RESPONSE",1.68106166280204,1.87266874733366,1.77521115435514,1.55554471292526,-1.15658762555212,1.48509540760046
"GOBP ASTROCYTE ACTIVATION",1.50829376335608,NA,1.65611670160067,0.795021892314722,0.92194679006838,1.07637413271671
"GOBP ATP BIOSYNTHETIC PROCESS",-0.999728063639879,-1.32054495966487,-1.59799814238505,-1.73689572748458,1.12666345492324,-0.995546154420287
"GOBP ATP SYNTHESIS COUPLED ELECTRON TRANSPORT",0.647650369309485,0.835871236215231,-1.03754407755339,-1.24014271213646,1.70962398846849,0.676612894889757
"GOBP ATTACHMENT OF MITOTIC SPINDLE MICROTUBULES TO KINETOCHORE",1.67638536234074,NA,1.6446692831961,1.43376923502717,0.681898181271906,1.52323711213426
"GOBP ATTACHMENT OF SPINDLE MICROTUBULES TO KINETOCHORE",1.82313399744331,-1.14923342052141,1.70907012491665,1.6741766799747,0.762381370996816,1.65048809998621
"GOBP BILE ACID METABOLIC PROCESS",-1.09734271787826,-0.941150131875303,0.561195698037268,1.19643351588921,-1.74653891922951,-1.2422679343214
"GOBP BIOLOGICAL PROCESS INVOLVED IN INTERACTION WITH SYMBIONT",1.56092446413375,NA,1.36922536483222,1.4618984211193,-1.7772938029862,0.70320455559566
"GOBP BIOLOGICAL PROCESS INVOLVED IN SYMBIOTIC INTERACTION",1.39623677955644,-1.03886693562736,1.23297180765371,1.20921024334271,-1.2938605354632,1.10376067391487
"GOBP BRANCHING INVOLVED IN BLOOD VESSEL MORPHOGENESIS",-1.85697162489247,1.50068742129234,-0.805934402381921,-1.53910445520706,0.655350185179531,-1.33148455224023
"GOBP B CELL ACTIVATION",1.45278535700109,-0.862295789281725,1.47115682377007,1.09305740803798,0.558952230813427,1.26081084839611
"GOBP B CELL MEDIATED IMMUNITY",1.56353630528682,-0.890466886325191,1.48689439794567,1.39599716291294,-1.71367759951197,0.87558628784392
"GOBP CARBOHYDRATE CATABOLIC PROCESS",0.702397379715573,-1.28404236508152,0.593222226327167,0.682684524929122,-1.70633601373903,-0.98938715072964
"GOBP CD4 POSITIVE ALPHA BETA T CELL ACTIVATION",1.57533936707488,1.18847946621725,1.51251133855222,1.09727238821885,1.07472651053561,1.27042989615407
"GOBP CD8 POSITIVE ALPHA BETA T CELL ACTIVATION",1.60088805103146,1.6322490073385,1.53387342800907,1.04737132375681,-0.703215348763217,1.14459338394105
"GOBP CDC42 PROTEIN SIGNAL TRANSDUCTION",0.990949594759617,NA,1.18111734132459,1.14920924064128,-1.70108102517253,0.633941320223868
"GOBP CELLULAR COMPONENT DISASSEMBLY",1.42854651838342,-1.56278192962931,1.30067686502147,1.1965303638686,-0.762651703568265,1.11739618750075
"GOBP CELLULAR OXIDANT DETOXIFICATION",0.96530662365667,0.878297983277886,1.08475149266434,1.24610713448234,-1.81947583453117,0.949755083258875
"GOBP CELLULAR RESPONSE TO CALCIUM ION",1.22064484316123,2.14405477462656,1.25226714503925,0.774643544460295,1.85025495860015,1.30892753321563
"GOBP CELLULAR RESPONSE TO MOLECULE OF BACTERIAL ORIGIN",1.43460903329786,1.03706760338947,1.39390229526116,1.11190937656744,-0.635461005725226,1.18003200789713
"GOBP CELLULAR RESPONSE TO TOPOLOGICALLY INCORRECT PROTEIN",1.10036392621399,-2.1724904379809,0.710249584936296,1.16715956518999,-0.729207785397733,1.03213557552091
"GOBP CELLULAR RESPONSE TO TOXIC SUBSTANCE",0.934220489295148,1.21035705122204,1.16725799806464,1.19723001841571,-1.64443498368796,0.985263724058088
"GOBP CELLULAR RESPONSE TO UNFOLDED PROTEIN",1.08453906038667,-2.18316414453625,0.64494281566016,1.17776772025034,-0.68203679679153,1.04164798030233
"GOBP CELLULAR RESPONSE TO XENOBIOTIC STIMULUS",0.810666277455621,1.65471205274762,0.835655631351428,0.729273078852151,-1.7533389650143,-1.21716859079429
"GOBP CELL ACTIVATION INVOLVED IN IMMUNE RESPONSE",1.55718705111309,-0.924966002167152,1.50983351404176,1.15754535056747,0.801653437363259,1.36846590169231
"GOBP CELL CELL ADHESION",1.41803193721433,1.20127363406712,1.44588899148473,1.23959181155122,-0.801306092260455,1.28255691935551
"GOBP CELL CHEMOTAXIS",1.64086443705236,1.16156720227779,1.64325765011423,1.30141002281029,-0.720048731470678,1.38845623109146
"GOBP CELL CYCLE CHECKPOINT SIGNALING",1.49252034412311,-1.06487373588997,1.37018188917913,1.22557810615057,0.946491056635398,1.39454625510465
"GOBP CELL CYCLE PHASE TRANSITION",1.41391717989456,-1.3005279480117,1.25679809270943,1.05489606184642,0.636107523115986,1.18206628578792
"GOBP CELL CYCLE PROCESS",1.30999285451636,-1.35067061232292,1.18293586588529,1.01143680008894,0.635771707321672,1.06597314532094
"GOBP CELL DIVISION",1.4345046620524,-0.941804478160651,1.25271374759667,1.07984040776807,0.834765662235927,1.22013806083692
"GOBP CELL KILLING",1.76322403738925,-1.00887775462221,1.72224087946299,1.44621913054639,-1.45624131643154,1.2744499748985
"GOBP CELL RECOGNITION",1.57326349350642,-1.36775098475163,1.40577250827687,1.14014709843804,-1.18348271818519,1.04345662749202
"GOBP CELL SURFACE RECEPTOR SIGNALING PATHWAY VIA STAT",1.46180780890313,-1.24076109572266,1.3959078657587,1.0882792911236,0.822350045183652,1.3255736764249
"GOBP CHEMOKINE PRODUCTION",1.68076922497257,1.32406139576131,1.68299099454691,1.29479749465076,1.03694562993115,1.34296825021891
"GOBP CHOLESTEROL EFFLUX",-1.01526527386116,1.21446034797999,0.717104965094277,1.35621162557654,-2.09004726237898,-1.27950749628438
"GOBP CHONDROCYTE DEVELOPMENT",0.936102787476836,-1.89183020383506,0.603862424923366,0.855636141495518,0.616536573671083,0.905041659635206
"GOBP CHROMOSOME LOCALIZATION",1.84716628814171,-0.881431887639128,1.7166810726376,1.68597276706242,0.929188342019089,1.7400322530777
"GOBP CHROMOSOME ORGANIZATION",1.50866383269258,-1.02793809483927,1.36414211654135,1.24668926791242,0.886930442221437,1.30737728581867
"GOBP CHROMOSOME SEGREGATION",1.69127155678501,-1.49549616786397,1.56419061259255,1.4126385243976,0.849363889574945,1.43232409553418
"GOBP CHROMOSOME SEPARATION",1.83008111395199,-0.736959887063804,1.69361721227515,1.57907474150627,0.763009692463213,1.56121682156971
"GOBP COLLAGEN METABOLIC PROCESS",1.54862647331264,-1.31888483134606,1.42394123117808,1.40507823387651,-1.38733766364972,1.43653938021293
"GOBP COLLATERAL SPROUTING",0.780601303595778,-1.96221650873109,-0.490295392740584,1.40380796012672,-0.960280771758704,1.32015835552969
"GOBP COMPLEMENT ACTIVATION",1.47687914851037,1.22764009911823,1.27562715931166,1.21323198145893,-2.05014050525538,-1.6237265134899
"GOBP COMPLEMENT ACTIVATION ALTERNATIVE PATHWAY",1.52556241821325,NA,1.27717737913917,1.31111226508257,-1.8540322834643,-1.74727120954769
"GOBP COMPLEMENT ACTIVATION CLASSICAL PATHWAY",1.47641960166797,-1.11657325491091,1.0897416496751,1.349882629742,-1.99015427666017,-1.78256923476189
"GOBP CYTOKINE MEDIATED SIGNALING PATHWAY",1.531516745105,-1.10440452194352,1.53682512691864,1.25009022552312,0.611582812567209,1.42797411554113
"GOBP CYTOKINE PRODUCTION",1.4815544832101,-1.12321646818412,1.44746517867938,1.19247496365515,-0.717037441092362,1.26497034222479
"GOBP CYTOSKELETON DEPENDENT CYTOKINESIS",1.58264281655048,-1.06823552554309,1.40620371283024,1.2256121825576,0.65706883027438,1.36469705642623
"GOBP DEFENSE RESPONSE TO BACTERIUM",1.48033943667739,1.38076119497664,1.52916080530873,1.23161228348754,-0.966504733732038,1.25333694212572
"GOBP DEFENSE RESPONSE TO OTHER ORGANISM",1.46801142981735,1.17178692607886,1.49900941684359,1.25761586625137,-1.05177938107321,1.216311465677
"GOBP DEFENSE RESPONSE TO VIRUS",1.47091090622567,1.30913353997474,1.49990839453017,1.30422917235634,-0.716177251062414,1.37623581216331
"GOBP DETOXIFICATION",1.03839768953541,0.935231385220719,1.1928967125034,1.28403008240563,-1.6756506109422,1.08734013225946
"GOBP DIGESTION",1.21160025643779,-1.09054865659834,1.27611682955995,1.50758697770086,-1.8510730427609,1.1587838952465
"GOBP DIGESTIVE SYSTEM PROCESS",1.04668878308183,-0.992820784903417,1.1522134171625,1.38927347744151,-1.7161225449969,1.0792199651464
"GOBP DISRUPTION OF ANATOMICAL STRUCTURE IN ANOTHER ORGANISM",1.78275552106224,-1.16761958194918,1.6075758113613,1.56845497587843,-1.67323889748534,1.13539269151315
"GOBP EOSINOPHIL CHEMOTAXIS",1.59296862508007,NA,1.68079210997611,1.6060059357697,0.632812539150872,1.66990127463703
"GOBP EOSINOPHIL MIGRATION",1.67714933717249,-1.63560408502542,1.67635794157275,1.64018838099577,0.769209109815496,1.67743832708118
"GOBP EPITHELIAL CELL APOPTOTIC PROCESS",1.57954182474738,-0.957935481898125,1.42617693964741,1.24184425847563,-0.627541754858255,1.27555389637962
"GOBP EXTERNAL ENCAPSULATING STRUCTURE ORGANIZATION",1.37523927891056,-1.21112360204142,1.28814114223291,1.32044180130932,-0.907873375562257,1.34179697000901
"GOBP FATTY ACID METABOLIC PROCESS",0.691048708748944,1.48937458598631,0.87761601489671,0.990646228082774,-1.74062314822385,0.555422004826398
"GOBP FIBRINOLYSIS",1.0583316369245,-0.982883330829,1.32666858946796,1.40889049966362,-1.7813991821273,-0.969997884510913
"GOBP GLIAL CELL ACTIVATION",1.47815123757352,1.20280495408335,1.6280336359302,0.762996656730928,0.863512474661662,0.796724655636283
"GOBP GRANULOCYTE ACTIVATION",1.70981787268507,-1.390565655418,1.62429269025297,1.36798678809551,1.04712258261542,1.49755434058502
"GOBP GRANULOCYTE CHEMOTAXIS",1.65247321903036,1.3690976147255,1.74868105048929,1.13604582989593,0.880506362047812,1.36819716011208
"GOBP GRANULOCYTE MIGRATION",1.63711665162205,1.24264047420458,1.68051428638377,1.11462035197368,0.896062842249262,1.33367652514923
"GOBP G PROTEIN COUPLED RECEPTOR SIGNALING PATHWAY",1.33351434491333,1.47086940623176,1.38860449048241,1.13807628881542,-1.16212103669775,1.02171657364156
"GOBP HEMOPOIESIS",1.24901123034268,1.53983927929497,1.34967000086528,0.900699970737035,1.0552512299843,1.12250260791675
"GOBP HEMOSTASIS",1.15784694522553,-0.995868259550841,1.25207416960714,1.14981835581496,-1.96112552500836,NA
"GOBP HEPATOCYTE APOPTOTIC PROCESS",1.59915636212496,-1.11095231436996,1.59994164163117,1.44199146192769,-0.952687437804961,1.32394507898058
"GOBP HIGH DENSITY LIPOPROTEIN PARTICLE REMODELING",-0.772498150942506,NA,1.22305605840981,1.55800501696263,-1.76117623632074,-0.875877440231154
"GOBP HORMONE BIOSYNTHETIC PROCESS",0.859693445106922,0.897096811986568,1.03422793807151,0.79788431297159,-1.76073780191723,0.994057661588543
"GOBP HORMONE METABOLIC PROCESS",0.800316221501863,1.179408465109,0.909077794200355,0.885511665241522,-1.73131452417781,0.681836687100641
"GOBP HUMORAL IMMUNE RESPONSE",1.79682911032154,1.32526236834773,1.70658038017059,1.39815064904113,-1.50839780515301,1.20509986954026
"GOBP HUMORAL IMMUNE RESPONSE MEDIATED BY CIRCULATING IMMUNOGLOBULIN",1.59115287146708,-1.04510378373433,1.37832182793307,1.40825042268027,-1.91400158993232,-1.33882136426599
"GOBP IMMUNE EFFECTOR PROCESS",1.55271762539451,0.921029212285698,1.51674463079859,1.26776423102032,-1.26462275310746,1.16470340403228
"GOBP IMMUNE RESPONSE REGULATING CELL SURFACE RECEPTOR SIGNALING PATHWAY",1.5600871858905,-1.33120100877402,1.47363962403294,1.10121059482569,-0.902615064315815,0.999648281064483
"GOBP IMMUNE RESPONSE REGULATING SIGNALING PATHWAY",1.50697625317065,-1.31082378014403,1.44363333435738,1.09836880134199,-0.777187963315994,1.06080137432706
"GOBP INFLAMMATORY CELL APOPTOTIC PROCESS",1.68337457908644,-0.964160115693089,1.66005632440457,1.21522773266632,-0.610361414380559,1.32542762077109
"GOBP INFLAMMATORY RESPONSE",1.36382275268322,1.34694204713649,1.43482198362401,1.21076877371703,-0.938642229677999,1.21610038440538
"GOBP INTERLEUKIN 27 MEDIATED SIGNALING PATHWAY",1.56201352318888,NA,1.68872743090692,1.65632197704644,-0.895962573490327,1.58868519713349
"GOBP INTERLEUKIN 8 PRODUCTION",1.54849100890396,0.965272422564114,1.51156079393903,1.34192018245323,0.871468065766433,1.54237025258334
"GOBP ISOPRENOID METABOLIC PROCESS",0.714679497627302,1.24658120918701,0.716528637393908,0.976200322326565,-1.67212750852176,-0.962863857101134
"GOBP KETONE METABOLIC PROCESS",0.870675282079014,1.68455382972892,0.98904872773837,1.15585406216642,-1.87967574799316,0.724878916626926
"GOBP LEUKOCYTE APOPTOTIC PROCESS",1.70862307400952,-1.21147034696013,1.62206002913655,1.03103477290329,0.727683461431263,1.33584503722628
"GOBP LEUKOCYTE CELL CELL ADHESION",1.56307355025546,1.03900481415502,1.58157029502564,1.21634906298638,-0.613229316522591,1.35470293837355
"GOBP LEUKOCYTE CHEMOTAXIS",1.62611651761048,1.26678624333801,1.64627237929156,1.24479570635525,-0.612259283765479,1.39467221631575
"GOBP LEUKOCYTE DEGRANULATION",1.72571160437876,-1.61757264125668,1.49727193239228,1.3759719753138,1.06864162357351,1.44563916458121
"GOBP LEUKOCYTE DIFFERENTIATION",1.411529280434,1.55086596948571,1.50329371264284,1.02770220461941,0.936878667556238,1.20042852288245
"GOBP LEUKOCYTE MEDIATED CYTOTOXICITY",1.72912534161743,-0.768515472978589,1.73876203718565,1.41860228133055,-0.807655715717154,1.47928365380699
"GOBP LEUKOCYTE MEDIATED IMMUNITY",1.66948968210011,-0.933881249146656,1.57221603526907,1.37128494770704,-1.21958929369112,1.20044878236996
"GOBP LEUKOCYTE MIGRATION",1.51440535037706,1.21988660853032,1.56680641478828,1.14871288969472,0.808313519601003,1.28627664457508
"GOBP LEUKOCYTE PROLIFERATION",1.53180551815826,-1.032116676225,1.4822692069783,1.10091904670463,-0.752989144495505,1.18506183170022
"GOBP LIPID BIOSYNTHETIC PROCESS",0.678076147803662,1.26006192996007,0.780983103645153,0.838504628078945,-1.58496495097295,0.636911519856794
"GOBP LIPID CATABOLIC PROCESS",0.599195170621997,1.04211949878955,0.763623155950596,0.907590818381764,-1.8710504223834,NA
"GOBP LIPID HOMEOSTASIS",0.798053104859015,1.18827450851707,0.948285440800315,1.195534354556,-2.02462020126327,-0.983112635594768
"GOBP LIPID LOCALIZATION",0.882419627598883,-1.02900450321544,0.884560895124936,1.04523517669027,-1.46496392874135,0.697740623163807
"GOBP LIPOPROTEIN METABOLIC PROCESS",1.23659530201461,-0.943356351753902,1.33070203481222,1.71377332988247,-1.77299022080044,1.05312156933825
"GOBP LONG CHAIN FATTY ACID METABOLIC PROCESS",1.04092345192593,0.940457506534169,0.975929306047998,1.17900164844994,-1.66992443717824,0.612674080505399
"GOBP LYMPHOCYTE ACTIVATION",1.50343901617166,1.1546897518174,1.52097762224238,1.07037685134334,0.760443872306452,1.21092109404676
"GOBP LYMPHOCYTE ACTIVATION INVOLVED IN IMMUNE RESPONSE",1.54906952786781,0.914929869397344,1.53123152856336,1.2039352304362,0.732012830171513,1.36256365931624
"GOBP LYMPHOCYTE APOPTOTIC PROCESS",1.61794435423243,-0.962182603694198,1.51446387951187,0.782836269841467,1.16925772035322,1.19252978760826
"GOBP LYMPHOCYTE CHEMOTAXIS",1.67004936252935,0.966798468915386,1.57393321224114,1.36998765229706,0.706383368720828,1.44200738310169
"GOBP LYMPHOCYTE DIFFERENTIATION",1.46698117979893,1.41269541107043,1.52821143193906,1.0195819650686,0.843010935709525,1.18091743972813
"GOBP LYMPHOCYTE MEDIATED IMMUNITY",1.66056215789146,0.833136053259528,1.62251015840037,1.37768343589663,-1.36447666935061,1.14105881316864
"GOBP LYMPHOCYTE MIGRATION",1.56721442365386,0.949961965810148,1.49406860059535,1.18123425342306,0.825677218737329,1.23535971301972
"GOBP L ALPHA AMINO ACID TRANSMEMBRANE TRANSPORT",1.52084140917274,-1.9533134826266,1.26831225595521,1.34177925239455,-0.448271179961419,1.35700537862411
"GOBP L AMINO ACID CATABOLIC PROCESS",0.624685122876537,0.954318568821551,0.608770682074946,1.34668317900774,-1.81824784922824,-1.3728906597678
"GOBP L AMINO ACID METABOLIC PROCESS",1.02912222756477,-1.21590499316765,0.815886730376459,1.31784055618716,-1.75198439503591,0.638669553816818
"GOBP MACROPHAGE ACTIVATION",1.44794091152312,-1.06695588838756,1.52549760594146,0.899302278063057,0.721266471440096,0.985779496294328
"GOBP MEMBRANELESS ORGANELLE ASSEMBLY",1.42272981889945,-1.57682184882835,1.23680825250081,1.26146097929858,-0.412090934955138,1.26930424060284
"GOBP METAPHASE CHROMOSOME ALIGNMENT",1.84284254436658,-0.736006892431815,1.77209973371889,1.68912256821439,1.0033993558869,1.74474224915297
"GOBP MICROTUBULE BASED MOVEMENT",1.47138813240994,0.678559092637823,1.34735026717448,1.00574303853133,-0.509621081216931,1.0898595892092
"GOBP MICROTUBULE CYTOSKELETON ORGANIZATION INVOLVED IN MITOSIS",1.69448298449858,-1.45001054029849,1.48559188320203,1.41580206868216,1.01731732975381,1.51995880384901
"GOBP MITOCHONDRIAL ELECTRON TRANSPORT NADH TO UBIQUINONE",-1.88370826762669,1.24799466365572,-1.89497232928086,-1.88079925762546,1.45318145936893,-1.0548959049399
"GOBP MITOTIC CELL CYCLE",1.40052450938846,-1.37308222561713,1.2643029339852,1.08513696688187,0.723238920345784,1.20536524479631
"GOBP MITOTIC CELL CYCLE CHECKPOINT SIGNALING",1.63504436949881,-0.939125183647434,1.55253340487777,1.38329516467711,1.05098417519578,1.54469524821188
"GOBP MITOTIC CELL CYCLE PHASE TRANSITION",1.47269908146319,-1.35338527593094,1.33592476550492,1.14047227035002,0.697516122338926,1.26943305336008
"GOBP MITOTIC CELL CYCLE PROCESS",1.42712947759724,-1.44301545390899,1.28311024055014,1.11893576682604,0.749681294148564,1.23002238590683
"GOBP MITOTIC CYTOKINESIS",1.63926787334036,-1.19351409477837,1.4545765004979,1.2782765104864,0.728945879187276,1.42140524099425
"GOBP MITOTIC CYTOKINETIC PROCESS",1.62055570775787,NA,1.57607779414797,1.28337431325331,0.546303992710087,1.25389113008214
"GOBP MITOTIC METAPHASE CHROMOSOME ALIGNMENT",1.79848200174846,-0.610416392653894,1.6875924806537,1.51187185385438,0.778645288172327,1.59125643499395
"GOBP MITOTIC NUCLEAR DIVISION",1.68599828530295,-1.21816766122815,1.5394515749699,1.44533582222379,0.997400378209441,1.49061481577758
"GOBP MITOTIC SISTER CHROMATID COHESION",1.57934086770111,NA,1.64263133299803,0.882949712936947,0.58819789049011,0.958386687938637
"GOBP MITOTIC SISTER CHROMATID SEGREGATION",1.81651896884808,-1.38966435087994,1.62314426252951,1.58499919609487,1.06354962144637,1.63254520956667
"GOBP MITOTIC SISTER CHROMATID SEPARATION",1.87688206865875,0.871066605947884,1.7421888657129,1.66051748992439,0.795915868293575,1.64616301944164
"GOBP MITOTIC SPINDLE ASSEMBLY",1.66556205370238,-1.50661772358845,1.40845605750228,1.42796842412596,1.02666599304664,1.54746926084385
"GOBP MITOTIC SPINDLE ORGANIZATION",1.69924604040914,-1.52954218595385,1.47372413687209,1.34770873228401,0.989547325231223,1.47927720763946
"GOBP MONOCARBOXYLIC ACID BIOSYNTHETIC PROCESS",0.955069386850156,1.48911917434806,1.04297077016488,1.28690064605643,-1.7815529165716,0.856195825898183
"GOBP MONOCARBOXYLIC ACID CATABOLIC PROCESS",-0.892890640530345,1.24016872895727,0.478164822682821,0.658980297615629,-1.75393494018965,-1.57719039827967
"GOBP MONOCARBOXYLIC ACID METABOLIC PROCESS",0.768913869833922,1.31056234668599,0.820376501412202,0.960717635659847,-1.74891237843507,0.553523383722761
"GOBP MONONUCLEAR CELL DIFFERENTIATION",1.46933779373787,1.43626132259761,1.53449456018634,1.0583571152827,0.904888932714493,1.23846924037648
"GOBP MONONUCLEAR CELL MIGRATION",1.56663542731582,-1.23600208288759,1.5261171116078,1.20287676551683,-0.75958477855731,1.20957001053995
"GOBP MYELOID CELL ACTIVATION INVOLVED IN IMMUNE RESPONSE",1.60581939720997,-1.19029648691678,1.47599385627283,1.21050594782205,1.11596046110921,1.36340820901887
"GOBP MYELOID LEUKOCYTE ACTIVATION",1.53097476262988,-1.05768953573661,1.49768267650425,1.14943449994356,0.889161464741116,1.3067678353048
"GOBP MYELOID LEUKOCYTE DIFFERENTIATION",1.29059010129628,1.72398536066873,1.38824793098079,0.995726389191275,1.12436386646256,1.2415384461299
"GOBP MYELOID LEUKOCYTE MEDIATED IMMUNITY",1.72536992056351,-1.41943431083343,1.47404223555398,1.36140685020333,-0.792499229437551,1.39733171058022
"GOBP MYELOID LEUKOCYTE MIGRATION",1.52858886072897,1.22606234592387,1.58899809771547,1.13157163954762,0.778021800026557,1.30881469840289
"GOBP NATURAL KILLER CELL ACTIVATION",1.56689459509917,0.760700948617708,1.55111168505304,1.17433394716167,1.19706607018768,1.40491736067023
"GOBP NATURAL KILLER CELL MEDIATED IMMUNITY",1.59556176862472,-0.496818600311773,1.65850313548034,1.22300589058487,1.05097225100383,1.45308678040722
"GOBP NEGATIVE REGULATION OF ANTIGEN RECEPTOR MEDIATED SIGNALING PATHWAY",1.669025643755,-0.944495267958176,1.45626509009795,1.21468078183676,0.676369552377633,1.30990176774237
"GOBP NEGATIVE REGULATION OF CELLULAR COMPONENT ORGANIZATION",1.28312167290412,-1.32148373332141,1.30952542234071,1.17411287420101,-0.916014624182673,1.10339655036621
"GOBP NEGATIVE REGULATION OF CELL ACTIVATION",1.59011409160863,-1.00472672027963,1.53115539592688,1.1296250569053,-0.663972379712626,1.26823869673906
"GOBP NEGATIVE REGULATION OF CELL ADHESION",1.4043144924673,1.07577625889785,1.31469838329107,1.06759236340002,-0.992392467203817,1.02328330703315
"GOBP NEGATIVE REGULATION OF CELL CELL ADHESION",1.41733820894619,1.1777711834423,1.379016864493,1.01984641788891,-0.922624491177854,0.971170599388394
"GOBP NEGATIVE REGULATION OF CELL CYCLE",1.37205544623264,-0.983816737906225,1.31475562679059,1.09515141116602,0.77307308147395,1.2760026998242
"GOBP NEGATIVE REGULATION OF CELL CYCLE PROCESS",1.41844196901946,-1.0133996790234,1.32241141385542,1.13310804515766,0.767685458478762,1.26669702640912
"GOBP NEGATIVE REGULATION OF CHROMOSOME ORGANIZATION",1.86502909790555,1.04511530288036,1.75688770029874,1.64931209804567,0.710092602294558,1.62315676714775
"GOBP NEGATIVE REGULATION OF COAGULATION",1.15035107864573,-1.07158134545802,1.3892866534442,1.35734556022275,-1.91744096939892,0.698955951290123
"GOBP NEGATIVE REGULATION OF CYTOKINE PRODUCTION",1.39168850596539,1.14230386045384,1.39458689860244,1.08808485166892,-0.668551929096621,1.20599968166685
"GOBP NEGATIVE REGULATION OF DEFENSE RESPONSE",1.46685060563767,1.2135912721608,1.53692018405436,1.20304667779655,-0.810043870481382,1.2520333449382
"GOBP NEGATIVE REGULATION OF EXTRINSIC APOPTOTIC SIGNALING PATHWAY VIA DEATH DOMAIN RECEPTORS",1.06565612650061,-1.56927338375998,1.15203253378347,1.28005390720685,-1.81110239106323,0.708750631037684
"GOBP NEGATIVE REGULATION OF IMMUNE EFFECTOR PROCESS",1.5556516545863,-1.10147906866876,1.481896960252,1.26095375195321,-1.02538147914512,1.27619994754443
"GOBP NEGATIVE REGULATION OF IMMUNE RESPONSE",1.5906161101425,-0.986407358616424,1.5938253662829,1.34304742089682,0.662465264015288,1.4139019321005
"GOBP NEGATIVE REGULATION OF IMMUNE SYSTEM PROCESS",1.55121055682937,0.992525515063532,1.5536884317891,1.22861643364149,-0.603863057499259,1.32542829411032
"GOBP NEGATIVE REGULATION OF INNATE IMMUNE RESPONSE",1.57895111090475,0.958138038808405,1.63478164381182,1.46649136462164,-1.20164942333021,1.42416521874773
"GOBP NEGATIVE REGULATION OF LEUKOCYTE APOPTOTIC PROCESS",1.60410101989892,0.627773355618933,1.57755237803555,0.999213227520554,0.666729322331506,1.42701900613667
"GOBP NEGATIVE REGULATION OF LEUKOCYTE CELL CELL ADHESION",1.54503204567254,0.939128278362421,1.47465101184385,1.12173246420951,-0.768364691795941,1.24577252117332
"GOBP NEGATIVE REGULATION OF LEUKOCYTE PROLIFERATION",1.56425169997717,-0.863208922780288,1.35953247286916,1.15072462351414,-1.32212027260877,1.0475703463378
"GOBP NEGATIVE REGULATION OF LYMPHOCYTE ACTIVATION",1.5679903273524,-0.984563308229538,1.49381408230353,1.15676165034229,-0.571898960769396,1.3277189116441
"GOBP NEGATIVE REGULATION OF MITOTIC CELL CYCLE",1.48276202030906,-1.01474648466859,1.38696902470147,1.15985539264041,0.961114711251228,1.41693772234873
"GOBP NEGATIVE REGULATION OF MITOTIC CELL CYCLE PHASE TRANSITION",1.58665693024625,-1.17603505511549,1.48652456279553,1.29955524626275,1.06593675036248,1.47921483358148
"GOBP NEGATIVE REGULATION OF MOLECULAR FUNCTION",1.46786177753948,1.00457704177196,1.40025949359062,1.2712437175089,-0.662898497828969,1.32297376066429
"GOBP NEGATIVE REGULATION OF NUCLEAR DIVISION",1.80206432894764,0.834732399884292,1.70194060140744,1.64534449718149,0.857327307648358,1.64311687546404
"GOBP NEGATIVE REGULATION OF PROGRAMMED CELL DEATH",1.29484954855381,-1.389886594284,1.25151275249311,1.08640221218389,0.638143487636325,1.23154241297614
"GOBP NEGATIVE REGULATION OF RESPONSE TO BIOTIC STIMULUS",1.59469717882852,0.981531990981542,1.62912338887871,1.33442104416816,-0.921721637566576,1.33889551111866
"GOBP NEGATIVE REGULATION OF RESPONSE TO EXTERNAL STIMULUS",1.40971704401751,1.19404728483012,1.49532695669066,1.23503236011889,-1.32347574855339,1.10634570998149
"GOBP NEGATIVE REGULATION OF RESPONSE TO WOUNDING",1.07867505494572,-1.21870598201772,1.23166419407928,1.21154285221042,-1.85890170659665,0.709010834135071
"GOBP NEGATIVE REGULATION OF T CELL RECEPTOR SIGNALING PATHWAY",1.67530845439468,-0.941394089316387,1.44971363560237,1.20714196642916,0.692443894091111,1.29242475685172
"GOBP NEGATIVE REGULATION OF VIRAL GENOME REPLICATION",1.68681632745126,1.86834488477271,1.68025760059771,1.62249135201496,-0.422852643243265,1.67340488743144
"GOBP NEGATIVE REGULATION OF VIRAL PROCESS",1.66629425088906,1.70644660758735,1.63751238614259,1.57524636929929,-0.804628166023742,1.53958545634988
"GOBP NEGATIVE REGULATION OF WOUND HEALING",1.06216939755491,-0.994541164785893,1.30660173436269,1.27873034494215,-1.89533794465215,0.641422723515402
"GOBP NEUROINFLAMMATORY RESPONSE",1.57208098093178,1.25386634378702,1.66578309552246,0.979883653932507,0.644179198896101,0.979284812932474
"GOBP NEUROMUSCULAR PROCESS",1.02025277281372,-1.83309621314942,0.86696007796754,0.995566274054143,0.439031321460663,1.05234480151163
"GOBP NEUTROPHIL CHEMOTAXIS",1.62895187889262,1.51140412132776,1.66152314999256,1.03348761382562,0.718906916887724,1.18921987389581
"GOBP NEUTROPHIL MEDIATED IMMUNITY",1.63015263304912,-1.57059663463019,1.44179528121354,1.20834008661284,-1.05088828828396,0.975690035587054
"GOBP NEUTROPHIL MIGRATION",1.60239732739881,1.31840773864693,1.5870500731435,1.06395009623675,0.679896428655151,1.17551020068695
"GOBP NK T CELL ACTIVATION",1.70886872417101,NA,1.66630940176382,1.42409914038396,0.579722058284852,1.45785505109381
"GOBP NUCLEAR CHROMOSOME SEGREGATION",1.75997498613543,-1.26026519038287,1.61451467868114,1.51339131837571,1.01922394826292,1.5683820064335
"GOBP NUCLEOSIDE DIPHOSPHATE CATABOLIC PROCESS",0.713877316961873,-1.24302659935579,0.541758855905107,0.909778383011369,-1.7297377869751,0.543804558578161
"GOBP NUCLEOSIDE DIPHOSPHATE METABOLIC PROCESS",0.749157251935238,-1.18203737531954,0.705989230001129,0.95065522926186,-1.66607006907134,0.683904310698757
"GOBP OLEFINIC COMPOUND METABOLIC PROCESS",1.17507048086335,1.26585408057443,1.15240978434806,1.23299591374217,-1.79106231698516,0.894359064762788
"GOBP ORGANELLE FISSION",1.53292567435876,-1.0270042196185,1.40675429964675,1.27812864887341,0.913677968944531,1.2991553085263
"GOBP ORGANELLE LOCALIZATION",1.34109076233859,0.730509570907768,1.25172097502962,1.10080555752731,0.568904884140892,1.19965098977363
"GOBP ORGANIC ACID BIOSYNTHETIC PROCESS",1.14142600798753,1.24772285639683,1.14428397752356,1.32614851995423,-1.75043122334889,0.950379764704615
"GOBP ORGANIC ACID CATABOLIC PROCESS",0.542073627574828,1.14387017041734,0.503339871766225,1.06276958933889,-1.83170412271117,NA
"GOBP ORGANIC ACID METABOLIC PROCESS",0.848332513350155,1.13621178756885,0.816319720413572,1.02648500531984,-1.77016683791437,0.58624960088631
"GOBP ORGANOPHOSPHATE CATABOLIC PROCESS",0.516204420979254,-1.07753922094945,0.489011831663379,0.769699844982797,-1.55984129650005,NA
"GOBP ORGANOPHOSPHATE ESTER TRANSPORT",-0.802450020493844,-1.23523724039015,0.602546554676336,1.01740214283271,-1.77219303239111,-0.71742710465147
"GOBP ORGANOPHOSPHATE METABOLIC PROCESS",0.574093694014456,-0.952136307506168,0.499934782508767,0.696538737594356,-1.39585089425199,0.437196130325672
"GOBP PEPTIDYL TYROSINE MODIFICATION",1.44514043981997,0.844190978346313,1.49479968649305,1.01025050028024,0.68537999127724,1.13496632127409
"GOBP PHAGOCYTOSIS",1.42537972483922,-1.01407786349054,1.4115169732679,1.20268940890013,-0.884136874223828,1.21246328847597
"GOBP PLASMA LIPOPROTEIN PARTICLE CLEARANCE",1.15383806746139,-1.0047548284981,1.19358371943983,1.46862091232495,-1.89871448205279,0.79820565630361
"GOBP POSITIVE CHEMOTAXIS",1.66231070248737,-1.19808601303967,1.50739938037942,1.27826607911719,-0.595456899231134,1.28730179037432
"GOBP POSITIVE REGULATION OF ACUTE INFLAMMATORY RESPONSE",1.60646580482967,NA,1.67324095260736,1.34334928232288,1.16842549983802,1.5200341241183
"GOBP POSITIVE REGULATION OF ADAPTIVE IMMUNE RESPONSE",1.53836215159625,1.06785366756099,1.56672859747036,1.27128747966044,-0.992233204352245,1.36889299613254
"GOBP POSITIVE REGULATION OF ALPHA BETA T CELL ACTIVATION",1.79633399798846,1.00071094241427,1.7984840701679,1.44816271161189,-0.744130543271909,1.53984771596204
"GOBP POSITIVE REGULATION OF ALPHA BETA T CELL DIFFERENTIATION",1.7855723008616,0.785528336023009,1.75221981336734,1.36293341334148,0.708332891941242,1.5605820683885
"GOBP POSITIVE REGULATION OF ALPHA BETA T CELL PROLIFERATION",1.67998368108014,1.2434695041597,1.70805858661806,1.45921320491766,-0.875341752811313,1.34355444118152
"GOBP POSITIVE REGULATION OF CD4 POSITIVE ALPHA BETA T CELL ACTIVATION",1.7965943380536,0.736406903590159,1.70555387300568,1.36179531703212,0.935972341152379,1.52451091742656
"GOBP POSITIVE REGULATION OF CD4 POSITIVE ALPHA BETA T CELL DIFFERENTIATION",1.79912040852338,0.817847644715084,1.7121572397784,1.43466146655473,0.768665685710612,1.57865814161377
"GOBP POSITIVE REGULATION OF CELL ACTIVATION",1.47353207501646,1.07049725215587,1.51289214341395,1.05256979702331,0.818528186854412,1.22779463136021
"GOBP POSITIVE REGULATION OF CELL ADHESION",1.4437490082505,1.16457293343356,1.46785966171505,1.12409954164395,-0.800637746085368,1.15469406690138
"GOBP POSITIVE REGULATION OF CELL CELL ADHESION",1.55172411108178,0.964016849574648,1.58399906414387,1.18358904966773,-0.751471398422088,1.23728970916616
"GOBP POSITIVE REGULATION OF CELL CYCLE",1.37996604290912,-1.35035296339897,1.26122007527093,1.05664242969465,0.690670807069855,1.20163836923846
"GOBP POSITIVE REGULATION OF CELL CYCLE PROCESS",1.44276585007183,-1.20410076310605,1.34644203302743,1.16483468481962,0.85702665572416,1.30760205833262
"GOBP POSITIVE REGULATION OF CELL DEVELOPMENT",1.41512745015648,1.27912784867413,1.45757462663919,1.11563249485284,-0.685324368679447,1.24600655256081
"GOBP POSITIVE REGULATION OF CELL KILLING",1.67905096995278,0.773344714630675,1.69198159933367,1.39693002507971,-0.99966685493961,1.3982136212875
"GOBP POSITIVE REGULATION OF CELL POPULATION PROLIFERATION",1.36377396035404,1.06068481970732,1.2938405436129,1.05413395417845,-0.606055317754117,1.17925191986175
"GOBP POSITIVE REGULATION OF CHEMOKINE PRODUCTION",1.75392784917076,1.26264132778935,1.71082398511614,1.40836526933233,0.79450408740514,1.37002833285602
"GOBP POSITIVE REGULATION OF CHEMOTAXIS",1.54338221886435,-1.0537735904605,1.40894899378894,1.19953275565452,-0.610891252059371,1.31149202263405
"GOBP POSITIVE REGULATION OF CHROMOSOME SEPARATION",1.70672860016144,-1.23279289222439,1.46326688549681,1.23448920002064,-0.658375894445199,1.2765237440256
"GOBP POSITIVE REGULATION OF CYTOKINE PRODUCTION",1.53646244828189,-1.25130773850013,1.50845381924654,1.26824451520803,-0.628816876997624,1.35109853273429
"GOBP POSITIVE REGULATION OF DEFENSE RESPONSE",1.46411182519173,1.01303562746198,1.45518685824686,1.18540087543008,-0.567864097956522,1.19593405669897
"GOBP POSITIVE REGULATION OF ENDOCYTOSIS",1.49606116423565,0.948162179953237,1.4279323101868,1.29133112614296,-1.2360183064457,1.23577354472432
"GOBP POSITIVE REGULATION OF GRANULOCYTE CHEMOTAXIS",1.74042901847028,1.03167139943898,1.63903524002263,1.23862925738248,-0.822328247403979,1.33438578861815
"GOBP POSITIVE REGULATION OF HEMOPOIESIS",1.61245749922439,1.29781880387318,1.63705293116089,1.19483515157803,0.905812818316117,1.41327574025909
"GOBP POSITIVE REGULATION OF IMMUNE EFFECTOR PROCESS",1.6684539272356,-1.05145103148944,1.61238469264778,1.35445859323463,-1.20614571443331,1.418190640393
"GOBP POSITIVE REGULATION OF IMMUNE RESPONSE",1.57621403859241,-1.22472136974493,1.53286714432484,1.21798730826013,-1.30771606074104,1.09746945666155
"GOBP POSITIVE REGULATION OF INFLAMMATORY RESPONSE",1.5424036384852,1.25891252294376,1.56675350731532,1.21950067821704,0.958685173496677,1.31131737123265
"GOBP POSITIVE REGULATION OF INTERLEUKIN 8 PRODUCTION",1.50353602059344,-1.081785594403,1.57101481784755,1.27674691719664,1.17220620993979,1.54593520789773
"GOBP POSITIVE REGULATION OF LEUKOCYTE CELL CELL ADHESION",1.60291868046196,0.964718522501111,1.60384427397354,1.19190648494567,0.764632031239338,1.33932046927172
"GOBP POSITIVE REGULATION OF LEUKOCYTE CHEMOTAXIS",1.62040352749433,0.947433031507327,1.48432415230115,1.2445205921153,-0.545860459269295,1.37389509434367
"GOBP POSITIVE REGULATION OF LEUKOCYTE MEDIATED IMMUNITY",1.64247515447307,0.923286561534655,1.63426022040118,1.33859861062996,-1.02934653132088,1.43397673885493
"GOBP POSITIVE REGULATION OF LEUKOCYTE MIGRATION",1.6384038167714,-1.19556646530015,1.56970416311265,1.23814877574731,0.758857942459101,1.42469262250389
"GOBP POSITIVE REGULATION OF LEUKOCYTE PROLIFERATION",1.52418292350209,1.22192554655244,1.55233125472092,1.16536229451472,-0.702365529880135,1.30015970340861
"GOBP POSITIVE REGULATION OF LIPID METABOLIC PROCESS",-1.07593554627014,1.83957341129751,0.745892084268447,0.77793373711932,-1.23251388270867,0.574426458782007
"GOBP POSITIVE REGULATION OF LOCOMOTION",1.27601511152945,1.08382808921997,1.29712730750819,1.00444923693702,-0.587497305563661,1.0330651552209
"GOBP POSITIVE REGULATION OF LYMPHOCYTE DIFFERENTIATION",1.65827903851366,1.10030057013959,1.65576119260127,1.26885152405874,0.661940301852623,1.44310593249945
"GOBP POSITIVE REGULATION OF MITOTIC SISTER CHROMATID SEPARATION",1.69497075630249,NA,1.53274836870631,1.33380965280387,-0.871048404816268,1.30482674889755
"GOBP POSITIVE REGULATION OF MONONUCLEAR CELL MIGRATION",1.58990805220146,-1.28494264068785,1.47931895793916,1.16071376584613,0.85097297958374,1.30552983326047
"GOBP POSITIVE REGULATION OF NEUROINFLAMMATORY RESPONSE",1.45149269179396,NA,1.65745590834318,0.894357129604838,0.715488460356914,1.06313194296002
"GOBP POSITIVE REGULATION OF NEUTROPHIL MIGRATION",1.72242573783334,-1.1226614174185,1.61079265789917,1.23104798290982,-0.78576672354431,1.36639869897641
"GOBP POSITIVE REGULATION OF PHAGOCYTOSIS",1.70990818739122,-1.09809894763062,1.59424452647221,1.4208693533912,-1.43461283797865,1.28567701047424
"GOBP POSITIVE REGULATION OF PROGRAMMED CELL DEATH",1.28059598708879,1.02147376368115,1.28029308165641,1.03146506012743,0.627182801067696,1.13550746908767
"GOBP POSITIVE REGULATION OF RESPONSE TO BIOTIC STIMULUS",1.49971509394558,-1.16004260711502,1.46260982204337,1.27512919109918,-0.839007890372106,1.20811117216972
"GOBP POSITIVE REGULATION OF RESPONSE TO CYTOKINE STIMULUS",1.61106871043321,-1.28698097603003,1.60720502297451,1.3328942085652,-0.376110404560123,1.37868670704174
"GOBP POSITIVE REGULATION OF RESPONSE TO EXTERNAL STIMULUS",1.45501663616003,1.15670750971697,1.44956723579861,1.1831583639629,-0.797049255776645,1.15911186047293
"GOBP POSITIVE REGULATION OF SUBSTRATE ADHESION DEPENDENT CELL SPREADING",0.620015955055322,1.62005187059623,0.959581408836862,1.17232756355623,-1.89952233634368,-0.986207758214605
"GOBP POSITIVE REGULATION OF TUMOR NECROSIS FACTOR SUPERFAMILY CYTOKINE PRODUCTION",1.49641360897785,0.768818475380604,1.51046536221327,1.27529537006761,-0.615050477344803,1.30521192311701
"GOBP POSITIVE REGULATION OF TYPE II INTERFERON PRODUCTION",1.67697644717642,1.158496318701,1.64013409756333,1.3108278165218,0.596469095987356,1.44927522079772
"GOBP POSITIVE REGULATION OF TYPE I INTERFERON PRODUCTION",1.58847629783011,-1.31692913188423,1.5056278044638,1.40564732154193,-0.751249910860007,1.41053861490582
"GOBP POSITIVE REGULATION OF T CELL PROLIFERATION",1.59061829120435,1.31375298219686,1.62177260992507,1.22588043202241,-0.857070059066874,1.26538114124764
"GOBP POSITIVE REGULATION OF T HELPER CELL DIFFERENTIATION",1.68381130168064,NA,1.68597131367188,1.35211505723375,-0.694176424594406,1.438971024644
"GOBP POSITIVE T CELL SELECTION",1.63921134319224,0.867508493415256,1.69155444204573,1.051012296959,0.79933927360442,1.02653736797881
"GOBP PRIMARY ALCOHOL METABOLIC PROCESS",0.65034543356256,1.1694683246962,0.920177454448125,1.09678903810426,-1.92928529783094,-0.829907583015805
"GOBP PRODUCTION OF MOLECULAR MEDIATOR OF IMMUNE RESPONSE",1.4278686418628,-0.996862017717799,1.42060504360948,1.24418700378558,-1.02805950645126,1.27348558838299
"GOBP PROTEIN CONTAINING COMPLEX REMODELING",-1.41829979541212,NA,0.958394518229815,1.39564071550295,-1.74876017585185,-1.05449305317785
"GOBP PROTEIN FOLDING",1.25122532922818,-2.20935981489526,0.880935243871121,1.27510084744454,-0.820129458525944,1.1446470694198
"GOBP PROTEIN LIPID COMPLEX ASSEMBLY",-0.737793677056707,0.933478719318821,0.971812913903861,1.63183349779426,-1.96779161067039,-0.906234304586303
"GOBP PROTEIN LIPID COMPLEX ORGANIZATION",-1.37629726322057,1.50284987493029,0.857815203469875,1.4352717005084,-1.91071740959916,-1.16944308648813
"GOBP PROTEIN LOCALIZATION TO CHROMOSOME",1.74547656668047,0.493212355054715,1.47127937649048,1.45572688322815,1.27465023981095,1.5075858364211
"GOBP PROTEIN LOCALIZATION TO CHROMOSOME CENTROMERIC REGION",1.74604718063486,NA,1.54833807794698,1.64476461216721,1.3888053504794,1.6804156226007
"GOBP PROTEIN PROCESSING",1.16076030407639,-1.02976601463418,1.22360721908224,1.21418592352235,-1.61301127430263,0.835785399460277
"GOBP PROTEIN REFOLDING",1.36997150328216,-2.04885895450565,1.16389154354675,1.40854883693729,-0.776618442818255,1.4347742143153
"GOBP PROTEIN TARGETING",1.06136937112449,-1.86289561512637,0.861377579866527,0.913441833025208,-0.605740870884367,0.880048841209751
"GOBP PROTON MOTIVE FORCE DRIVEN ATP SYNTHESIS",-1.58253873590756,-1.27692182456774,-2.03479330540866,-2.22021686072452,1.63742584635325,-1.22613586487578
"GOBP PURINE CONTAINING COMPOUND METABOLIC PROCESS",0.518896143453955,0.806869464846105,0.420391231115266,0.750062844823712,-1.51287175867134,0.41313243838387
"GOBP PYRIDINE CONTAINING COMPOUND CATABOLIC PROCESS",0.796864927801373,-1.27427111616691,0.601318005811457,0.890138688037302,-1.66349991429599,0.573342311365471
"GOBP REGULATION OF ACUTE INFLAMMATORY RESPONSE",1.59503149384063,1.04660470762018,1.74715556514095,1.50140206728914,-0.772956100388715,1.63961011727418
"GOBP REGULATION OF ADAPTIVE IMMUNE RESPONSE",1.59081894476597,1.01644967587342,1.58042244234468,1.3204339733293,-0.827871411869576,1.41369099007509
"GOBP REGULATION OF ALPHA BETA T CELL ACTIVATION",1.68717018085769,1.05892755321084,1.7049432626774,1.20574427248468,0.957757339305936,1.40794397734245
"GOBP REGULATION OF ALPHA BETA T CELL DIFFERENTIATION",1.61349300983208,1.18395328415008,1.58993193828132,1.24869725855581,0.951541184339933,1.47841509189987
"GOBP REGULATION OF ANTIGEN RECEPTOR MEDIATED SIGNALING PATHWAY",1.69930991072591,-0.888369485520529,1.50435568797432,1.22349038600756,0.668644976144222,1.37684272777357
"GOBP REGULATION OF ATTACHMENT OF SPINDLE MICROTUBULES TO KINETOCHORE",1.69200598272861,-1.30294487946051,1.53078126442762,1.61159701625272,0.854301607054822,1.6308251162907
"GOBP REGULATION OF BODY FLUID LEVELS",1.08668269134654,-0.968209835579545,1.18172113649201,1.03964753762924,-1.6809165318958,0.606833982665542
"GOBP REGULATION OF B CELL ACTIVATION",1.50371756789369,-0.992595122205966,1.45318866201482,1.14179366459032,-0.675662420731043,1.310598416538
"GOBP REGULATION OF CD4 POSITIVE ALPHA BETA T CELL ACTIVATION",1.65999249623437,1.162858669137,1.64678730576488,1.210361245097,1.23078084614411,1.46011445912985
"GOBP REGULATION OF CD4 POSITIVE ALPHA BETA T CELL DIFFERENTIATION",1.64169629538664,1.00902492665245,1.63769569575888,1.37985750609731,0.988093642738071,1.56479707043266
"GOBP REGULATION OF CELL ACTIVATION",1.45611024076416,1.23441951333911,1.5138349458456,1.03413172501968,0.693549421740896,1.17286253164696
"GOBP REGULATION OF CELL ADHESION",1.41863751300942,1.18267735590673,1.42653812503043,1.10146760169838,-0.771994678654729,1.13543495345294
"GOBP REGULATION OF CELL CELL ADHESION",1.50824222216997,1.11314464880404,1.54673562368769,1.15211027251886,-0.814039484795499,1.1818864590908
"GOBP REGULATION OF CELL CYCLE PHASE TRANSITION",1.38739270298019,-1.17165113864716,1.25462167554603,1.03291891488798,0.752789356007416,1.19163305726307
"GOBP REGULATION OF CELL CYCLE PROCESS",1.33919644140668,-1.32476770068598,1.2416709595478,1.0732937891412,0.779015457499379,1.1781247163242
"GOBP REGULATION OF CELL DEVELOPMENT",1.34005976092796,1.29239549473111,1.37358339342521,1.08570882706063,-0.567339234776531,1.19077031096684
"GOBP REGULATION OF CELL KILLING",1.64771250600839,-0.835650719223823,1.6530561811683,1.34909335414675,-0.852375161460503,1.39485127248445
"GOBP REGULATION OF CHEMOTAXIS",1.57129166737427,1.11469529249648,1.47252579922481,1.2270938415827,-0.94513533428129,1.20578236734421
"GOBP REGULATION OF CHROMOSOME ORGANIZATION",1.61205850305254,0.680725834367913,1.4196615447174,1.35281661611316,0.840807626047353,1.39178460054326
"GOBP REGULATION OF CHROMOSOME SEGREGATION",1.84919181732366,-0.653778879178404,1.69613261281916,1.54403312365641,0.802760141001069,1.53515493648349
"GOBP REGULATION OF COAGULATION",1.22780820124821,-1.08783130030362,1.39515911420212,1.40715463974934,-1.94505023480533,0.789043600129545
"GOBP REGULATION OF DEFENSE RESPONSE",1.39426580816774,1.07309177881833,1.44895163858704,1.16825306609301,-0.682828426984931,1.21031371107652
"GOBP REGULATION OF DEFENSE RESPONSE TO VIRUS BY HOST",1.64209344784096,-1.05613453923016,1.53224292560408,1.35204375089425,0.784951267962907,1.30824913117288
"GOBP REGULATION OF DNA DAMAGE RESPONSE SIGNAL TRANSDUCTION BY P53 CLASS MEDIATOR",1.73938971623013,-0.90401211270341,1.63078730235981,1.4373704647473,-0.760783997608346,1.40466043890823
"GOBP REGULATION OF HEMOPOIESIS",1.46626503198475,1.5057983033012,1.51963620438336,1.11938130684331,0.983066502449758,1.35159910816972
"GOBP REGULATION OF HORMONE LEVELS",0.823023439552063,1.47719369107163,1.05679740554036,0.912592109700345,-1.59298354140126,0.759822217579156
"GOBP REGULATION OF IMMUNE EFFECTOR PROCESS",1.60358981562352,-1.03423019090199,1.5795775142914,1.31877116717386,-1.04261420696478,1.38160667387997
"GOBP REGULATION OF IMMUNE RESPONSE",1.51680141310198,-1.16410876285529,1.5179148599596,1.1933128139252,-1.11828381489285,1.09641372994364
"GOBP REGULATION OF INCLUSION BODY ASSEMBLY",0.883876298887615,-1.90585027509021,-0.456630492259982,0.958330426523125,1.11500733356487,1.04246125132541
"GOBP REGULATION OF INFLAMMATORY RESPONSE",1.3762468022605,1.15985339423578,1.46149664117422,1.16844734515809,0.649914582405829,1.26961837087076
"GOBP REGULATION OF INNATE IMMUNE RESPONSE",1.4415045740461,0.923158162193281,1.46594477155882,1.27685323198198,-0.757574019240767,1.21547721519121
"GOBP REGULATION OF LEUKOCYTE APOPTOTIC PROCESS",1.7485202962227,-1.2932643547006,1.65582806534958,1.22800131246577,-0.500978204561563,1.50580795694095
"GOBP REGULATION OF LEUKOCYTE CHEMOTAXIS",1.60007797467874,1.12837356518937,1.52470292442783,1.19065557593757,-0.865670555494308,1.27249426543314
"GOBP REGULATION OF LEUKOCYTE DEGRANULATION",1.64772021423083,-1.39293844367716,1.32960849598486,1.24643220509449,0.89091478230579,1.33436227167014
"GOBP REGULATION OF LEUKOCYTE DIFFERENTIATION",1.49930019302936,1.54443021532178,1.59166647713932,1.16555866069755,0.891355654914124,1.39150663051805
"GOBP REGULATION OF LEUKOCYTE MEDIATED IMMUNITY",1.61870755275332,1.02612634358413,1.58582563097442,1.29545931724582,-0.70581029691278,1.42491617971066
"GOBP REGULATION OF LEUKOCYTE MIGRATION",1.5645649741688,-1.25769539448571,1.5280052855625,1.18694484915319,0.720561954398367,1.30397679114752
"GOBP REGULATION OF LEUKOCYTE PROLIFERATION",1.57141826956946,1.00436946372406,1.53745710973004,1.17744713112434,-0.924035387636877,1.25652843250841
"GOBP REGULATION OF LOCOMOTION",1.24375661921424,1.23606066664651,1.26163201253645,1.00632897161234,-0.650686244396346,1.01383956694706
"GOBP REGULATION OF LYMPHOCYTE ACTIVATION",1.50775779570775,1.28194038543087,1.54810899268855,1.12003140667224,0.670354074728281,1.2637926959998
"GOBP REGULATION OF LYMPHOCYTE APOPTOTIC PROCESS",1.6737426273968,-1.03466823783303,1.58155592431905,1.03084647870094,0.916080531528687,1.43342839026704
"GOBP REGULATION OF LYMPHOCYTE CHEMOTAXIS",1.70749858716428,1.21702566511707,1.65566224099528,1.47969833964386,0.870643749289829,1.47075380758079
"GOBP REGULATION OF LYMPHOCYTE DIFFERENTIATION",1.48712914774692,1.43943055448505,1.53420097211534,1.16056062258087,0.743290050640535,1.32141095615409
"GOBP REGULATION OF LYMPHOCYTE MEDIATED IMMUNITY",1.59490162574538,1.00454250126028,1.65017595037436,1.2888482498881,-0.860111267007424,1.36865685538177
"GOBP REGULATION OF METAPHASE PLATE CONGRESSION",1.64531091815471,NA,1.55991402836843,1.45847092805324,0.593045401335143,1.47156907480326
"GOBP REGULATION OF MITOTIC CELL CYCLE",1.35662784524092,-1.04101880085695,1.28854555030726,1.06231492342134,0.7549635358232,1.22590336696677
"GOBP REGULATION OF MITOTIC CELL CYCLE PHASE TRANSITION",1.47516736019421,-1.20885373645513,1.36640237833879,1.12537265936198,0.819736218393398,1.30440222473621
"GOBP REGULATION OF MITOTIC CYTOKINESIS",1.66680534559214,NA,1.52811845639746,1.41854277312412,0.483612190788437,1.37447186479662
"GOBP REGULATION OF MITOTIC NUCLEAR DIVISION",1.73308370778019,1.11195447287725,1.63747110248014,1.55900996215111,0.870741697033773,1.56411739207222
"GOBP REGULATION OF MITOTIC SISTER CHROMATID SEGREGATION",1.87306221592543,0.994098160645777,1.77479895567745,1.72860533993962,1.02008068826007,1.72764602375772
"GOBP REGULATION OF MOLECULAR FUNCTION",1.28795772079476,0.979994958910251,1.24921117122893,1.02313862442547,0.493330120799943,1.14131018859941
"GOBP REGULATION OF MONONUCLEAR CELL MIGRATION",1.52154629449428,-1.23696239418875,1.45715051788515,1.15831956749705,0.665437030188939,1.16234282385815
"GOBP REGULATION OF MYELOID CELL APOPTOTIC PROCESS",1.62861893804092,0.842497791771136,1.5319629392367,1.2561648165528,-0.685565762462338,1.33086456062823
"GOBP REGULATION OF MYELOID LEUKOCYTE DIFFERENTIATION",1.35944622064468,1.47638378567161,1.48874372974094,1.11612556565287,1.14416548172779,1.35555444703842
"GOBP REGULATION OF MYELOID LEUKOCYTE MEDIATED IMMUNITY",1.69118064028253,-1.1776683486657,1.44775437449967,1.41714513527707,-0.687228424880915,1.39729324741013
"GOBP REGULATION OF NATURAL KILLER CELL MEDIATED IMMUNITY",1.43789255619493,0.795982404663881,1.61174316087831,1.11964764433293,1.00175666731801,1.36182009232896
"GOBP REGULATION OF NEUROINFLAMMATORY RESPONSE",1.62249459281649,1.24152489202505,1.79858054437858,0.953370433852058,0.77746730002354,1.1268177764086
"GOBP REGULATION OF NEUTROPHIL MIGRATION",1.6021887839146,0.933232915040478,1.45979666402267,1.31380671339605,-0.696157152529556,1.42423336400041
"GOBP REGULATION OF NUCLEAR DIVISION",1.7118518678475,1.10459961895028,1.60009062617176,1.5161347710625,0.847376505752789,1.50237891073322
"GOBP REGULATION OF PHAGOCYTOSIS",1.69145598599424,-0.87289335843944,1.57481364108995,1.41071007264285,-1.13027037413537,1.32393439023525
"GOBP REGULATION OF PHOSPHORYLATION",1.31949970312974,1.01087221695793,1.35736703012314,1.0696705679179,-0.628463767597201,1.11836511763723
"GOBP REGULATION OF PLASMA LIPOPROTEIN PARTICLE LEVELS",0.762016083825937,1.11022361400575,1.01876671390401,1.34928986918673,-1.90273241776889,0.674155676254697
"GOBP REGULATION OF PRODUCTION OF MOLECULAR MEDIATOR OF IMMUNE RESPONSE",1.4746253530108,-1.09788010178139,1.43400095382832,1.27361666095162,-1.09399453288723,1.27371724627528
"GOBP REGULATION OF PROTEIN CONTAINING COMPLEX DISASSEMBLY",1.21509423971258,-1.82126876915671,0.995814465167325,1.2154038070261,-0.636288386239304,1.11348333356332
"GOBP REGULATION OF RESPONSE TO BIOTIC STIMULUS",1.47417438706466,0.894388014762622,1.48839050524137,1.21297031674452,-0.724267528593042,1.18103202929444
"GOBP REGULATION OF RESPONSE TO CYTOKINE STIMULUS",1.50190321317761,-1.09604854009444,1.51576781646664,1.30781314316277,-0.792046681733172,1.35073782374898
"GOBP REGULATION OF RESPONSE TO ENDOPLASMIC RETICULUM STRESS",1.21743653541831,-1.8664038677899,0.968020213506053,1.17685483040122,0.401319327513254,1.18838559570894
"GOBP REGULATION OF RESPONSE TO WOUNDING",1.10228535283541,-1.1125096822002,1.26686724107493,1.26896069662648,-1.76446964353166,0.818099697150266
"GOBP REGULATION OF SISTER CHROMATID SEGREGATION",1.86919090296845,0.869729364171455,1.72499949200205,1.64649421272039,0.814311651397401,1.62538378669523
"GOBP REGULATION OF STEROL TRANSPORT",0.713614758854556,0.994914801185136,0.939664870734144,1.2153725591126,-1.7610482411148,0.765903141134126
"GOBP REGULATION OF SUBSTRATE ADHESION DEPENDENT CELL SPREADING",0.714280327558707,1.28768718650638,0.965885183076238,1.05050697762583,-1.7930092193182,-0.747457694206323
"GOBP REGULATION OF TYPE I INTERFERON MEDIATED SIGNALING PATHWAY",1.62336616548914,-1.13399806349347,1.64467812274077,1.49587245843425,-1.00758111507328,1.54198062115181
"GOBP REGULATION OF T CELL ACTIVATION",1.5725445938112,1.24337620313721,1.58722870644101,1.13410417474996,0.658962347104886,1.28281874751291
"GOBP REGULATION OF T CELL APOPTOTIC PROCESS",1.62969697660128,-1.14529727827021,1.56994302248613,1.00504674124696,1.10348607006432,1.38214131735203
"GOBP REGULATION OF T CELL MEDIATED CYTOTOXICITY",1.57616991374962,1.12504885879377,1.61710298191126,1.44456355868899,-1.08823162892353,1.42215951695379
"GOBP REGULATION OF T CELL MEDIATED IMMUNITY",1.59114436819653,1.37575471867445,1.64792892123705,1.36671138593534,-1.14229011136428,1.33964361310268
"GOBP REGULATION OF T CELL RECEPTOR SIGNALING PATHWAY",1.69579610222207,-0.916414390866638,1.51501134209796,1.24066656616826,0.683957540933782,1.37176917609008
"GOBP REGULATION OF T HELPER 1 TYPE IMMUNE RESPONSE",1.54283491907122,1.21036162067345,1.59602513967457,1.28291522196566,-0.636966512283655,1.44779432181194
"GOBP REGULATION OF VIRAL GENOME REPLICATION",1.6739176877245,1.50731743355251,1.66628445935057,1.54088672783498,0.409922343824801,1.57176879062278
"GOBP REGULATION OF VIRAL LIFE CYCLE",1.55234608996056,1.37984390822498,1.53657137634791,1.38660039711548,1.16437716022765,1.45765562733013
"GOBP REGULATION OF VIRAL PROCESS",1.52008197308186,1.47357342371341,1.53854557800431,1.35511051354183,0.914194360490932,1.37535136977188
"GOBP REGULATION OF WOUND HEALING",1.10757360272618,-1.07291660125812,1.31146915134232,1.32298580506751,-1.88203757136828,0.772448144189066
"GOBP RENAL SYSTEM DEVELOPMENT",1.03131635541798,1.75048589035702,1.17740633685184,0.780617821946572,-0.641421062065242,0.765988879344183
"GOBP RESPIRATORY BURST",1.57240525160665,1.17494451030371,1.67100031015194,0.892524023471311,-1.06989167460926,0.821329543175561
"GOBP RESPONSE TO ALCOHOL",1.14956119775247,1.84094276456318,1.25078139147552,1.05561442180287,-1.28421429410047,1.00504246460207
"GOBP RESPONSE TO BACTERIUM",1.45975839246842,1.55537880252515,1.4802713416774,1.15609026702551,-0.770157058221853,1.20438349079922
"GOBP RESPONSE TO CADMIUM ION",1.41072804747973,-2.05303824700326,1.3678312171903,1.42052399251705,-1.00376654139787,1.26849490860892
"GOBP RESPONSE TO CALCIUM ION",0.95108156026852,2.07165697007647,1.02206928901007,0.951536827660166,1.12117439942051,1.01564109214021
"GOBP RESPONSE TO CAMP",1.12724259985043,2.03514593118408,1.19615123976791,1.11071567062155,-1.00138647325207,1.03833267950404
"GOBP RESPONSE TO CHEMOKINE",1.54424017095103,1.21324996092703,1.55915801586275,1.39317294985324,-0.763075056265097,1.33759269605337
"GOBP RESPONSE TO CORTICOSTEROID",1.05867346186869,2.06187751261959,1.2785441582082,1.05460526877689,-0.771265027585596,1.07587071701609
"GOBP RESPONSE TO ETHANOL",1.34102763932908,1.86982639012387,1.43758499665994,1.11546090335388,-0.916755363997683,1.19457552746638
"GOBP RESPONSE TO FUNGUS",1.62650066393962,1.13475439811025,1.55234969554791,1.18447098064512,-1.40802955332692,1.17890742786232
"GOBP RESPONSE TO HORMONE",1.02122601771688,1.48600347009393,1.04758033331718,0.896403756643459,-0.862631806935744,0.893462965831414
"GOBP RESPONSE TO KETONE",1.0233293921004,1.72795988452371,1.12233232400131,1.10948850219018,-1.154213497182,1.03495162126877
"GOBP RESPONSE TO MINERALOCORTICOID",1.13005821734416,1.99702446336169,1.32720525197084,0.987077380473694,1.24980072621842,1.23667040811576
"GOBP RESPONSE TO MOLECULE OF BACTERIAL ORIGIN",1.39025714127321,1.28870923960747,1.37100367679587,1.08711321279426,0.79467599526629,1.21674844802786
"GOBP RESPONSE TO ORGANOPHOSPHORUS",1.08654252739388,1.91411551509767,1.14132792190803,1.07497016965074,-0.962106561248402,1.06630711810771
"GOBP RESPONSE TO PURINE CONTAINING COMPOUND",1.05820660113515,1.94147418399312,1.1654771703768,1.02691431651562,-0.956131136295844,0.985077608878588
"GOBP RESPONSE TO TOPOLOGICALLY INCORRECT PROTEIN",0.950453770331845,-2.07476141502542,0.687415122437472,1.13580731664266,-0.783893407950076,1.04191670390934
"GOBP RESPONSE TO TYPE I INTERFERON",1.58909663486545,0.747618025651276,1.55878109941521,1.34376215339099,-0.47088160920289,1.42537277377732
"GOBP RESPONSE TO VIRUS",1.48109095724399,0.983372232563852,1.47208317952277,1.28525719186473,-0.686782845569359,1.36301239537697
"GOBP RESPONSE TO WOUNDING",1.1986124293904,-1.21331340350851,1.23525362172912,1.21830825967829,-1.61366591573362,0.921957304943812
"GOBP RESPONSE TO XENOBIOTIC STIMULUS",1.03703956557298,1.68653554344469,1.06724817676138,0.906289225863627,-1.37091245824324,0.740979755891811
"GOBP REVERSE CHOLESTEROL TRANSPORT",-1.26199692623604,NA,0.552050800831589,1.32547942264081,-1.71545262340264,-1.02270508389321
"GOBP SISTER CHROMATID COHESION",1.60262186286093,1.06824550709184,1.49783516458254,0.920292684152169,0.407085740948192,0.887818034595883
"GOBP SISTER CHROMATID SEGREGATION",1.78866531259805,-1.41641692178311,1.60477498976634,1.56764946569311,1.01520086029598,1.60415674592245
"GOBP SMALL MOLECULE BIOSYNTHETIC PROCESS",0.870096976430692,1.23325291267748,0.904297893815968,1.06498801364706,-1.73569210695821,0.69473712390335
"GOBP SMALL MOLECULE CATABOLIC PROCESS",0.679033907224069,0.810024194524527,0.547659412858795,0.918519971725941,-1.8317013875715,NA
"GOBP SPINDLE ASSEMBLY",1.57508243471029,-1.53018912654611,1.31224292231804,1.22339806217626,0.808095555214181,1.30973345366223
"GOBP SPINDLE ELONGATION",1.66601748481227,NA,1.54586058468914,1.50609368691405,0.591851434435054,1.41364095459839
"GOBP SPINDLE ORGANIZATION",1.6101672804391,-1.44130365211735,1.35663728396778,1.21071536567386,0.889924356539665,1.30726898988553
"GOBP STEROID BIOSYNTHETIC PROCESS",0.602599416839714,1.25802286322032,0.693207394273078,0.643122087038229,-1.69711324624729,0.667575332721821
"GOBP STEROID CATABOLIC PROCESS",0.615542885572885,NA,-0.995530979577137,0.935685224615619,-1.73776224984277,0.55136366026654
"GOBP STEROID HORMONE BIOSYNTHETIC PROCESS",0.92891729412828,1.14744822266225,1.0424391284696,0.45259195028616,-1.85099318579305,0.944877743292076
"GOBP STEROID METABOLIC PROCESS",0.753745473891391,-0.911342037800105,0.821359652585044,1.00133459891748,-2.13201728459917,0.524030589607288
"GOBP STEROL HOMEOSTASIS",0.789776212477129,1.08540940668263,0.918152825348813,1.33267271190162,-2.11251963087066,-1.16447035424224
"GOBP STEROL METABOLIC PROCESS",-0.880536187710179,1.00566972934727,0.597869539717506,0.956409449537521,-1.74363527492658,0.539692245451261
"GOBP STEROL TRANSPORT",0.757043278126559,-0.929009555083411,0.903293763532396,1.27086561816688,-1.92086338887688,0.683302151185027
"GOBP STRIATED MUSCLE CONTRACTION",1.30790703348886,-1.71352368577018,1.21406009928009,1.2355402324565,0.790037437238903,1.35839937424338
"GOBP SUBSTRATE ADHESION DEPENDENT CELL SPREADING",0.681896558744648,1.1873746282363,0.86795695788931,0.892914757573584,-1.73697451498268,-0.664590465371441
"GOBP SULFUR COMPOUND METABOLIC PROCESS",0.668291539173089,1.24447038045123,0.703380758408202,0.99931406914734,-1.68128872800871,0.43265495940149
"GOBP TAXIS",1.59699975271527,-1.18919693086049,1.59189488040815,1.25871105656049,-0.693334818314353,1.31548181746862
"GOBP THYMIC T CELL SELECTION",1.75638218818949,0.810320616264272,1.67356229572573,1.05990651724324,-0.771003454448099,0.977541596464267
"GOBP TUMOR NECROSIS FACTOR SUPERFAMILY CYTOKINE PRODUCTION",1.54352610941688,-1.12036537448302,1.49998222978582,1.24202269023701,-0.603720703030274,1.36527010666299
"GOBP TYPE II INTERFERON PRODUCTION",1.57700546568822,1.05553058216738,1.56572152976921,1.22393056860847,0.58416847420693,1.41866012226036
"GOBP TYPE I INTERFERON MEDIATED SIGNALING PATHWAY",1.59501215028323,-0.840020186848969,1.56712306576355,1.41712572000263,-0.759885825772884,1.48615298048853
"GOBP T CELL ACTIVATION",1.54891299033748,1.11921949180155,1.54495396304854,1.07271817209459,0.751221400019777,1.22545275326112
"GOBP T CELL ACTIVATION INVOLVED IN IMMUNE RESPONSE",1.64229797263803,1.09741110356511,1.56897297339616,1.26779158847995,0.652400047239401,1.39661537772989
"GOBP T CELL CHEMOTAXIS",1.65802668967337,1.19030336161052,1.45290731157957,1.2122247750433,-1.11687143764837,1.0615743223724
"GOBP T CELL DIFFERENTIATION",1.51451803407499,1.51185435579751,1.55041595365789,0.995065788814536,0.872580476887875,1.16752119308501
"GOBP T CELL DIFFERENTIATION INVOLVED IN IMMUNE RESPONSE",1.55292225030182,1.34417222357856,1.53763234611686,1.10508104024469,0.729662108985509,1.22023177088162
"GOBP T CELL DIFFERENTIATION IN THYMUS",1.58384856957751,0.953826132086239,1.5330723373028,0.936807307929982,0.859931668312396,1.07228806073548
"GOBP T CELL MEDIATED CYTOTOXICITY",1.61233503934614,1.16121872668119,1.61795224342266,1.24535004129261,-0.986642914731234,1.29206441329002
"GOBP T CELL MEDIATED IMMUNITY",1.59622791372498,1.40214632817845,1.61865790282175,1.17331049343354,-1.05173848689452,1.13240209327359
"GOBP T CELL PROLIFERATION",1.61467249501137,-0.896722827716948,1.60610657388715,1.16233645746125,-0.893544984319356,1.20656548861274
"GOBP T CELL RECEPTOR SIGNALING PATHWAY",1.6501685651856,-0.804300386479978,1.51498444516236,1.04257134955048,0.589823860079644,1.10483343989589
"GOBP T CELL SELECTION",1.54971162899957,1.19182549362722,1.65761439629216,0.985174908226757,0.663810355082337,0.975250504988256
"GOBP UNSATURATED FATTY ACID METABOLIC PROCESS",1.3309000229738,1.57504500859126,1.2993093328843,1.31740769333023,-1.64962189448666,0.854937455058274
"GOBP VIRAL GENOME REPLICATION",1.65841569620488,1.28256434164537,1.65020657570987,1.48250936494108,-0.549747564434879,1.47875120743903
"GOBP VIRAL LIFE CYCLE",1.43843773034432,0.752645157821863,1.40143537987866,1.28146984389342,0.906203842515884,1.37357814435951
"GOBP VIRAL PROCESS",1.4100866969185,0.918621635800417,1.38664013742744,1.22936977037791,0.839085836873321,1.26479023606682
"GOBP VITAMIN TRANSMEMBRANE TRANSPORT",-0.498389486437271,-1.34269829422118,0.72016913090541,0.983054126886467,-1.75377984203067,-1.60050609280359
"GOBP VITAMIN TRANSPORT",0.958908989727454,-1.22244938583217,1.13425185037516,1.10661290936596,-1.81307223676917,-0.88925284763048
"GOBP WOUND HEALING",1.17796251800733,-1.28970680450839,1.205429875693,1.18711211116339,-1.76796090259244,0.817794091787182
"GOBP XENOBIOTIC METABOLIC PROCESS",0.870325479521848,1.22942446203682,0.820829593553295,0.82448231142192,-1.79067317389896,-1.3765339851764
"GOBP ZYMOGEN ACTIVATION",1.26095303448707,-1.17280385679109,1.49129495177537,1.45649533383721,-1.83055147981132,0.911091268096237
"ALLOGRAFT REJECTION",1.73870516406273,1.05762372972994,1.72137296455549,1.29458632163971,-0.773837771966164,1.33733314713192
"BILE ACID METABOLISM",-0.830556196259745,0.98163233775618,0.757131314747959,0.983582509699002,-2.08856620242748,-1.05322502683158
"COAGULATION",1.37448219243932,-1.28012611624595,1.35214990081159,1.52359689434672,-2.20514998392613,0.811923060935726
"COMPLEMENT",1.43060527428358,-1.23923125700832,1.39037912156426,1.28959196698071,-1.3503670144484,1.13045714938377
"E2F TARGETS",1.60859129691373,-1.91260331288373,1.39584671847298,1.24282115029547,0.676372458520688,1.31306442433172
"EPITHELIAL MESENCHYMAL TRANSITION",1.36827108813303,-1.63719259557329,1.29853416036063,1.38169186544377,-0.528483887801672,1.44322819658157
"G2M CHECKPOINT",1.53209327880814,-1.85466770492549,1.29992628841897,1.14454517371513,0.666663878461102,1.24192835752683
"IL6 JAK STAT3 SIGNALING",1.56090194015674,1.325947782346,1.56175910056077,1.14118423170347,0.81406340828772,1.34334886881217
"INFLAMMATORY RESPONSE",1.65229891103119,-1.17074948764406,1.60129267837885,1.36160185673536,0.846396629151987,1.51037767045266
"INTERFERON ALPHA RESPONSE",1.31645739646269,2.28638156053248,1.494804931676,1.2916866942737,0.434858806425554,1.34644217643103
"INTERFERON GAMMA RESPONSE",1.45552146667623,1.98201262684315,1.56873543478465,1.36032990293895,-0.86034536395967,1.36684716132237
"KRAS SIGNALING UP",1.30603711264593,-1.25776138105264,1.32408882550534,1.16721025913471,-1.15326481721189,1.14154821429928
"MYC TARGETS V1",0.467924799136911,-1.94438292891178,NA,NA,0.866718666676583,0.367925323104826
"MYC TARGETS V2",0.49098308903285,-1.96800708943338,-0.910644124650737,0.316517992401198,-0.436389953806242,0.400732661225845
"OXIDATIVE PHOSPHORYLATION",NA,-0.945219373006268,NA,NA,1.55696000624794,NA
"PEROXISOME",-0.984025049175761,0.749907764280838,0.439217407397689,0.683338453803351,-1.83497803807965,-1.06436268867913
"TNFA SIGNALING VIA NFKB",1.45345706478393,1.54335688696216,1.47021345889013,1.25742847329833,1.60177010282115,1.52962118260613
"UNFOLDED PROTEIN RESPONSE",1.21192215586794,-2.0445303429437,1.11915835485631,1.1796172271851,-0.746086880818386,1.08688276229165
"XENOBIOTIC METABOLISM",1.1965678029809,-1.53958906861944,1.11151731916275,1.24157251281262,-2.06621040960417,0.707395949660499
"GOBP ESTROGEN METABOLIC PROCESS",NA,NA,NA,NA,-1.79502289718328,NA
"GOBP REGULATION OF CDC42 PROTEIN SIGNAL TRANSDUCTION",NA,NA,NA,NA,-1.67856456969052,NA
"GOBP TERTIARY ALCOHOL METABOLIC PROCESS",NA,NA,NA,NA,-1.72713913097988,NA
