"Pathway","Ensembl","Symbol","log2FC_sh190_Disease","padj_sh190_Disease","log2FC_sh190_Treatment_vs_KO","padj_sh190_Treatment_vs_KO","log2FC_sh190_Treatment_vs_WT","padj_sh190_Treatment_vs_WT","log2FC_MOE_Disease","padj_MOE_Disease","log2FC_MOE_Treatment_vs_KO","padj_MOE_Treatment_vs_KO","log2FC_MOE_Treatment_vs_WT","padj_MOE_Treatment_vs_WT"
"Skeletal muscle tissue regeneration","ENSMUSG00000030093","Wnt7a",2.45832845873464,0.275028194256856,NA,NA,1.98847305154469,0.464476024117434,2.95973914115903,0.171612497813878,-0.732594741874369,1,2.2271373864109,0.341982421579202
"Skeletal muscle tissue regeneration","ENSMUSG00000005148","Klf5",1.66979624670756,3.38287945691298e-17,-0.157024285818275,0.888488038034976,1.5127717522986,4.91435215621693e-12,2.14588823401408,3.68796936302037e-27,-0.14803074556649,1,1.99785727680851,1.75939470898915e-23
"Skeletal muscle tissue regeneration","ENSMUSG00000024659","Anxa1",1.31980417948553,2.62843646130398e-29,-0.218269348926476,0.602264899331177,1.10153475026338,2.53938617499411e-17,0.945570177198794,4.03759963432792e-15,0.0827922375949555,1,1.02836234876468,8.67793239302499e-18
"Skeletal muscle tissue regeneration","ENSMUSG00000001119","Col6a1",0.865505169911026,3.62458174327925e-06,-0.14144575457697,0.895854358271049,0.724059216596643,0.000710497125313274,0.339300871126841,0.119825529383172,0.15805664376527,1,0.497357341480608,0.0136265964647657
"Skeletal muscle tissue regeneration","ENSMUSG00000030342","Cd9",0.834760949635918,2.65515024930927e-07,-0.226247845111621,0.743657768413102,0.608512972547936,0.00128016056361183,0.557914520322061,0.00108723392100581,0.0641049807476562,1,0.622019386815873,0.000207342056586189
"Skeletal muscle tissue regeneration","ENSMUSG00000063856","Gpx1",0.500166416775429,0.00172150226909513,-0.231801278090328,0.690965474509318,0.268365031328856,0.194301572291852,0.571775738509477,0.00024808944910056,-0.00475495227871015,1,0.56702066853486,0.000274407358410897
"Skeletal muscle tissue regeneration","ENSMUSG00000059325","Hopx",0.462207411834031,0.0628659862958955,-0.179020094837696,0.880785255852825,0.28318716493559,0.382806115933118,0.374913591375212,0.159576695131876,0.387989200591123,1,0.762902669949836,0.000834655204791775
"Skeletal muscle tissue regeneration","ENSMUSG00000037706","Cd81",0.409103839329791,3.63596799259494e-09,-0.012917180315816,0.981019131900491,0.396186633781256,2.67358601896769e-07,0.397065788114978,1.08220274891171e-08,-0.0105643728106466,1,0.386501390150663,2.77734746365953e-08
"Skeletal muscle tissue regeneration","ENSMUSG00000001627","Ifrd1",-0.00752688087234542,0.990361182272028,-0.145708133145428,0.961851241461144,-0.153235612142284,0.818276563750515,0.32549559796008,0.502520218792418,-0.0166614639900159,1,0.308833510991026,0.523220559451226
"Cellular response to calcium ion","ENSMUSG00000027699","Ect2",2.61061424760817,0.000780074656577091,NA,NA,2.29646492847857,0.00891674548980973,1.61742849618473,0.0402292581524056,0.00395304170273912,1,1.62138036079829,0.0386396599718138
"Cellular response to calcium ion","ENSMUSG00000018924","Alox15",2.31702000062193,0.0853604968962381,NA,NA,0.513441841623158,0.82755313176469,2.08760552933584,0.19305284682334,1.27761501665121,1,3.36521888383823,0.0163066675072811
"Cellular response to calcium ion","ENSMUSG00000021250","Fos",2.20974728237612,0.00668921426310965,1.76246595330937,0.401367302003784,3.97221096494448,1.93251425920703e-06,0.0893938126660542,0.945613438873699,2.40724837407359,0.647605656191344,2.49664082386582,0.00162550893018015
"Cellular response to calcium ion","ENSMUSG00000052837","Junb",1.12571906024558,0.0255295145149253,0.698137678517237,0.687906662103098,1.82385585252061,0.000457656182858536,0.508168158524638,0.39246904260481,1.07387420265268,1,1.58204170307581,0.000815376619548433
"Cellular response to calcium ion","ENSMUSG00000003545","Fosb",0.914223775386713,0.483711859156357,1.56802670224772,0.642953830239237,2.48224714417225,0.0345889373328978,0.253665182400476,0.87090507363884,2.7817347117591,0.647605656191344,3.03540022159006,0.00238623306115274
"Cellular response to calcium ion","ENSMUSG00000021190","Lgmn",0.911197617064394,1.74282199229226e-14,-0.365520438060511,0.20337069122808,0.545677094909873,8.72991418587752e-05,0.841383754682447,2.21306005184745e-12,-0.0623037729990124,1,0.779079904842318,9.80913859759995e-11
"Cellular response to calcium ion","ENSMUSG00000058248","Kcnh1",-0.284239134279721,0.846819307089054,NA,NA,-0.746098188008164,0.636040273609643,1.06253442893304,0.43992291373639,0.0946593101012914,1,1.15719275737583,0.383507945951553
"Cellular response to calcium ion","ENSMUSG00000037035","Inhbb",-0.30874624807809,0.540630508700548,0.910238462577529,0.308839307202033,0.601492022692569,0.201718977830672,0.462030418688515,0.319254651914054,0.162170746129892,1,0.6242009089851,0.145218580031512
"Cellular response to calcium ion","ENSMUSG00000020431","Adcy1",0.146722751918991,0.729285240160619,0.451263524573567,0.641334341392944,0.597986056354634,0.0885146881330473,0.426702167323276,0.201823952839605,0.133340566589416,1,0.560042503354842,0.0739859430894785
"Calcium mediated signaling","ENSMUSG00000048521","Cxcr6",5.25892701181294,3.39561114252952e-05,NA,NA,5.30231089731493,5.9263980895169e-05,2.37269546962063,0.0144912210721185,-0.380703878170481,1,1.99198998545369,0.0496557517174924
"Calcium mediated signaling","ENSMUSG00000079227","Ccr5",2.56364184791853,3.92664364212114e-06,-0.0691837111747789,0.987297711844049,2.49445680285357,4.83850236436047e-05,1.84665892781098,0.00100908418967269,-0.589198855217694,1,1.25745888635499,0.0368772117228572
"Calcium mediated signaling","ENSMUSG00000049103","Ccr2",2.38521739675905,2.11887736582575e-20,0.167990238821003,0.912269403286169,2.55320729677555,5.8568544928859e-20,1.80157042817972,1.30942800269538e-12,-0.359900751844313,1,1.44166929348991,2.53139867275541e-08
"Calcium mediated signaling","ENSMUSG00000040552","C3ar1",2.3711668739366,2.28782840862299e-10,-0.482236104029934,0.763102964601267,1.88893001699573,8.21392350108303e-06,1.54170817189457,6.20574426290378e-05,-0.35221869436665,1,1.18948889246315,0.00296029093609442
"Calcium mediated signaling","ENSMUSG00000037944","Ccr7",2.29290500246521,0.0033187302143736,NA,NA,2.19496785225799,0.011244082711249,1.07239516956953,0.137951388516873,0.193617011681028,1,1.26601083719542,0.0668363111131128
"Calcium mediated signaling","ENSMUSG00000032093","Cd3e",2.10750695796577,0.236022278546297,NA,NA,3.3017602430614,0.0470394969572895,0.0440306251434962,0.977059277939187,-1.32976433127876,1,-1.28573667735007,0.257129900559192
"Calcium mediated signaling","ENSMUSG00000024401","Tnf",1.88599287246443,0.0979451054360016,NA,NA,2.08610227311348,0.0884828910897921,0.989717523553978,0.385158169805523,1.10812016617735,1,2.09783664076641,0.0238569421906612
"Calcium mediated signaling","ENSMUSG00000029467","Atp2a2",1.80694041816737,1.82010609697784e-24,-0.296492565614545,0.669692812473393,1.51044761590477,1.70528000134381e-14,1.8330520973778,3.86602909693394e-25,-0.0549893131618382,1,1.77806255560297,1.19155840330585e-23
"Calcium mediated signaling","ENSMUSG00000040751","Lat2",1.74720171925768,6.67003727719769e-08,-0.297275748830938,0.85857223797617,1.44992558148734,7.60486425715922e-05,1.54223386804643,2.09884000825101e-06,0.00577185331650533,1,1.54800536540498,1.81640999718896e-06
"Calcium mediated signaling","ENSMUSG00000026395","Ptprc",1.71176451777916,5.66736729804802e-12,0.117821074851234,0.953871647801578,1.82958532190712,1.37715981307295e-11,0.672322889241697,0.0129101533913837,-0.00888458000354868,1,0.663438044905666,0.0139310435088821
"Calcium mediated signaling","ENSMUSG00000020660","Pomc",1.630600976903,0.154688919844931,NA,NA,1.36913605128926,0.316252268353479,0.240141726806621,0.859269087617942,1.2087629276655,1,1.4489042582338,0.104406220089512
"Calcium mediated signaling","ENSMUSG00000020120","Plek",1.59372664911832,3.58118211635043e-07,-0.300705923450798,0.859619652568059,1.29302034527002,0.000307245225087285,-0.0915404522520535,0.851904427016067,0.398339898048922,1,0.306799136371878,0.444068228436865
"Calcium mediated signaling","ENSMUSG00000050232","Cxcr3",1.57702736888621,0.0793542470608159,NA,NA,0.384547471052482,0.808273984952087,0.0672853639879674,0.952871966420525,-0.213273001456857,1,-0.145988512113144,0.889887105239444
"Calcium mediated signaling","ENSMUSG00000025804","Ccr1",1.51963564834566,0.00587379902055037,0.0837257702785862,0.981341274560439,1.60336075608988,0.00804122761983189,-0.129089859207149,0.869746167276169,0.113182309176926,1,-0.0159079625086241,0.984756246367846
"Calcium mediated signaling","ENSMUSG00000021313","Ryr2",1.42002358750583,0.0276012560212628,NA,NA,1.93072579685865,0.00294658359545932,0.734415611007584,0.277097412364134,-0.253901603405963,1,0.480513487110976,0.518820116232825
"Calcium mediated signaling","ENSMUSG00000026117","Zap70",1.35248445605912,0.00380440271754123,NA,NA,1.10223665004303,0.0447665314140354,0.7451749636121,0.132559087720908,0.00298865725824966,1,0.748163225415152,0.127477980450555
"Calcium mediated signaling","ENSMUSG00000035458","Tnni3",1.32450579226022,0.00482686313257116,NA,NA,0.640074592027339,0.335056257326143,1.00232488586799,0.0683606520359909,0.0755979713205246,1,1.07792253369311,0.0436371850768552
"Calcium mediated signaling","ENSMUSG00000029468","P2rx7",1.06782405260846,2.44316769099387e-06,-0.159935114164118,0.898588730518304,0.907888733789439,0.000434988471565658,0.943420191440355,7.62507451775899e-05,0.0529855378615116,1,0.996405575085956,2.3635530845801e-05
"Calcium mediated signaling","ENSMUSG00000029470","P2rx4",0.93992232198146,1.09426625731575e-12,-0.129901599869354,0.845644906980121,0.810020657175374,3.96917348003363e-08,0.834095114980978,5.54770197617853e-10,-0.026237113700958,1,0.807857940750368,2.04692196028405e-09
"Calcium mediated signaling","ENSMUSG00000045382","Cxcr4",0.91975403630445,7.12858361722075e-06,0.0396944451462173,0.978038625088772,0.959448350101129,1.92071912654329e-05,0.274912394100997,0.262269471959699,-0.0206907009848795,1,0.254221571740187,0.303848799504272
"Calcium mediated signaling","ENSMUSG00000021457","Syk",0.913585284221997,0.000150031901146937,0.161310360423607,0.906886328145856,1.07489544762778,3.7917721453956e-05,0.289057963257058,0.32667980738656,0.170859638269968,1,0.459917419864901,0.0822381425254187
"Calcium mediated signaling","ENSMUSG00000034792","Gna15",0.892692412315196,0.0856687774873897,NA,NA,1.38750167912736,0.00611794052030709,0.673460261361308,0.161331020578876,-0.794093707926409,1,-0.120633865977569,0.857770437197417
"Calcium mediated signaling","ENSMUSG00000025314","Ptprj",0.885783697568352,1.8648195149819e-07,0.221876787145297,0.747558841750315,1.10766037907278,1.00356404091642e-09,0.308858727322447,0.124112501647239,-0.0287693688541275,1,0.280089273968082,0.168730562216823
"Calcium mediated signaling","ENSMUSG00000020635","Fkbp1b",0.746680227136562,0.137123808567852,NA,NA,0.757766435132887,0.180403138016201,1.0873280575981,0.0266595464221975,0.0120154568394716,1,1.09934316066282,0.0237609666291841
"Calcium mediated signaling","ENSMUSG00000031668","Eif2ak3",0.741852805374549,6.62973304467841e-10,-0.236785593569388,0.519033853494695,0.505067151888041,0.000329016135893482,0.516259078210037,3.80637412417576e-05,0.0219323745028247,1,0.538191398694943,1.47287657994019e-05
"Calcium mediated signaling","ENSMUSG00000061878","Sphk1",0.652078599455596,0.11175789942274,-0.560760131521156,0.659163249394877,0.0913179628423309,0.89773127900739,1.22104796662872,0.00407992723609438,-0.223165405348291,1,0.99788227036536,0.0242007616520928
"Calcium mediated signaling","ENSMUSG00000023070","Rgn",0.640336701984051,0.73420945425065,NA,NA,0.207215098463832,0.935249528279132,2.10742639412378,0.0927534359435656,-1.07873268081137,1,1.02868755078761,0.487200334797934
"Calcium mediated signaling","ENSMUSG00000018930","Ccl4",0.621747720545503,0.727700025507709,NA,NA,1.06193607516867,0.547166857488176,-0.437271954376489,0.797232113511343,1.74491434208518,1,1.30764348521632,0.285812772723082
"Calcium mediated signaling","ENSMUSG00000022951","Rcan1",0.615543790288308,0.0353761753615154,-0.481083895248185,0.590389775410647,0.134459488943279,0.778541421258466,1.21631792781932,3.61118879955082e-06,-0.32029955897948,1,0.896017916248099,0.00101377421042626
"Calcium mediated signaling","ENSMUSG00000008136","Fhl2",0.607511087014991,0.0712736028595922,-0.118247132584307,0.96008271528622,0.489263730479463,0.229433903307362,1.91268040681809,1.83379491842415e-09,0.00158312092386273,1,1.91426325011275,1.70017088437377e-09
"Calcium mediated signaling","ENSMUSG00000017697","Ada",0.59205225685032,0.191914982291694,NA,NA,0.363904306553472,0.544337667186969,-0.725069709820878,0.10355897331112,0.700961160729665,1,-0.0241086095692191,0.968851962954714
"Calcium mediated signaling","ENSMUSG00000042190","Cmklr1",0.574893796705674,0.00467408655964988,-0.0087636113571283,0.993416268197479,0.566130034243525,0.013672534191105,0.30791937288588,0.182079708069056,0.0820260855220138,1,0.389945333797292,0.0736138368720097
"Calcium mediated signaling","ENSMUSG00000004035","Gstm7",-0.181186288714608,0.668220808363971,0.308608036649714,0.818444495529649,0.127421613996089,0.805273647648293,0.761169271932332,0.0129299102482963,-0.226345086677937,1,0.534823946545536,0.104151641175045
"Calcium mediated signaling","ENSMUSG00000026582","Sele",0.303125431100427,0.845659221832513,NA,NA,0.632661524594335,0.688864955073909,0.746540598210976,0.631852890128421,0.825146688860597,1,1.5716873283167,0.20911108959603
"Calcium mediated signaling","ENSMUSG00000027861","Casq2",0.0606854368971635,0.868043832305131,-0.0435066057435533,0.978491016077058,0.0171786195722641,0.969516668781856,0.730539005837939,0.00143753916557991,-0.0517989318738268,1,0.678739814848853,0.00332321033839308
"mTORC1 signaling","ENSMUSG00000027379","Bub1",3.55335999221119,0.000457255809845241,NA,NA,2.86373659232565,0.0125850198631228,2.64098924535428,0.0153457817490746,-0.162862987730089,1,2.47812493484035,0.0246600367447045
"mTORC1 signaling","ENSMUSG00000024640","Psat1",3.20493907785561,1.31951619049612e-61,-0.600174692281954,0.0531330274815439,2.60476421382542,2.12738918191109e-35,3.08375716239026,2.56239810049218e-56,-0.227566833162642,1,2.85619017547662,8.66423108682463e-48
"mTORC1 signaling","ENSMUSG00000027737","Slc7a11",3.15245790445648,6.79791888835328e-08,NA,NA,2.50004673338058,0.000132703557106814,2.29855746651315,3.80637412417576e-05,0.132630756206591,1,2.43118759346027,1.00119355075671e-05
"mTORC1 signaling","ENSMUSG00000029752","Asns",2.90627250604002,1.15810913200242e-44,-0.527636346348472,0.172048466676929,2.37863598920974,4.09651730243494e-26,2.44725526457482,1.32288020031184e-34,-0.32325497319811,1,2.12400014019259,1.30392563535948e-25
"mTORC1 signaling","ENSMUSG00000020649","Rrm2",2.90284945612143,7.71805597021404e-24,-0.162893240053387,0.921379690948061,2.73995578863515,1.99134333223127e-18,2.69323396880403,3.94392705697041e-21,-0.22214462677819,1,2.47108894080692,9.2718101152559e-18
"mTORC1 signaling","ENSMUSG00000022769","Sdf2l1",2.70072306770629,7.85377712102212e-38,-0.586916353847663,0.199369446010238,2.11380648363638,7.62220257134205e-20,2.19378323035241,3.68796936302037e-27,-0.437973520861119,1,1.75580949487076,2.8371093746629e-17
"mTORC1 signaling","ENSMUSG00000030268","Bcat1",2.60106336511029,2.88432131569946e-09,-0.616643290110142,0.586309015967787,1.98441957731821,6.41271478578435e-05,1.93032526301952,1.8700626166361e-06,-0.326464258525655,1,1.60386057210465,0.000129751843446255
"mTORC1 signaling","ENSMUSG00000000290","Itgb2",2.50751018959754,5.90169475181089e-28,-0.331462601233962,0.687906662103098,2.17604733950624,3.82138025076178e-18,0.943037019910263,3.27216412067751e-05,-0.0734736762858008,1,0.869563135499067,0.000147330008874068
"mTORC1 signaling","ENSMUSG00000005667","Mthfd2",2.36591971835156,2.4558789554243e-56,-0.369364112125839,0.363608342871973,1.99655546886103,4.79584606454013e-34,1.9640955953861,2.29044708016584e-40,-0.240437788841101,1,1.72365767593026,6.72213773701527e-31
"mTORC1 signaling","ENSMUSG00000032715","Trib3",2.10890306530454,7.12286432753569e-18,-0.715109959444215,0.184125341848814,1.39379279986834,7.76907713358601e-07,1.87349159366807,1.44566995319826e-13,-0.191837659064349,1,1.68165369314595,5.36762181253396e-11
"mTORC1 signaling","ENSMUSG00000030707","Coro1a",1.91560830780874,9.85593316350163e-14,-0.249509982406824,0.860627256870145,1.66609803214339,5.90714378278967e-09,0.752598233137402,0.0060311652254031,0.06395440899302,1,0.816552354231805,0.0024096438590611
"mTORC1 signaling","ENSMUSG00000030867","Plk1",1.89489801564089,0.000267823681628246,NA,NA,1.36493362510001,0.0285556780463168,1.38761492400678,0.0162407018734202,-0.100656379258673,1,1.28695805662972,0.0279048401552943
"mTORC1 signaling","ENSMUSG00000029467","Atp2a2",1.80694041816737,1.82010609697784e-24,-0.296492565614545,0.669692812473393,1.51044761590477,1.70528000134381e-14,1.8330520973778,3.86602909693394e-25,-0.0549893131618382,1,1.77806255560297,1.19155840330585e-23
"mTORC1 signaling","ENSMUSG00000022351","Sqle",1.63059726418215,0.00245609145072132,0.100416501909661,0.978038625088772,1.73101310633632,0.00349831345061227,1.22069362185156,0.0213258516930058,-0.723229611358904,1,0.497462812965026,0.436241760770994
"mTORC1 signaling","ENSMUSG00000040010","Slc7a5",1.59951726123088,2.42993833474064e-10,-0.938431433306605,0.054181815764047,0.661085484701374,0.0435530860798177,1.25518058310686,1.37459521829475e-06,-0.134865180012047,1,1.12031512947457,2.10606105359054e-05
"mTORC1 signaling","ENSMUSG00000022372","Sla",1.57356734039958,1.24521755300809e-05,-0.37651628240389,0.816853289437369,1.19705057585853,0.00439129890648831,0.589060934082428,0.158054909034801,-0.182737726923865,1,0.406322868763944,0.3680060160711
"mTORC1 signaling","ENSMUSG00000026864","Hspa5",1.52777927703039,4.93165771999652e-51,-0.251684631751601,0.408221842699936,1.27609456128943,5.83610884361729e-30,1.3602561344114,2.02426979383612e-40,-0.166040693903213,1,1.19421535523292,4.13753397295767e-31
"mTORC1 signaling","ENSMUSG00000053398","Phgdh",1.4593134928291,3.07112559460438e-06,-0.272692685530688,0.863966794874696,1.18662051213548,0.000930378230274155,0.979742413153416,0.00253986023547617,0.204321076028019,1,1.18406324701036,0.000143217334524766
"mTORC1 signaling","ENSMUSG00000020142","Slc1a4",1.36674201768769,4.15497495790997e-05,-0.111996589936296,0.963391826012553,1.25474513978949,0.000771013286158427,1.43270271199014,1.37359505677546e-05,-0.0991890936115058,1,1.33351332317634,6.07483731491459e-05
"mTORC1 signaling","ENSMUSG00000003814","Calr",1.15590115744961,7.1795423960271e-77,-0.217637725623269,0.13744138989633,0.938263401411609,1.60094746065796e-42,1.12750751470216,8.64389756848283e-73,-0.201134200502692,0.647605656191344,0.926373284589942,6.75343559183494e-49
"mTORC1 signaling","ENSMUSG00000030717","Nupr1",1.14072641909968,4.42574060329922e-14,0.0542502448407223,0.963391826012553,1.19497657160981,3.13598337911255e-13,1.04118168121396,9.16341502799194e-12,0.0624620733537864,1,1.10364366825,3.3463258839703e-13
"mTORC1 signaling","ENSMUSG00000001128","Cfp",1.09062049293771,4.81812856887389e-12,-0.0320007844266394,0.978038625088772,1.05861960493619,1.03597406088541e-09,0.53352951703718,0.00169363638036459,0.0651601874650643,1,0.598689619307373,0.000311274948164366
"mTORC1 signaling","ENSMUSG00000026483","Niban1",1.07496625135505,4.32001102927838e-18,-0.139938296192085,0.827361070672961,0.935027865048172,1.19888590891044e-11,1.0730762518775,7.05612510383599e-18,0.0341521059370016,1,1.10722827498674,5.6955762448866e-19
"mTORC1 signaling","ENSMUSG00000023067","Cdkn1a",0.923392776162008,0.0449386635190081,0.208683351094554,0.946354238129269,1.13207520435309,0.0235994987025971,1.98676904160185,1.20697181165715e-06,-0.244065104414147,1,1.74270303704873,2.66528468136856e-05
"mTORC1 signaling","ENSMUSG00000045382","Cxcr4",0.91975403630445,7.12858361722075e-06,0.0396944451462173,0.978038625088772,0.959448350101129,1.92071912654329e-05,0.274912394100997,0.262269471959699,-0.0206907009848795,1,0.254221571740187,0.303848799504272
"mTORC1 signaling","ENSMUSG00000021190","Lgmn",0.911197617064394,1.74282199229226e-14,-0.365520438060511,0.20337069122808,0.545677094909873,8.72991418587752e-05,0.841383754682447,2.21306005184745e-12,-0.0623037729990124,1,0.779079904842318,9.80913859759995e-11
"mTORC1 signaling","ENSMUSG00000030616","Sytl2",0.892547479654461,0.00164470045502987,0.48553613047641,0.581772984595206,1.37808338336469,2.66889441321451e-06,1.10241966272936,5.40382026710747e-05,0.0103605990337419,1,1.11277999074346,4.27936776869212e-05
"mTORC1 signaling","ENSMUSG00000020048","Hsp90b1",0.876795062491846,7.38455019891355e-31,-0.161901847137321,0.513316795296532,0.714893177087902,2.24181206748934e-17,0.833859020134164,5.30773065504579e-28,-0.18635401109585,1,0.647504970347514,5.40818531045626e-17
"mTORC1 signaling","ENSMUSG00000041220","Elovl6",0.843544850744935,0.0505213785487149,0.544828843321658,0.701344167094054,1.38837339354165,0.00133413302031796,1.3382073907768,0.000451148732951089,-0.552378364294814,1,0.785828442282494,0.0619226941044422
"mTORC1 signaling","ENSMUSG00000030342","Cd9",0.834760949635918,2.65515024930927e-07,-0.226247845111621,0.743657768413102,0.608512972547936,0.00128016056361183,0.557914520322061,0.00108723392100581,0.0641049807476562,1,0.622019386815873,0.000207342056586189
"mTORC1 signaling","ENSMUSG00000028527","Ak4",0.834358913401863,0.00688585870205765,0.32791019004574,0.809089887995865,1.16226877156684,0.000374995070973104,1.44279289546965,5.64663413762552e-07,-0.312217231865986,1,1.13057529467849,0.000140829703603648
"mTORC1 signaling","ENSMUSG00000020484","Xbp1",0.833692172235979,1.65182158112628e-14,-0.209458173569516,0.585045432089911,0.624233929593498,4.07741510462674e-07,0.891538521843483,1.41432075316213e-16,-0.202776492379251,1,0.68876195597886,3.68694078295653e-10
"mTORC1 signaling","ENSMUSG00000070436","Serpinh1",0.8109245201281,5.88478805639233e-08,-0.0630000237803931,0.961034877339364,0.74792437004223,8.12432858647409e-06,0.617315672830117,6.17257667299659e-05,0.0194881662342664,1,0.63680372155945,3.20425264414924e-05
"mTORC1 signaling","ENSMUSG00000020368","Canx",0.802522669119152,2.57271893568319e-29,-0.168694822248777,0.422378144668217,0.633827812320324,1.65947233685682e-15,0.789876701801739,2.2935662912826e-28,-0.103483999822978,1,0.686392668428278,1.96402275767572e-21
"mTORC1 signaling","ENSMUSG00000027808","Serp1",0.794095965796369,4.06334459485485e-25,-0.20316079953343,0.311817808340048,0.590935138183612,8.13610216437189e-12,0.541975703139109,3.71246024186298e-12,0.0688945811915366,1,0.610870257451953,2.26291184011169e-15
"mTORC1 signaling","ENSMUSG00000072082","Ccnf",0.782846911439724,0.0183240640275051,-0.181140915773682,0.916175265598743,0.601705763419761,0.134197265778608,0.959884260010919,0.00268887476880187,-0.284643792967506,1,0.675240214626107,0.0499273269080069
"mTORC1 signaling","ENSMUSG00000056629","Fkbp2",0.757307259859331,1.51593087551644e-06,-0.263121502295522,0.632391485526147,0.494185662660971,0.00895623863239164,0.880854788832557,1.07789078339448e-08,-0.168674712424427,1,0.712179973161262,6.4933222387899e-06
"mTORC1 signaling","ENSMUSG00000030104","Edem1",0.755714513765137,5.04782664434163e-14,-0.0616066764537834,0.918818819026285,0.69410779268966,4.07063384449144e-10,0.854146675934652,2.04829601523956e-17,-0.198217640801999,1,0.65592899105243,1.95338346149083e-10
"mTORC1 signaling","ENSMUSG00000031400","G6pdx",0.69364041931969,0.000186438163741546,-0.0877233492753809,0.946780648350292,0.605916954376831,0.00432429128856088,0.274620259901519,0.214869743249494,-0.00737597076459631,1,0.267244194274904,0.225238695144102
"mTORC1 signaling","ENSMUSG00000020423","Btg2",0.689056703950713,0.341517244644501,0.576722227309842,0.846394802163819,1.26577757863728,0.0774326870094734,0.67209908429852,0.349148585995644,1.44783639818627,0.963700605710464,2.11993441163724,0.000221326905461909
"mTORC1 signaling","ENSMUSG00000010663","Fads1",0.665991572438063,0.0120904767219775,0.164143794510216,0.908630720591076,0.830135157311841,0.00372933264323141,0.554617119768427,0.0405522034893712,-0.266099204583996,1,0.28851765203902,0.351266141071187
"mTORC1 signaling","ENSMUSG00000020733","Nherf1",0.655440594629028,0.0135065584661888,0.011189379197838,0.993416268197479,0.666629795570155,0.0249231799598851,0.597187291372606,0.0274302373596246,-0.0100285075469625,1,0.587158613759716,0.0298649764378917
"mTORC1 signaling","ENSMUSG00000021427","Ssr1",0.651603833044815,6.53084248331601e-19,-0.152630848682643,0.519033853494695,0.498972952308039,1.57763101716701e-09,0.59926530174001,3.92943787984995e-16,-0.0937407013616916,1,0.505524567727119,1.20049647303151e-11
"mTORC1 signaling","ENSMUSG00000030872","Gga2",0.620005029944488,3.86663745153232e-09,-0.286236745526728,0.292551826006181,0.333768227560694,0.00946073649198845,0.676318010965628,9.41859202814256e-11,-0.125274351041993,1,0.551043601962134,2.22580246838032e-07
"mTORC1 signaling","ENSMUSG00000029407","Uso1",0.586106248045948,4.89541434770338e-13,-0.128303301013198,0.687906662103098,0.457802907543117,6.00871818622163e-07,0.443062852030883,8.75695430118073e-08,-0.113184209538347,1,0.329878603515165,0.00011462989173791
"mTORC1 signaling","ENSMUSG00000037278","Tmem97",0.578363311162317,0.00935515758888374,0.120640405655356,0.917578742487396,0.699003610641525,0.00328762948001955,0.792583761299134,0.000182717314718484,-0.059073065599039,1,0.733510578088336,0.000610573341954258
"mTORC1 signaling","ENSMUSG00000031838","Ifi30",0.576321792142564,0.00225602986834176,-0.48057084518412,0.292551826006181,0.0957508095739286,0.770427911869531,0.406502577949406,0.0476243747421988,0.110295543546876,1,0.516798016685636,0.00800236821426018
"mTORC1 signaling","ENSMUSG00000037071","Scd1",0.567645456218968,0.315688484041018,0.689295782256941,0.682448184564553,1.25694036150759,0.0193266293659467,0.590859342788668,0.28486281671609,0.0508346374324407,1,0.641693001685684,0.233093746196511
"mTORC1 signaling","ENSMUSG00000028645","Slc2a1",0.558755335716888,0.00464460593024472,-0.168498220165733,0.869855670359711,0.390256974080189,0.10637925146099,0.870277768932226,3.05767838541615e-06,-0.434955398743798,1,0.435322220721557,0.036589938444505
"mTORC1 signaling","ENSMUSG00000039899","Fgl2",0.547397141620585,0.00581366714703295,0.0430677696188095,0.976533954429931,0.590464774615537,0.00725754647896409,0.429572723240932,0.0399483624667158,0.141632468948345,1,0.571205076647561,0.00380460506869459
"mTORC1 signaling","ENSMUSG00000059182","Skap2",0.517979757919196,5.43887688360001e-06,-0.100579734829712,0.867625844783642,0.417399978375981,0.0014868888276737,0.215227655261852,0.105828352192781,0.0329605212230056,1,0.248188136532075,0.0523941444504059
"mTORC1 signaling","ENSMUSG00000045294","Insig1",0.505838667396182,0.0032289903312768,0.141788993958951,0.871503599881302,0.647627566347158,0.000444735331816519,0.382606030363457,0.0307297523616147,-0.34277013409078,1,0.0398357766281872,0.876864763927337
"mTORC1 signaling","ENSMUSG00000063524","Eno1",0.500020607730241,8.46071285486754e-05,-0.078648879535698,0.917578742487396,0.421371654786346,0.00398706066555538,0.428443773982446,0.000947383008307369,-0.00509003796926498,1,0.4233536610971,0.00107518509720226
"mTORC1 signaling","ENSMUSG00000029552","Tes",-0.0424915710252445,0.930267907850449,0.35169806430905,0.783244241861973,0.309206291080849,0.476017092151754,0.575669753736031,0.094426535992783,-0.0828191241223387,1,0.492850428011331,0.163276552457954
"mTORC1 signaling","ENSMUSG00000034926","Dhcr24",0.160167425257464,0.668294839154752,0.270478435780953,0.82693442732719,0.430645688729252,0.203464067481305,0.51781065133906,0.0650305377280385,-0.362291542375198,1,0.155518844715033,0.662370245830214
"mTORC1 signaling","ENSMUSG00000001467","Cyp51",0.354587952508929,0.0413119100635814,0.0260548461733592,0.982777474718048,0.38064272280924,0.0499166335240028,0.508842755259849,0.00144838949168678,-0.175427597504067,1,0.333415064527521,0.0527551441875225
"mTORC1 signaling","ENSMUSG00000025408","Ddit3",0.446980973756346,0.0444104325612608,-0.179578919637322,0.869855670359711,0.267401906299535,0.355589740954103,0.50564356140945,0.0192061141649478,0.0669807055009415,1,0.572624107237569,0.00642503682142354
"mTORC1 signaling","ENSMUSG00000035105","Egln3",0.316309281835878,0.0987730240085532,-0.174744411367241,0.839258244654626,0.14156474202584,0.600806489392136,0.475183617636897,0.00726900166511342,-0.0158012619860035,1,0.459382224459782,0.00948384144704246
"mTORC1 signaling","ENSMUSG00000022707","Gbe1",0.273962400874101,0.0673254285272401,-0.115661578696868,0.871503599881302,0.158300734747537,0.42289816615724,0.467159909001473,0.000581216860305322,-0.132064820568573,1,0.33509498400919,0.0189985670137157
"mTORC1 signaling","ENSMUSG00000018932","Map2k3",0.131734746038144,0.135406805838915,-0.151048189569531,0.50748744968614,-0.0193134741231832,0.896394650467998,0.403631803434799,3.83555589299118e-08,-0.109991964269838,1,0.293639807448024,0.000112132826711741
"mTORC1 signaling","ENSMUSG00000022797","Tfrc",0.23688279928206,0.601192383253757,-0.0852429689959747,0.975085973896089,0.151639330112316,0.792586404509102,0.402100131849905,0.306470277191516,0.0644835470790191,1,0.466583060543558,0.215586196618506
"mTORC1 signaling","ENSMUSG00000066441","Rdh11",0.317390172313587,0.0801799811240616,0.0901763079190083,0.923593096048384,0.407566407707682,0.0351215103051409,0.385818340557952,0.0283278668300287,0.00920345935919633,1,0.395021727100363,0.0232885810207262
"mTORC1 signaling","ENSMUSG00000025203","Scd2",0.0636929192598341,0.91192619625649,0.365222905751732,0.834799435759347,0.428915382504064,0.396930903924817,0.385614921248774,0.38074271820212,-0.636775982465558,1,-0.251161679244225,0.597790952552161
"mTORC1 signaling","ENSMUSG00000040435","Ppp1r15a",0.171264650168206,0.627808870402442,-0.0119742872435574,0.993416268197479,0.159290122997083,0.701739869220747,0.381175280846668,0.187630469851545,-0.160225617984752,1,0.220949389969923,0.493104995606539
"mTORC1 signaling","ENSMUSG00000019916","P4ha1",0.13125011586245,0.379335223125967,0.0999838044038422,0.871503599881302,0.231233860650882,0.120960674910369,0.372859112935099,0.00183519321242427,-0.214210767442155,1,0.158648284667228,0.258220956986359
"mTORC1 signaling","ENSMUSG00000068417","Pnp2",0.172173289588101,0.907043171295499,NA,NA,-0.470187339385675,0.778366600435148,0.36942229862541,0.795518157176876,-0.645171090423634,1,-0.27574966692489,0.857818284825475
"mTORC1 signaling","ENSMUSG00000021670","Hmgcr",0.320202291943125,0.0738154136593734,0.0587552942060726,0.963391826012553,0.378957505095774,0.0530056639768158,0.361539672054417,0.0376124853269236,-0.0253140771271816,1,0.336225509898965,0.0555197586950678
"mTORC1 signaling","ENSMUSG00000032374","Plod2",0.139256134980461,0.50176965709498,-0.180985929338191,0.798573306270974,-0.0417298732888005,0.889277180375008,0.346066895890217,0.0480230247888042,0.0341854790042041,1,0.380252305966152,0.0259385586747801
"mTORC1 signaling","ENSMUSG00000015837","Sqstm1",0.383607064091352,0.000341171827256242,-0.0938672240071349,0.869855670359711,0.289739771167881,0.0221830036169839,0.34433110833215,0.00154660222805917,-0.158994360655033,1,0.185336677931805,0.126381985732115
"mTORC1 signaling","ENSMUSG00000022193","Psmb5",0.294635535513422,0.0127192291690026,-0.0872429117674821,0.885664516026572,0.207392571574064,0.154192435656221,0.343256146893147,0.00283458520747614,0.00271556611570706,1,0.345971658603186,0.002502283286562
"mTORC1 signaling","ENSMUSG00000025724","Sec11a",0.231406702740603,0.0293372930932516,-0.144292418654127,0.695009803473531,0.0871142485065313,0.576337442552934,0.340866587818829,0.000721256354527212,0.0628629785100142,1,0.40372953150119,3.69550581138938e-05
"mTORC1 signaling","ENSMUSG00000027746","Ufm1",0.307075373351441,8.12992459568158e-05,-0.126001254594741,0.641334341392944,0.18107409234906,0.0617150873404018,0.339180432732766,1.12157203903742e-05,-0.00784411642382482,1,0.331336290071475,1.76966278757591e-05
