"Symbol","Ensembl","rescue_sh","rescue_moe","rescued_sh","rescued_moe","rescue_group","max_rescue","group_order"
"Rcan1","ENSMUSG00000022951",78.1559172293584,26.3335392543074,TRUE,FALSE,"sh190 only",78.1559172293584,2
"Camkk2","ENSMUSG00000029471",53.9659405759776,NA,TRUE,FALSE,"sh190 only",53.9659405759776,2
"Tmbim1","ENSMUSG00000006301",44.3420275097334,19.0544137868285,TRUE,FALSE,"sh190 only",44.3420275097334,2
"Tpcn2","ENSMUSG00000048677",40.9444044455991,-0.573578912769171,TRUE,FALSE,"sh190 only",40.9444044455991,2
"Kcnb1","ENSMUSG00000050556",40.4626381136349,1.11731762142477,TRUE,FALSE,"sh190 only",40.4626381136349,2
"Ccrl2","ENSMUSG00000043953",40.3869786704603,12.7491909289774,TRUE,FALSE,"sh190 only",40.3869786704603,2
"Lgmn","ENSMUSG00000021190",40.114288186805,7.40491751264284,TRUE,FALSE,"sh190 only",40.114288186805,2
"Trem2","ENSMUSG00000023992",36.5788441092962,-8.23972536109602,TRUE,FALSE,"sh190 only",36.5788441092962,2
"Ackr2","ENSMUSG00000044534",33.807896642571,NA,TRUE,FALSE,"sh190 only",33.807896642571,2
"Eif2ak3","ENSMUSG00000031668",31.918136839806,-4.2483271342885,TRUE,FALSE,"sh190 only",31.918136839806,2
"Dusp5","ENSMUSG00000034765",30.1441488178129,6.94524607758709,TRUE,FALSE,"sh190 only",30.1441488178129,2
"Ncam1","ENSMUSG00000039542",30.1385575836124,23.8086652511254,TRUE,FALSE,"sh190 only",30.1385575836124,2
"Lmcd1","ENSMUSG00000057604",NA,41.6444048986872,FALSE,TRUE,"MOE only",41.6444048986872,3
"Calm2","ENSMUSG00000036438",NA,37.3639949667875,FALSE,TRUE,"MOE only",37.3639949667875,3
"Scn5a","ENSMUSG00000032511",NA,34.4222848132035,FALSE,TRUE,"MOE only",34.4222848132035,3
"Cx3cr1","ENSMUSG00000052336",13.9424177790415,32.8670643919168,FALSE,TRUE,"MOE only",32.8670643919168,3
"Ccr5","ENSMUSG00000079227",2.69864962732413,31.9062089021565,FALSE,TRUE,"MOE only",31.9062089021565,3
