"Pathway","GeneSymbol","Ensembl","Symbol"
"Core STIM–ORAI","Stim2","ENSMUSG00000039156","Stim2"
"Core STIM–ORAI","Orai2","ENSMUSG00000039747","Orai2"
"Core STIM–ORAI","Orai3","ENSMUSG00000043964","Orai3"
"Alternative Ca²⁺ entry","Trpc1","ENSMUSG00000032839","Trpc1"
"Alternative Ca²⁺ entry","Trpc3","ENSMUSG00000027716","Trpc3"
"Alternative Ca²⁺ entry","Trpc6","ENSMUSG00000031997","Trpc6"
"Alternative Ca²⁺ entry","Trpm7","ENSMUSG00000027365","Trpm7"
"Alternative Ca²⁺ entry","Trpv2","ENSMUSG00000018507","Trpv2"
"Alternative Ca²⁺ entry","Trpv4","ENSMUSG00000014158","Trpv4"
"Alternative Ca²⁺ entry","Cacna1s","ENSMUSG00000026407","Cacna1s"
"Alternative Ca²⁺ entry","Cacnb1","ENSMUSG00000020882","Cacnb1"
"Alternative Ca²⁺ entry","Cacna2d1","ENSMUSG00000040118","Cacna2d1"
"SR release/storage","Ryr1","ENSMUSG00000030592","Ryr1"
"SR release/storage","Itpr1","ENSMUSG00000030102","Itpr1"
"SR release/storage","Casq1","ENSMUSG00000007122","Casq1"
"SR release/storage","Hrc","ENSMUSG00000038239","Hrc"
"SR release/storage","Trdn","ENSMUSG00000019787","Trdn"
"SR release/storage","Jph1","ENSMUSG00000042686","Jph1"
"SR Ca²⁺ uptake","Atp2a1","ENSMUSG00000030730","Atp2a1"
"SR Ca²⁺ uptake","Atp2a2","ENSMUSG00000029467","Atp2a2"
"Ca²⁺ extrusion","Atp2b1","ENSMUSG00000019943","Atp2b1"
"Ca²⁺ extrusion","Atp2b3","ENSMUSG00000031376","Atp2b3"
"Ca²⁺ extrusion","Slc8a1","ENSMUSG00000054640","Slc8a1"
"Mitochondrial Ca²⁺","Mcu","ENSMUSG00000009647","Mcu"
"Mitochondrial Ca²⁺","Micu1","ENSMUSG00000020111","Micu1"
"Mitochondrial Ca²⁺","Micu2","ENSMUSG00000021973","Micu2"
"Mitochondrial Ca²⁺","Smdt1","ENSMUSG00000022452","Smdt1"
"Ca²⁺ signaling","Calm1","ENSMUSG00000001175","Calm1"
"Ca²⁺ signaling","Calm2","ENSMUSG00000036438","Calm2"
"Ca²⁺ signaling","Ppp3ca","ENSMUSG00000028161","Ppp3ca"
"Ca²⁺ signaling","Nfatc1","ENSMUSG00000033016","Nfatc1"
"Ca²⁺ signaling","Nfatc3","ENSMUSG00000031902","Nfatc3"
"Ca²⁺ signaling","Camk2b","ENSMUSG00000057897","Camk2b"
"Ca²⁺ signaling","Camk2d","ENSMUSG00000053819","Camk2d"
"Ca²⁺ signaling","Camk4","ENSMUSG00000038128","Camk4"
"Ca²⁺ signaling","Mef2c","ENSMUSG00000005583","Mef2c"
