"Symbol","Ensembl","log2FC_disease","log2FC_treated","log2FC_treated_vs_WT","padj_disease","padj_treated","rescue_metric","Arm","rescue_status"
"Abcc9","ENSMUSG00000030249",-0.718973727858388,0.10819896518536,-0.610774762673028,3.51148690802062e-26,0.702448494207595,15.0490846873714,"sh190","Not rescued"
"Ackr2","ENSMUSG00000044534",1.14818975180074,-0.388178804549386,0.760010947251351,2.59800762715665e-05,0.667345476815605,33.807896642571,"sh190","Partially rescued"
"Ackr3","ENSMUSG00000044337",0.520498577093515,0.160070523860825,0.68056910095434,0.0060841748237754,0.869855670359711,-30.7533067150087,"sh190","Worsened"
"Alox5ap","ENSMUSG00000060063",1.50545789708032,-0.264166807838905,1.24129108924142,5.3803003985577e-18,0.677205317715788,17.5472730490324,"sh190","Not rescued"
"Arpp21","ENSMUSG00000032503",0.690346524675304,0.0719340311400802,0.762280555815384,0.000506069706273458,0.963391826012553,-10.4199888851347,"sh190","Worsened"
"Asic3","ENSMUSG00000038276",0.800006895433193,-0.0225437773578295,0.777463118075363,0.00872054396948834,0.989845415491391,2.8179478810145,"sh190","Not rescued"
"Atp1a3","ENSMUSG00000040907",2.02581405921271,-0.248286699556667,1.77752735965604,1.99443172268503e-09,0.883533744590304,12.2561445571742,"sh190","Not rescued"
"Atp2a1","ENSMUSG00000030730",-0.567561765475837,0.0338057776156938,-0.533755987860143,2.85182914371744e-17,0.953259046738976,5.95631694593653,"sh190","Not rescued"
"Atp2a2","ENSMUSG00000029467",1.80694041816737,-0.296492565614545,1.51044785255283,1.82010609697784e-24,0.669692812473393,16.4085413461088,"sh190","Not rescued"
"Bhlha15","ENSMUSG00000052271",7.19830966047726,-0.483809331427044,6.71450032905021,7.11104025613144e-10,0.800269507190522,6.72115196826593,"sh190","Not rescued"
"C3ar1","ENSMUSG00000040552",2.3711668739366,-0.482236104029934,1.88893076990667,2.28782840862299e-10,0.763102964601267,20.3375017309232,"sh190","Not rescued"
"Cacna1s","ENSMUSG00000026407",-0.57871158497337,0.0792231893660336,-0.499488395607336,2.17552585293427e-14,0.853864668865806,13.6895806863239,"sh190","Not rescued"
"Camk2b","ENSMUSG00000057897",-0.57054469056279,0.0219762539404911,-0.548568436622299,5.85392201447534e-12,0.976533954429931,3.85180237481721,"sh190","Not rescued"
"Camkk2","ENSMUSG00000029471",0.511199749557326,-0.275873753070653,0.235325996486673,0.00415753462753557,0.639043426674872,53.9659405759776,"sh190","Partially rescued"
"Ccr1","ENSMUSG00000025804",1.51963564834566,0.0837257702785862,1.60336141862425,0.00587379902055037,0.981341274560439,-5.50959503810887,"sh190","Worsened"
"Ccr2","ENSMUSG00000049103",2.38521739675905,0.167990238821003,2.55320763558005,2.11887736582575e-20,0.912269403286169,-7.04297390456997,"sh190","Worsened"
"Ccr5","ENSMUSG00000079227",2.56364184791853,-0.0691837111747789,2.49445813674375,3.92664364212114e-06,0.987297711844049,2.69864962732413,"sh190","Not rescued"
"Ccrl2","ENSMUSG00000043953",-0.738115960207326,0.298102735412196,-0.44001322479513,0.00329746035873963,0.783244241861973,40.3869786704603,"sh190","Partially rescued"
"Cd22","ENSMUSG00000030577",2.19396119932228,-0.303796038872065,1.89016516045021,0.00895901153393243,0.956293835338771,13.8469193970207,"sh190","Not rescued"
"Cib1","ENSMUSG00000030538",0.615094470382977,-0.109890449135264,0.505204021247713,0.000590170329802011,0.910144072154646,17.8656213681847,"sh190","Not rescued"
"Clec7a","ENSMUSG00000079293",2.76964531748807,0.469311092670558,3.23895641015862,2.96135773055604e-12,0.748298331802214,-16.9448084094826,"sh190","Worsened"
"Clic4","ENSMUSG00000037242",1.39073653691087,-0.210131085085113,1.18060545182575,6.71513138817845e-41,0.563101041732192,15.1093380743315,"sh190","Not rescued"
"Cmklr1","ENSMUSG00000042190",0.574893796705674,-0.0087636113571283,0.566130185348545,0.00467408655964988,0.993416268197479,1.52438787952603,"sh190","Not rescued"
"Cpne2","ENSMUSG00000034361",1.29848100010438,-0.12462810066361,1.17385289944077,2.14291295012501e-08,0.941701769664795,9.59799185768536,"sh190","Not rescued"
"Cx3cr1","ENSMUSG00000052336",2.7749355473297,-0.386893107107839,2.38804244022186,1.58727708389705e-07,0.880785255852825,13.9424177790415,"sh190","Not rescued"
"Cxcr4","ENSMUSG00000045382",0.91975403630445,0.0396944451462173,0.959448481450667,7.12858361722075e-06,0.978038625088772,-4.31576743122635,"sh190","Worsened"
"Dusp4","ENSMUSG00000031530",2.00709600939939,-0.333037168739013,1.67405884066038,1.0613951081451e-21,0.653559548331192,16.5929864430686,"sh190","Not rescued"
"Dusp5","ENSMUSG00000034765",1.48391432710827,-0.447313343092364,1.03660098401591,0.00175100095825051,0.849844824044736,30.1441488178129,"sh190","Partially rescued"
"Eef2k","ENSMUSG00000035064",-0.62335191711012,-0.0346829568792828,-0.658034873989403,5.45044621522124e-08,0.972827536557896,-5.56394484837299,"sh190","Worsened"
"Egr1","ENSMUSG00000038418",1.58444306181823,0.953617196812806,2.53806025863103,0.00642635685900978,0.620638953838686,-60.1862711127331,"sh190","Worsened"
"Egr2","ENSMUSG00000037868",1.46434471455551,0.0836635199045258,1.54800823446003,0.00290015553311087,0.980372611148988,-5.71337602908078,"sh190","Worsened"
"Eif2ak3","ENSMUSG00000031668",0.741852805374549,-0.236785593569388,0.50506721180516,6.62973304467841e-10,0.519033853494695,31.918136839806,"sh190","Partially rescued"
"Fos","ENSMUSG00000021250",2.20974728237612,1.76246595330937,3.97221323568549,0.00668921426310965,0.401367302003784,-79.7587112049394,"sh190","Worsened"
"Grm1","ENSMUSG00000019828",-1.59866171559769,-0.28897873626527,-1.88764045186296,0.00297545027450175,0.943647750003555,-18.0762905276199,"sh190","Worsened"
"Igtp","ENSMUSG00000078853",0.781014504965441,0.159218032701123,0.940232537666564,9.03871602286993e-05,0.883060828355666,-20.3860532280598,"sh190","Worsened"
"Irgm2","ENSMUSG00000069874",0.671755260734614,0.126875062553841,0.798630323288455,5.07094443998604e-05,0.888488038034976,-18.8870962342884,"sh190","Worsened"
"Jpt2","ENSMUSG00000024165",0.93348993174631,-0.18873744671656,0.74475248502975,1.2793007410855e-14,0.670323049499616,20.2184769538416,"sh190","Not rescued"
"Junb","ENSMUSG00000052837",1.12571906024558,0.698137678517237,1.82385673876282,0.0255295145149253,0.687906662103098,-62.017043432216,"sh190","Worsened"
"Jund","ENSMUSG00000071076",0.799481721285152,0.091108003556164,0.890589724841316,0.000660272230918804,0.961886284539058,-11.3958832491767,"sh190","Worsened"
"Kcnb1","ENSMUSG00000050556",-0.840387537370771,0.340042967998423,-0.500344569372347,2.42193289187708e-11,0.308839307202033,40.4626381136349,"sh190","Partially rescued"
"Lat2","ENSMUSG00000040751",1.74720171925768,-0.297275748830938,1.44992597042675,6.67003727719769e-08,0.85857223797617,17.0143919591172,"sh190","Not rescued"
"Lgmn","ENSMUSG00000021190",0.911197617064394,-0.365520438060511,0.545677179003883,1.74282199229226e-14,0.20337069122808,40.114288186805,"sh190","Partially rescued"
"Mef2a","ENSMUSG00000030557",-0.553790744278029,0.113831007218833,-0.439959737059196,5.13686814892396e-12,0.749097052021563,20.5548771616314,"sh190","Not rescued"
"Micu2","ENSMUSG00000021973",0.601988117689819,-0.119337105061205,0.482651012628614,5.32949926871919e-22,0.590389775410647,19.8238306628328,"sh190","Not rescued"
"Myh4","ENSMUSG00000057003",-0.704738308607363,0.0573276971340149,-0.647410611473348,1.90477070677393e-06,0.963391826012553,8.13460775919795,"sh190","Not rescued"
"Myh7b","ENSMUSG00000074652",-0.918497436824397,0.101727601196366,-0.816769835628031,0.00230706784215034,0.965568399299681,11.0754365900113,"sh190","Not rescued"
"Ncald","ENSMUSG00000051359",0.547465989964382,0.119606894966154,0.667072884930536,0.00293442919669963,0.904872891254549,-21.84736534482,"sh190","Worsened"
"Ncam1","ENSMUSG00000039542",1.46553654092584,-0.441691574295814,1.02384496663002,8.55288384287857e-14,0.438938316482614,30.1385575836124,"sh190","Partially rescued"
"Nfam1","ENSMUSG00000058099",2.01679873016131,-0.0554643976552685,1.96133433250604,2.76074183197936e-12,0.978038625088772,2.75012061569636,"sh190","Not rescued"
"Nfatc2","ENSMUSG00000027544",0.537276317510752,-0.102020086407377,0.435256231103375,0.000373831596983834,0.906886328145856,18.9883832736282,"sh190","Not rescued"
"P2rx4","ENSMUSG00000029470",0.93992232198146,-0.129901599869354,0.810020722112106,1.09426625731575e-12,0.845644906980121,13.8204612052949,"sh190","Not rescued"
"P2ry12","ENSMUSG00000036353",1.18601820005203,-0.0399321724063709,1.14608602764566,0.00869730863600202,0.989343837549245,3.36691059248661,"sh190","Not rescued"
"Pdgfra","ENSMUSG00000029231",0.713663076953984,0.102173314897092,0.815836391851076,0.000828420804409614,0.947673294420002,-14.3167438804852,"sh190","Worsened"
"Ppp1r9a","ENSMUSG00000032827",0.773685114652845,0.230891672555056,1.0045767872079,0.000594034394904288,0.818718555934674,-29.8431064760316,"sh190","Worsened"
"Ppp3cb","ENSMUSG00000021816",-0.503231809662681,0.0836371874889811,-0.4195946221737,3.26043256472346e-12,0.81791445505211,16.6200120666147,"sh190","Not rescued"
"Ptprc","ENSMUSG00000026395",1.71176451777916,0.117821074851234,1.82958559263039,5.66736729804802e-12,0.953871647801578,-6.88301887482131,"sh190","Worsened"
"Ptprj","ENSMUSG00000025314",0.885783697568352,0.221876787145297,1.10766048471365,1.8648195149819e-07,0.747558841750315,-25.0486419827314,"sh190","Worsened"
"Rcan1","ENSMUSG00000022951",0.615543790288308,-0.481083895248185,0.134459895040123,0.0353761753615154,0.590389775410647,78.1559172293584,"sh190","Partially rescued"
"Rem1","ENSMUSG00000000359",0.563877668892241,0.0502793847229983,0.614157053615239,0.0377361200336897,0.977672731926318,-8.91671855382641,"sh190","Worsened"
"Ryr1","ENSMUSG00000030592",-0.675945252863568,0.108603981966902,-0.567341270896666,1.00199652924648e-14,0.800435425716223,16.0669790203886,"sh190","Not rescued"
"Slc25a24","ENSMUSG00000040322",1.31988795254422,-0.128515556419568,1.19137239612465,1.674049085342e-19,0.871503599881302,9.73685350880286,"sh190","Not rescued"
"Slc8a1","ENSMUSG00000054640",-0.799963843779099,0.193532361156952,-0.606431482622147,6.29821400414959e-09,0.749097052021563,24.192638537598,"sh190","Not rescued"
"Syk","ENSMUSG00000021457",0.913585284221997,0.161310360423607,1.0748956446456,0.000150031901146937,0.906886328145856,-17.6568475006663,"sh190","Worsened"
"Tmbim1","ENSMUSG00000006301",0.52012145182585,-0.230632397252643,0.289489054573207,2.06962661096093e-06,0.476077187373321,44.3420275097334,"sh190","Partially rescued"
"Tmem100","ENSMUSG00000069763",-2.45953078019432,0.430677671012199,-2.02885310918212,1.07956950040391e-09,0.845505418556091,17.5105623593038,"sh190","Not rescued"
"Tnni1","ENSMUSG00000026418",2.90213707954826,-0.489506270855226,2.41263080869304,4.10871673399958e-11,0.822670904903185,16.8670968130637,"sh190","Not rescued"
"Tnnt1","ENSMUSG00000064179",1.55813730906639,-0.33899403212906,1.21914327693733,0.00977672730576698,0.921083049301814,21.7563644844741,"sh190","Not rescued"
"Tpcn2","ENSMUSG00000048677",0.544483033378303,-0.222935335324078,0.321547698054224,0.0014777002365897,0.732450159343992,40.9444044455991,"sh190","Partially rescued"
"Trem2","ENSMUSG00000023992",3.5990886247591,-1.31650501740604,2.28258360735305,1.76721338603395e-18,0.0267832389364152,36.5788441092962,"sh190","Partially rescued"
"Tuba1a","ENSMUSG00000072235",1.00896626251727,0.0375618591242422,1.04652812164152,1.30095347156385e-05,0.98301357693794,-3.72280625424768,"sh190","Worsened"
"Abcc9","ENSMUSG00000030249",-0.785626892589898,-0.0192752632343561,-0.804902155824254,3.60245708316715e-31,1,-2.45348821637371,"MOE","Worsened"
"Alox5ap","ENSMUSG00000060063",1.15830350381489,-0.186031638117863,0.972271865697027,2.44929960588229e-11,1,16.0606989018996,"MOE","Not rescued"
"Arpp21","ENSMUSG00000032503",1.04113437723166,-0.126871716949778,0.91426266028188,3.13051171064081e-08,1,12.1859118020025,"MOE","Not rescued"
"Asic3","ENSMUSG00000038276",1.35523543236309,0.0592916680767251,1.41452710043982,2.37236803718625e-05,1,-4.37500870039528,"MOE","Worsened"
"Atp2a1","ENSMUSG00000030730",-0.615261516414968,-0.0329631365339036,-0.648224652948871,3.20060363073268e-20,1,-5.35758139497731,"MOE","Worsened"
"Atp2a2","ENSMUSG00000029467",1.8330520973778,-0.0549893131618382,1.77806278421596,3.86602909693394e-25,1,2.99987726701827,"MOE","Not rescued"
"Bhlha15","ENSMUSG00000052271",5.00524824069353,0.149289024817472,5.154537265511,7.43105161788241e-12,1,-2.98264976357669,"MOE","Worsened"
"C3ar1","ENSMUSG00000040552",1.54170817189457,-0.35221869436665,1.18948947752792,6.20574426290378e-05,1,22.8460029457985,"MOE","Not rescued"
"Calm1","ENSMUSG00000001175",-0.577812126230132,-0.00779740194284382,-0.585609528172976,4.26541246852073e-11,1,-1.3494701112829,"MOE","Worsened"
"Calm2","ENSMUSG00000036438",-0.579762637250053,0.216622482601425,-0.363140154648629,8.12595752885717e-05,1,37.3639949667875,"MOE","Partially rescued"
"Calm3","ENSMUSG00000019370",-0.568392129606598,0.0272541895443025,-0.541137940062296,9.46377000136601e-10,1,4.79496251349679,"MOE","Not rescued"
"Calml3","ENSMUSG00000063130",3.37115003066539,1.39496152665534,4.76611155732073,0.0275645910152287,1,-41.3793961694431,"MOE","Worsened"
"Camk2b","ENSMUSG00000057897",-0.524798112238065,-0.017815647412315,-0.542613759650381,3.06781712565913e-10,1,-3.39476209934102,"MOE","Worsened"
"Casq2","ENSMUSG00000027861",0.730539005837939,-0.0517989318738268,0.678740073964112,0.00143753916557991,1,7.09050871478281,"MOE","Not rescued"
"Ccr2","ENSMUSG00000049103",1.80157042817972,-0.359900751844313,1.44166967633541,1.30942800269538e-12,1,19.9770570284033,"MOE","Not rescued"
"Ccr5","ENSMUSG00000079227",1.84665892781098,-0.589198855217694,1.25746007259329,0.00100908418967269,1,31.9062089021565,"MOE","Partially rescued"
"Ccrl2","ENSMUSG00000043953",-0.783091170044387,0.0998377884169223,-0.683253381627465,0.00148848915566027,1,12.7491909289774,"MOE","Not rescued"
"Clec7a","ENSMUSG00000079293",1.43733282386999,-0.364082794940991,1.073250028929,9.29342937233942e-05,1,25.3304446189927,"MOE","Not rescued"
"Clic4","ENSMUSG00000037242",1.46296957619446,-0.148216496540309,1.31475307965415,3.90032803345616e-45,1,10.1312083964081,"MOE","Not rescued"
"Cpne2","ENSMUSG00000034361",1.60929177205062,-0.25378796300756,1.35550380904306,2.25472924861663e-12,1,15.7701647032082,"MOE","Not rescued"
"Cpne9","ENSMUSG00000030270",3.80365861998979,-0.706283838771727,3.09737478121806,0.000353238511141319,1,18.5685391180984,"MOE","Not rescued"
"Cx3cr1","ENSMUSG00000052336",1.79629561915342,-0.590389637816334,1.20590598133708,0.000319518695687531,1,32.8670643919168,"MOE","Partially rescued"
"Cxcr6","ENSMUSG00000048521",2.37269546962063,-0.380703878170481,1.99199159145015,0.0144912210721185,1,16.0452060976604,"MOE","Not rescued"
"Dusp4","ENSMUSG00000031530",1.86939603164719,-0.0331737916529658,1.83622223999422,1.18141928684831e-18,1,1.77457270109508,"MOE","Not rescued"
"Dusp5","ENSMUSG00000034765",2.13322020103246,-0.148157392338502,1.98506280869396,4.104184278205e-06,1,6.94524607758709,"MOE","Not rescued"
"Ect2","ENSMUSG00000027699",1.61742849618473,0.00395304170273912,1.62138153788747,0.0402292581524056,1,-0.244402872341111,"MOE","Worsened"
"Eef2k","ENSMUSG00000035064",-0.665867475519805,0.0379158760490386,-0.627951599470766,5.0898476685414e-09,1,5.69420754774661,"MOE","Not rescued"
"Egr2","ENSMUSG00000037868",1.92945911604028,0.780356846168973,2.70981596220926,5.81997285992072e-05,1,-40.4443317653941,"MOE","Worsened"
"Eif2ak3","ENSMUSG00000031668",0.516259078210037,0.0219323745028247,0.538191452712862,3.80637412417576e-05,1,-4.2483271342885,"MOE","Worsened"
"Fhl2","ENSMUSG00000008136",1.91268040681809,0.00158312092386273,1.91426352774195,1.83379491842415e-09,1,-0.0827697569452534,"MOE","Worsened"
"Fkbp1b","ENSMUSG00000020635",1.0873280575981,0.0120154568394716,1.09934351443757,0.0266595464221975,1,-1.10504431073118,"MOE","Worsened"
"Grin2d","ENSMUSG00000002771",1.1172943999721,-0.321421987484509,0.795872412487588,0.0180708551931129,1,28.7678867353614,"MOE","Not rescued"
"Grm1","ENSMUSG00000019828",-2.53053495344647,-0.0898820720999677,-2.62041702554644,6.72433100496825e-07,1,-3.55190004301471,"MOE","Worsened"
"Gstm7","ENSMUSG00000004035",0.761169271932332,-0.226345086677937,0.534824185254395,0.0129299102482963,1,29.7364981777745,"MOE","Not rescued"
"Igf1","ENSMUSG00000020053",-0.572502204802622,0.108934352849753,-0.463567851952869,0.0101370013894228,1,19.0277612795062,"MOE","Not rescued"
"Igtp","ENSMUSG00000078853",1.16543641100369,-0.0342573590750671,1.13117905192862,1.34384103146334e-09,1,2.93944472230486,"MOE","Not rescued"
"Irgm2","ENSMUSG00000069874",0.712954510429241,0.0131442493525812,0.726098759781822,1.54053840253688e-05,1,-1.84363085727132,"MOE","Worsened"
"Jpt2","ENSMUSG00000024165",0.605156574478827,-0.0977583189842759,0.507398255494551,1.10165496603194e-06,1,16.1542191074215,"MOE","Not rescued"
"Kcnb1","ENSMUSG00000050556",-0.873249911494132,0.00975697514020011,-0.863492936353932,3.43821101832268e-12,1,1.11731762142477,"MOE","Not rescued"
"Kcnq2","ENSMUSG00000016346",1.75736681760204,0.833616442894258,2.5909832604963,0.0174058892839526,1,-47.4355401811753,"MOE","Worsened"
"Kcnq3","ENSMUSG00000056258",2.00315275551678,-0.48452792213446,1.51862483338232,0.00177026131795752,1,24.1882662617739,"MOE","Not rescued"
"Lat2","ENSMUSG00000040751",1.54223386804643,0.00577185331650533,1.54800572136293,2.09884000825101e-06,1,-0.374252792400204,"MOE","Worsened"
"Lgmn","ENSMUSG00000021190",0.841383754682447,-0.0623037729990124,0.779079981683435,2.21306005184745e-12,1,7.40491751264284,"MOE","Not rescued"
"Lmcd1","ENSMUSG00000057604",1.39260998534467,-0.579944140956481,0.812665844388185,0.00494188044492774,1,41.6444048986872,"MOE","Partially rescued"
"Mcoln2","ENSMUSG00000011008",1.51040183523533,-0.0341340785055975,1.47626775672973,0.0237951291148927,1,2.25993359576918,"MOE","Not rescued"
"Mef2a","ENSMUSG00000030557",-0.599884784455432,-0.0579324368316136,-0.657817221287046,5.290371431274e-14,1,-9.65726058283074,"MOE","Worsened"
"Micu2","ENSMUSG00000021973",0.572155891548482,-0.0201334066185151,0.552022484929967,8.14361719839625e-20,1,3.51886730800342,"MOE","Not rescued"
"Myh4","ENSMUSG00000057003",-0.863371577644418,-0.0325792258303668,-0.895950803474785,2.48516087149283e-09,1,-3.77348834197837,"MOE","Worsened"
"Myoz2","ENSMUSG00000028116",1.42484511376057,0.0176057688992437,1.44245088265981,2.92657787637218e-07,1,-1.23562685720816,"MOE","Worsened"
"Ncam1","ENSMUSG00000039542",1.68857031970198,-0.402026054947702,1.28654426475428,6.02624867110285e-18,1,23.8086652511254,"MOE","Not rescued"
"Nfam1","ENSMUSG00000058099",0.849989309376641,-0.0153451097196353,0.834644199657006,0.00464223235570175,1,1.80532973183969,"MOE","Not rescued"
"Nfatc2","ENSMUSG00000027544",0.687420093871636,0.0891232515554254,0.776543345427061,2.78440095934847e-06,1,-12.9648889158116,"MOE","Worsened"
"P2rx4","ENSMUSG00000029470",0.834095114980978,-0.026237113700958,0.80785800128002,5.54770197617853e-10,1,3.14557815166636,"MOE","Not rescued"
"Ppp3cb","ENSMUSG00000021816",-0.565908444115249,0.0345874869582744,-0.531320957156974,2.59463698285217e-15,1,6.11185207040851,"MOE","Not rescued"
"Prkaa1","ENSMUSG00000050697",0.672239792947944,-0.148930131276212,0.523309661671732,3.57770888252677e-14,1,22.154316486252,"MOE","Not rescued"
"Ptprc","ENSMUSG00000026395",0.672322889241697,-0.00888458000354868,0.663438309238148,0.0129101533913837,1,1.32147516404944,"MOE","Not rescued"
"Rcan1","ENSMUSG00000022951",1.21631792781932,-0.32029955897948,0.896018368839842,3.61118879955082e-06,1,26.3335392543074,"MOE","Not rescued"
"Rem1","ENSMUSG00000000359",0.554236956880809,0.267914712101987,0.822151668982796,0.0424994647191538,1,-48.339380616151,"MOE","Worsened"
"Ryr1","ENSMUSG00000030592",-0.655318084287549,-0.089952471556917,-0.745270555844466,6.6594311525536e-14,1,-13.7265358172912,"MOE","Worsened"
"Scn5a","ENSMUSG00000032511",1.65144206092769,-0.568464089737567,1.08297797119012,0.00211894703704125,1,34.4222848132035,"MOE","Partially rescued"
"Slc25a24","ENSMUSG00000040322",1.48335586723411,-0.016059031846439,1.46729683538767,1.75292503976077e-24,1,1.08261491400463,"MOE","Not rescued"
"Slc8a1","ENSMUSG00000054640",-1.06432814075959,-0.0936607995482572,-1.15798894030785,2.16164828088535e-15,1,-8.79999278055482,"MOE","Worsened"
"Sphk1","ENSMUSG00000061878",1.22104796662872,-0.223165405348291,0.997882561280429,0.00407992723609438,1,18.2765469864746,"MOE","Not rescued"
"Tmbim1","ENSMUSG00000006301",0.678835001446567,-0.129348030105452,0.549486971341115,2.23468495571305e-10,1,19.0544137868285,"MOE","Not rescued"
"Tmem100","ENSMUSG00000069763",-2.2432893636697,0.179955749477473,-2.06333361419223,3.29795523326493e-08,1,8.02195884275453,"MOE","Not rescued"
"Tnni1","ENSMUSG00000026418",2.93586991008367,0.211721445897329,3.147591355981,1.65665504374475e-11,1,-7.21154044224307,"MOE","Worsened"
"Tnnt1","ENSMUSG00000064179",1.4409255822899,0.169961312320514,1.61088689461041,0.0181171799032822,1,-11.7952873076494,"MOE","Worsened"
"Tpcn2","ENSMUSG00000048677",0.703893703433671,0.00403738585120554,0.707931089284876,5.085902522329e-05,1,-0.573578912769171,"MOE","Worsened"
"Trem2","ENSMUSG00000023992",2.55866329816215,0.210826828683723,2.76949012684587,1.63990042330586e-10,1,-8.23972536109602,"MOE","Worsened"
"Trpm4","ENSMUSG00000038260",-0.545689747432497,0.0518292760553661,-0.493860471377131,4.27174419896881e-09,1,9.49793839800472,"MOE","Not rescued"
"Tuba1a","ENSMUSG00000072235",0.592815748466167,0.0857547202992283,0.678570468765396,0.0169011488932101,1,-14.465661636201,"MOE","Worsened"
