"","ID","Description","GeneRatio","BgRatio","RichFactor","FoldEnrichment","zScore","pvalue","p.adjust","qvalue","geneID","Count"
"GO:0009100","GO:0009100","glycoprotein metabolic process","23/411","382/28832",0.0602094240837696,4.22374237270863,7.62749550517759,8.43594582082621e-09,3.50850986688162e-05,2.74035040032312e-05,"16337/50917/56336/21664/14538/29858/110006/20652/232313/13478/108153/69038/108687/14537/66059/12091/14345/17381/328572/231162/331026/54710/20448",23
"GO:0032963","GO:0032963","collagen metabolic process","11/411","127/28832",0.0866141732283465,6.0760580109968,6.89415031604137,2.18992622553362e-06,0.00455395158599716,0.00355690122736671,"52377/17534/114886/14789/58223/22352/13038/18787/14633/17381/328572",11
"GO:0009101","GO:0009101","glycoprotein biosynthetic process","17/411","318/28832",0.0534591194968553,3.75020275750203,5.93034947725671,3.79707874832554e-06,0.00526401683809531,0.00411150351485355,"16337/56336/21664/14538/29858/20652/232313/13478/69038/14537/66059/14345/328572/231162/331026/54710/20448",17
"GO:0051216","GO:0051216","cartilage development","14/411","235/28832",0.0595744680851064,4.17919966868561,5.88467638339287,8.03921257250037e-06,0.00610079047637735,0.00476507242634249,"20682/22171/20378/13038/59056/12111/13666/12023/108153/14173/373864/14633/328572/231162",14
"GO:0010506","GO:0010506","regulation of autophagy","16/411","303/28832",0.0528052805280528,3.70433539704335,5.6907522542781,8.51893858467055e-06,0.00610079047637735,0.00476507242634249,"67846/15368/230895/20787/83433/17281/20333/230784/66824/228775/104009/11920/20539/233979/68617/328572",16
"GO:0009636","GO:0009636","response to toxic substance","14/411","238/28832",0.0588235294117647,4.12652068126521,5.82429568050444,9.28592444747171e-06,0.00610079047637735,0.00476507242634249,"11864/114886/13885/53381/22171/230784/26357/17748/233071/13849/18754/18619/14775/109815",14
"GO:0001667","GO:0001667","ameboidal-type cell migration","15/411","278/28832",0.0539568345323741,3.78511789108859,5.61130131691615,1.25914092204949e-05,0.00610079047637735,0.00476507242634249,"20682/114886/12512/22352/214968/54357/68303/20352/21983/14173/18787/18754/17381/20349/19270",15
"GO:0031669","GO:0031669","cellular response to nutrient levels","15/411","278/28832",0.0539568345323741,3.78511789108859,5.61130131691615,1.25914092204949e-05,0.00610079047637735,0.00476507242634249,"12514/67579/20787/17977/14827/13038/20525/230784/13666/21847/20539/18619/16500/328572/544791",15
"GO:0032677","GO:0032677","regulation of interleukin-8 production","8/411","78/28832",0.102564102564103,7.19495913656498,6.58821403409223,1.56336873222287e-05,0.00610079047637735,0.00476507242634249,"14063/11746/66824/14082/18787/170743/239114/15511",8
"GO:0032637","GO:0032637","interleukin-8 production","8/411","79/28832",0.10126582278481,7.10388370445656,6.53294949403365,1.71811388512227e-05,0.00610079047637735,0.00476507242634249,"14063/11746/66824/14082/18787/170743/239114/15511",8
"GO:0030162","GO:0030162","regulation of proteolysis","20/411","473/28832",0.0422832980972516,2.96620936919698,5.18496658607522,1.79876016640135e-05,0.00610079047637735,0.00476507242634249,"20317/15451/13014/64138/52377/68581/66494/73296/83433/69065/14082/13666/211770/228775/232854/14824/18787/328572/14775/15511",20
"GO:0030522","GO:0030522","intracellular receptor signaling pathway","18/411","396/28832",0.0454545454545455,3.18867507188675,5.27382504566411,1.82293746034156e-05,0.00610079047637735,0.00476507242634249,"328365/19378/20183/20787/17977/14063/83433/16592/14254/66824/279572/56174/170743/238803/27401/328572/67705/15511",18
"GO:0007249","GO:0007249","canonical NF-kappaB signal transduction","15/411","288/28832",0.0520833333333333,3.6536901865369,5.44277188338758,1.9069554266147e-05,0.00610079047637735,0.00476507242634249,"170720/73914/19696/14063/83433/18034/22029/66824/14082/71609/240354/66949/170743/18754/328572",15
"GO:0032757","GO:0032757","positive regulation of interleukin-8 production","7/411","61/28832",0.114754098360656,8.05009772246819,6.6284756089185,2.55560985124865e-05,0.00759198669381652,0.00592978345936341,"14063/66824/14082/18787/170743/239114/15511",7
"GO:0061448","GO:0061448","connective tissue development","16/411","335/28832",0.0477611940298507,3.35048843374369,5.20369744166625,2.92342958975457e-05,0.00810569577585951,0.00633102015016323,"20682/17977/22171/20378/13038/59056/12111/13666/12023/108153/14173/373864/14633/328572/231162/105171",16
"GO:1901136","GO:1901136","carbohydrate derivative catabolic process","14/411","271/28832",0.0516605166051661,3.62402923299306,5.21912497591262,3.93138680382387e-05,0.0100377086833551,0.00784003467352575,"13807/16337/11717/50917/50773/238871/110006/56174/192188/14173/108687/12091/17381/328572",14
"GO:0032964","GO:0032964","collagen biosynthetic process","7/411","66/28832",0.106060606060606,7.44024183440242,6.29891128977518,4.29174788060374e-05,0.0100377086833551,0.00784003467352575,"52377/114886/14789/22352/18787/14633/328572",7
"GO:2001233","GO:2001233","regulation of apoptotic signaling pathway","18/411","428/28832",0.0420560747663551,2.9502694590354,4.88829986340702,5.02941213467372e-05,0.0100377086833551,0.00784003467352575,"15368/69660/66494/93734/83433/209027/22029/14827/66824/14082/13666/12282/14173/18787/14775/109815/15511/414801",18
"GO:0030970","GO:0030970","retrograde protein transport, ER to cytosol","5/411","29/28832",0.172413793103448,12.0949744106049,7.18848760682617,5.14548453520282e-05,0.0100377086833551,0.00784003467352575,"22213/14950/108687/66212/109815",5
"GO:1903513","GO:1903513","endoplasmic reticulum to cytosol transport","5/411","29/28832",0.172413793103448,12.0949744106049,7.18848760682617,5.14548453520282e-05,0.0100377086833551,0.00784003467352575,"22213/14950/108687/66212/109815",5
"GO:0050678","GO:0050678","regulation of epithelial cell proliferation","18/411","434/28832",0.0414746543778802,2.90948232365704,4.82000752670952,6.01018971040394e-05,0.0100377086833551,0.00784003467352575,"20682/20317/18140/15451/15368/19378/18612/28106/404710/14254/73916/14824/14173/12571/235505/14633/17381/14775",18
"GO:0010742","GO:0010742","macrophage derived foam cell differentiation","5/411","30/28832",0.166666666666667,11.6918085969181,7.04582036434922,6.10266827181237e-05,0.0100377086833551,0.00784003467352575,"11307/20288/20652/18784/328572",5
"GO:0006935","GO:0006935","chemotaxis","19/411","475/28832",0.04,2.80603406326034,4.77280495721715,6.1133027050155e-05,0.0100377086833551,0.00784003467352575,"21844/19141/14063/238871/16564/83433/13841/18578/14254/20352/19035/21983/14173/18787/18081/54199/59289/20349/22121",19
"GO:0051402","GO:0051402","neuron apoptotic process","17/411","396/28832",0.0429292929292929,3.01152645678193,4.84696826132694,6.30066154509704e-05,0.0100377086833551,0.00784003467352575,"15368/69660/67579/19141/83433/209027/13841/14082/17748/12282/11920/14824/14173/56708/16500/20349/14775",17
"GO:0032496","GO:0032496","response to lipopolysaccharide","19/411","477/28832",0.039832285115304,2.79426872127602,4.75185233875083,6.46224673310727e-05,0.0100377086833551,0.00784003467352575,"12514/73914/238871/83433/18034/22352/13555/18578/66824/211770/240354/216161/18787/20539/18754/18619/14775/22121/109815",19
"GO:0042330","GO:0042330","taxis","19/411","477/28832",0.039832285115304,2.79426872127602,4.75185233875083,6.46224673310727e-05,0.0100377086833551,0.00784003467352575,"21844/19141/14063/238871/16564/83433/13841/18578/14254/20352/19035/21983/14173/18787/18081/54199/59289/20349/22121",19
"GO:0034976","GO:0034976","response to endoplasmic reticulum stress","14/411","284/28832",0.0492957746478873,3.45814057091943,5.00621073815471,6.51693574403435e-05,0.0100377086833551,0.00784003467352575,"22213/14950/52377/14827/69065/230784/13666/12282/228775/69038/108687/226090/66212/109815",14
"GO:0060252","GO:0060252","positive regulation of glial cell proliferation","5/411","31/28832",0.161290322580645,11.3146534808885,6.90975728629538,7.19154255076593e-05,0.0100377086833551,0.00784003467352575,"104156/22352/13555/14254/20539",5
"GO:1902042","GO:1902042","negative regulation of extrinsic apoptotic signaling pathway via death domain receptors","5/411","31/28832",0.161290322580645,11.3146534808885,6.90975728629538,7.19154255076593e-05,0.0100377086833551,0.00784003467352575,"15368/69660/18787/14775/414801",5
"GO:0002833","GO:0002833","positive regulation of response to biotic stimulus","18/411","441/28832",0.0408163265306122,2.86330006455137,4.74179566813849,7.36546517638006e-05,0.0100377086833551,0.00784003467352575,"73914/20787/14063/83433/66824/14082/279572/14824/56174/18081/18784/170743/18754/17381/226695/245945/67705/15511",18
"GO:0070371","GO:0070371","ERK1 and ERK2 cascade","16/411","364/28832",0.043956043956044,3.0835539156707,4.81069743339675,7.82451457021399e-05,0.0100377086833551,0.00784003467352575,"20682/21844/14538/14063/83433/404710/13841/93695/66824/21983/234593/14173/56708/18784/233571/435391",16
"GO:0006888","GO:0006888","endoplasmic reticulum to Golgi vesicle-mediated transport","9/411","125/28832",0.072,5.05086131386861,5.458075808263,7.94222889801706e-05,0.0100377086833551,0.00784003467352575,"67091/68581/27054/20333/72772/66964/12282/70361/67511",9
"GO:0090077","GO:0090077","foam cell differentiation","5/411","32/28832",0.15625,10.9610705596107,6.77978385473561,8.42410795767373e-05,0.0100377086833551,0.00784003467352575,"11307/20288/20652/18784/328572",5
"GO:0032355","GO:0032355","response to estradiol","9/411","126/28832",0.0714285714285714,5.01077511296489,5.42573190180635,8.44721817546115e-05,0.0100377086833551,0.00784003467352575,"19378/17977/212391/228421/12428/14824/56338/18619/14775",9
"GO:0098754","GO:0098754","detoxification","9/411","126/28832",0.0714285714285714,5.01077511296489,5.42573190180635,8.44721817546115e-05,0.0100377086833551,0.00784003467352575,"114886/13885/53381/230784/26357/17748/18754/14775/109815",9
"GO:0043523","GO:0043523","regulation of neuron apoptotic process","15/411","330/28832",0.0454545454545455,3.18867507188675,4.80874425268237,8.98890307095519e-05,0.0102523966941582,0.00800771850474483,"15368/69660/67579/19141/83433/209027/13841/17748/12282/11920/14824/14173/56708/16500/20349",15
"GO:0009749","GO:0009749","response to glucose","13/411","257/28832",0.0505836575875486,3.54848665587397,4.93499699701912,9.12091074017437e-05,0.0102523966941582,0.00800771850474483,"20317/21844/20787/83433/11307/11829/230784/56338/18754/16500/328572/14775/109815",13
"GO:0045089","GO:0045089","positive regulation of innate immune response","17/411","410/28832",0.0414634146341463,2.90869384606255,4.68092810461159,9.61069912284365e-05,0.0104645730874778,0.00817344061653393,"73914/20787/14063/83433/66824/14082/279572/56174/18081/18784/170743/18754/17381/226695/245945/67705/15511",17
"GO:0061037","GO:0061037","negative regulation of cartilage development","5/411","33/28832",0.151515151515152,10.6289169062892,6.65544029259256,9.81289613877454e-05,0.0104645730874778,0.00817344061653393,"20682/20378/13038/108153/14633",5
"GO:0009743","GO:0009743","response to carbohydrate","14/411","296/28832",0.0472972972972973,3.31794568290919,4.82040633846177,0.000101114726027631,0.0104756432854723,0.00818208708545008,"20317/21844/67177/20787/83433/11307/11829/230784/56338/18754/16500/328572/14775/109815",14
"GO:0002237","GO:0002237","response to molecule of bacterial origin","19/411","495/28832",0.0383838383838384,2.69265894959326,4.56800123730518,0.000104893410108306,0.0104756432854723,0.00818208708545008,"12514/73914/238871/83433/18034/22352/13555/18578/66824/211770/240354/216161/18787/20539/18754/18619/14775/22121/109815",19
"GO:0007411","GO:0007411","axon guidance","13/411","261/28832",0.0498084291187739,3.4941037186192,4.86746827575813,0.00010645811323701,0.0104756432854723,0.00818208708545008,"16581/18612/319504/223435/16564/16782/214968/13841/20352/18007/17967/14633/20349",13
"GO:0097485","GO:0097485","neuron projection guidance","13/411","262/28832",0.049618320610687,3.48076744488401,4.85079215094961,0.000110597663963213,0.0104756432854723,0.00818208708545008,"16581/18612/319504/223435/16564/16782/214968/13841/20352/18007/17967/14633/20349",13
"GO:0006869","GO:0006869","lipid transport","18/411","456/28832",0.0394736842105263,2.76911256242797,4.57923979980478,0.000112112853307627,0.0104756432854723,0.00818208708545008,"66494/218335/83433/11307/12683/22359/20288/27376/20652/16592/20525/26357/54670/71795/327958/18784/233979/18783",18
"GO:0009746","GO:0009746","response to hexose","13/411","263/28832",0.0494296577946768,3.46753258767913,4.83419693113157,0.000114875478291718,0.0104756432854723,0.00818208708545008,"20317/21844/20787/83433/11307/11829/230784/56338/18754/16500/328572/14775/109815",13
"GO:0048754","GO:0048754","branching morphogenesis of an epithelial tube","11/411","194/28832",0.0567010309278351,3.97762560513708,5.00415438319305,0.000115864292169206,0.0104756432854723,0.00818208708545008,"20682/104156/64138/18612/14254/22420/14173/14633/20349/15245/54710",11
"GO:0071216","GO:0071216","cellular response to biotic stimulus","16/411","380/28832",0.0421052631578947,2.95372006658983,4.61029613104741,0.000128594260673983,0.010999670197403,0.00859138260188701,"12514/73914/238871/83433/22352/18578/66824/13666/211770/240354/216161/18787/56338/20539/18754/109815",16
"GO:0045137","GO:0045137","development of primary sexual characteristics","14/411","303/28832",0.0462046204620462,3.24129347241293,4.71636983141119,0.000129191523279572,0.010999670197403,0.00859138260188701,"20682/16337/17761/17977/73296/238871/53381/58223/93837/228421/11920/18787/226090/18783",14
"GO:0006687","GO:0006687","glycosphingolipid metabolic process","6/411","55/28832",0.109090909090909,7.6528201725282,5.93875566279421,0.00013000928573249,0.010999670197403,0.00859138260188701,"56336/17761/12091/239559/14345/20448",6
"GO:0010632","GO:0010632","regulation of epithelial cell migration","7/411","79/28832",0.0886075949367089,6.21589824139949,5.58254406980311,0.000136328203514015,0.010999670197403,0.00859138260188701,"20682/12512/22352/54357/18787/18754/19270",7
"GO:0050708","GO:0050708","regulation of protein secretion","15/411","343/28832",0.043731778425656,3.06782149773361,4.6328964157153,0.000137528937308237,0.010999670197403,0.00859138260188701,"21844/20787/68581/14063/83433/11307/18007/320051/59090/215445/18754/16500/22138/328572/60510",15
"GO:0097193","GO:0097193","intrinsic apoptotic signaling pathway","15/411","343/28832",0.043731778425656,3.06782149773361,4.6328964157153,0.000137528937308237,0.010999670197403,0.00859138260188701,"15368/83433/209027/69065/13555/66824/13666/12282/228775/11920/14173/328572/14775/52668/109815",15
"GO:0002262","GO:0002262","myeloid cell homeostasis","12/411","233/28832",0.0515021459227468,3.6129193947558,4.81570234682547,0.000142625335148145,0.0111920522430403,0.00874164417611071,"13423/15368/11717/14057/14013/18578/241525/12571/399568/224792/226844/15511",12
"GO:0034284","GO:0034284","response to monosaccharide","13/411","271/28832",0.0479704797047971,3.36517000206498,4.70426078903722,0.000154549678821406,0.0119031873003376,0.00929708204372047,"20317/21844/20787/83433/11307/11829/230784/56338/18754/16500/328572/14775/109815",13
"GO:0048608","GO:0048608","reproductive structure development","16/411","389/28832",0.0411311053984576,2.88538207019058,4.50212510870721,0.000167844601234167,0.0126921035733255,0.00991327156762949,"20682/20317/16337/17761/17977/73296/238871/53381/58223/228421/11920/18787/320790/226090/14633/18783",16
"GO:0014009","GO:0014009","glial cell proliferation","7/411","82/28832",0.0853658536585366,5.98848733012878,5.43986299397988,0.000172384577479701,0.0128026331738943,0.00999960161846539,"104156/83433/22352/13555/14254/20539/18619",7
"GO:0061458","GO:0061458","reproductive system development","16/411","394/28832",0.0406091370558376,2.8487655464572,4.44336010839346,0.000193866560537833,0.013893788315131,0.010851857288694,"20682/20317/16337/17761/17977/73296/238871/53381/58223/228421/11920/18787/320790/226090/14633/18783",16
"GO:0006516","GO:0006516","glycoprotein catabolic process","5/411","38/28832",0.131578947368421,9.23037520809322,6.10508224862027,0.000195749134975255,0.013893788315131,0.010851857288694,"50917/110006/108687/12091/17381",5
"GO:0048872","GO:0048872","homeostasis of number of cells","17/411","436/28832",0.0389908256880734,2.73523962588451,4.39041126708978,0.000199565444358691,0.013893788315131,0.010851857288694,"20682/13423/15368/11717/57916/17761/14057/14013/18578/14082/241525/12571/399568/59308/224792/226844/15511",17
"GO:0002281","GO:0002281","macrophage activation involved in immune response","4/411","21/28832",0.19047619047619,13.3620669679064,6.81479286054219,0.00020095928303971,0.013893788315131,0.010851857288694,"83433/14824/216161/18754",4
"GO:0043583","GO:0043583","ear development","13/411","279/28832",0.046594982078853,3.26867767225667,4.57909983759251,0.000205486791687137,0.013893788315131,0.010851857288694,"20682/15451/22295/20378/12428/17920/14173/54670/320790/110380/14633/231162/100503041",13
"GO:0070085","GO:0070085","glycosylation","12/411","243/28832",0.0493827160493827,3.46423958427203,4.63892841405819,0.000210555832191801,0.013893788315131,0.010851857288694,"56336/14538/29858/94181/232313/13478/69038/14537/66059/14345/331026/20448",12
"GO:0008625","GO:0008625","extrinsic apoptotic signaling pathway via death domain receptors","7/411","85/28832",0.0823529411764706,5.77712895377129,5.30409446081229,0.000215787013254528,0.013893788315131,0.010851857288694,"15368/69660/14082/71609/18787/14775/414801",7
"GO:0010507","GO:0010507","negative regulation of autophagy","7/411","85/28832",0.0823529411764706,5.77712895377129,5.30409446081229,0.000215787013254528,0.013893788315131,0.010851857288694,"67846/15368/83433/20333/104009/20539/328572",7
"GO:0048638","GO:0048638","regulation of developmental growth","16/411","398/28832",0.0402010050251256,2.82013473694507,4.39700724640059,0.000217142640173964,0.013893788315131,0.010851857288694,"16337/14431/19141/214968/13841/71406/20981/19035/232854/14824/14173/18787/17967/320790/328572/226844",16
"GO:0051897","GO:0051897","positive regulation of phosphatidylinositol 3-kinase/protein kinase B signal transduction","11/411","209/28832",0.0526315789473684,3.69215008323729,4.69727430143682,0.000222177653270507,0.0140005584841218,0.0109352510046696,"16337/28106/14538/14063/83433/230784/14254/21983/14173/20349/14775",11
"GO:0010876","GO:0010876","lipid localization","18/411","485/28832",0.0371134020618557,2.60353675972609,4.28279536840934,0.00023883501860914,0.0146221309969459,0.0114207353125309,"66494/218335/83433/11307/12683/22359/20288/27376/20652/16592/20525/26357/54670/71795/327958/18784/233979/18783",18
"GO:2001236","GO:2001236","regulation of extrinsic apoptotic signaling pathway","10/411","177/28832",0.0564971751412429,3.96332494810783,4.75550662249618,0.000241829695152432,0.0146221309969459,0.0114207353125309,"15368/69660/22029/14827/66824/14082/18787/14775/15511/414801",10
"GO:0048839","GO:0048839","inner ear development","12/411","247/28832",0.048582995951417,3.40813853837288,4.57079699269721,0.000244576474112399,0.0146221309969459,0.0114207353125309,"20682/15451/22295/20378/12428/17920/14173/54670/320790/14633/231162/100503041",12
"GO:0032729","GO:0032729","positive regulation of type II interferon production","7/411","87/28832",0.0804597701149425,5.64432139161563,5.21713196580094,0.00024932420102134,0.0146221309969459,0.0114207353125309,"14063/238871/18578/66824/14082/20539/170743",7
"GO:0060562","GO:0060562","epithelial tube morphogenesis","16/411","403/28832",0.0397022332506203,2.7851454722187,4.3398671043112,0.000249620413749257,0.0146221309969459,0.0114207353125309,"20682/104156/19378/64138/18612/65256/13841/14254/73916/22420/14173/270685/14633/20349/15245/54710",16
"GO:0009306","GO:0009306","protein secretion","17/411","447/28832",0.0380313199105145,2.66792947849137,4.27383826685246,0.000266673749095329,0.015404112812326,0.0120315086214647,"21844/52377/20787/68581/14063/83433/11307/18007/320051/59090/69038/215445/18754/16500/22138/328572/60510",17
"GO:0042116","GO:0042116","macrophage activation","8/411","117/28832",0.0683760683760684,4.79663942437665,4.94844742440296,0.000280930918586581,0.0160053656219396,0.0125011220585175,"83433/11920/14824/216161/18784/18754/18783/224792",8
"GO:0035592","GO:0035592","establishment of protein localization to extracellular region","17/411","450/28832",0.0377777777777778,2.6501432819681,4.24265288678389,0.000288075064264148,0.0160658419665248,0.0125483576033448,"21844/52377/20787/68581/14063/83433/11307/18007/320051/59090/69038/215445/18754/16500/22138/328572/60510",17
"GO:0001763","GO:0001763","morphogenesis of a branching structure","12/411","252/28832",0.0476190476190476,3.3405167419766,4.4875778616858,0.000293581146779486,0.0160658419665248,0.0125483576033448,"20682/104156/64138/18612/13841/14254/22420/14173/14633/20349/15245/54710",12
"GO:2001234","GO:2001234","negative regulation of apoptotic signaling pathway","12/411","252/28832",0.0476190476190476,3.3405167419766,4.4875778616858,0.000293581146779486,0.0160658419665248,0.0125483576033448,"15368/69660/66494/93734/209027/12282/14173/18787/14775/109815/15511/414801",12
"GO:0043030","GO:0043030","regulation of macrophage activation","6/411","64/28832",0.09375,6.57664233576642,5.37080061611094,0.000301921453157094,0.0160986067138507,0.0125739487779054,"83433/11920/14824/18784/18783/224792",6
"GO:0090102","GO:0090102","cochlea development","6/411","64/28832",0.09375,6.57664233576642,5.37080061611094,0.000301921453157094,0.0160986067138507,0.0125739487779054,"20682/15451/22295/20378/12428/14633",6
"GO:0042063","GO:0042063","gliogenesis","16/411","412/28832",0.0388349514563107,2.72430491578674,4.23917869853895,0.000318771448085382,0.0167819044631279,0.013107644087828,"20682/21844/328365/104156/56336/83433/22352/13555/14254/121021/14824/14173/20539/12571/56708/18619",16
"GO:0034101","GO:0034101","erythrocyte homeostasis","10/411","184/28832",0.0543478260869565,3.81254628160372,4.60248648461987,0.000329792266040511,0.0171450754307811,0.0133913017500134,"13423/15368/11717/14057/241525/12571/399568/224792/226844/15511",10
"GO:0071692","GO:0071692","protein localization to extracellular region","17/411","456/28832",0.037280701754386,2.61527297562641,4.18103542681657,0.000335387679615736,0.017220708142245,0.0134503752994693,"21844/52377/20787/68581/14063/83433/11307/18007/320051/59090/69038/215445/18754/16500/22138/328572/60510",17
"GO:0070372","GO:0070372","regulation of ERK1 and ERK2 cascade","14/411","333/28832",0.042042042042042,2.94928505147483,4.30242932578743,0.000339583083905421,0.0172234883653981,0.0134525468155601,"21844/14538/14063/83433/13841/93695/66824/21983/234593/14173/56708/18784/233571/435391",14
"GO:0007548","GO:0007548","sex differentiation","15/411","375/28832",0.04,2.80603406326034,4.23329078103411,0.00035735431288073,0.0177363346036764,0.0138531095751624,"20682/16337/17761/17977/73296/238871/53381/58223/93837/228421/11920/18787/320790/226090/18783",15
"GO:0043524","GO:0043524","negative regulation of neuron apoptotic process","11/411","221/28832",0.0497737556561086,3.49167134568594,4.47148175119376,0.000358223637102385,0.0177363346036764,0.0138531095751624,"15368/69660/67579/19141/209027/17748/12282/14824/14173/56708/20349",11
"GO:0045862","GO:0045862","positive regulation of proteolysis","11/411","222/28832",0.0495495495495495,3.47594309638105,4.45337538415505,0.000372182651265863,0.01793917723873,0.0140115414785236,"15451/52377/66494/83433/14082/13666/211770/228775/14824/328572/15511",11
"GO:0051896","GO:0051896","regulation of phosphatidylinositol 3-kinase/protein kinase B signal transduction","13/411","297/28832",0.0437710437710438,3.0705759951502,4.31331869458335,0.000374896159385843,0.01793917723873,0.0140115414785236,"16337/52377/28106/14538/14063/83433/230784/14254/21983/14173/56708/20349/14775",13
"GO:0060326","GO:0060326","cell chemotaxis","14/411","337/28832",0.0415430267062315,2.91427870071549,4.2507628233608,0.000382675491431547,0.01793917723873,0.0140115414785236,"21844/19141/14063/238871/18578/14254/19035/21983/14173/18787/18081/54199/59289/22121",14
"GO:0006486","GO:0006486","protein glycosylation","11/411","223/28832",0.0493273542600897,3.46035590760804,4.4353726557818,0.000386595740975967,0.01793917723873,0.0140115414785236,"56336/14538/29858/232313/13478/69038/14537/66059/14345/331026/20448",11
"GO:0043413","GO:0043413","macromolecule glycosylation","11/411","223/28832",0.0493273542600897,3.46035590760804,4.4353726557818,0.000386595740975967,0.01793917723873,0.0140115414785236,"56336/14538/29858/232313/13478/69038/14537/66059/14345/331026/20448",11
"GO:0036293","GO:0036293","response to decreased oxygen levels","15/411","378/28832",0.0396825396825397,2.78376395164716,4.19800262651725,0.000388441728483723,0.01793917723873,0.0140115414785236,"15368/11864/67579/114886/171210/83433/22359/12428/20525/14254/12282/11920/18754/18619/328572",15
"GO:0009225","GO:0009225","nucleotide-sugar metabolic process","5/411","44/28832",0.113636363636364,7.97168767971688,5.56531308319739,0.000394886398326252,0.01793917723873,0.0140115414785236,"29858/94181/13478/218138/331026",5
"GO:0008406","GO:0008406","gonad development","13/411","299/28832",0.0434782608695652,3.05003702528298,4.2850378997928,0.000399528883140054,0.01793917723873,0.0140115414785236,"20682/16337/17761/17977/73296/238871/53381/58223/228421/11920/18787/226090/18783",13
"GO:0140962","GO:0140962","multicellular organismal-level chemical homeostasis","7/411","94/28832",0.074468085106383,5.22399958585702,4.93276709339208,0.000401140534552028,0.01793917723873,0.0140115414785236,"16541/15368/52377/11829/18007/18783/224792",7
"GO:0002495","GO:0002495","antigen processing and presentation of peptide antigen via MHC class II","4/411","25/28832",0.16,11.2241362530414,6.15005080180399,0.000406041356027444,0.0179651702097674,0.0140318435016875,"19141/83433/66824/65972",4
"GO:0043122","GO:0043122","regulation of canonical NF-kappaB signal transduction","12/411","263/28832",0.0456273764258555,3.20079931170381,4.31163395036731,0.000431346045735304,0.0184260938070007,0.0143918516567505,"170720/73914/14063/83433/22029/66824/14082/71609/240354/66949/170743/18754",12
"GO:0019673","GO:0019673","GDP-mannose metabolic process","3/411","11/28832",0.272727272727273,19.1320504313205,7.23302264627016,0.000435781677980271,0.0184260938070007,0.0143918516567505,"29858/218138/331026",3
"GO:0032527","GO:0032527","protein exit from endoplasmic reticulum","5/411","45/28832",0.111111111111111,7.79453906461206,5.48528427215655,0.000439099565447691,0.0184260938070007,0.0143918516567505,"22213/14950/108687/66212/109815",5
"GO:0032652","GO:0032652","regulation of interleukin-1 production","8/411","125/28832",0.064,4.48965450121655,4.70191333064825,0.000439142566587805,0.0184260938070007,0.0143918516567505,"68581/14063/83433/11829/66824/55991/240354/67705",8
"GO:0001666","GO:0001666","response to hypoxia","14/411","342/28832",0.0409356725146199,2.87167228696234,4.18723875643166,0.000443041447631659,0.0184260938070007,0.0143918516567505,"15368/11864/114886/171210/83433/22359/12428/20525/14254/12282/11920/18754/18619/328572",14
"GO:0071222","GO:0071222","cellular response to lipopolysaccharide","14/411","342/28832",0.0409356725146199,2.87167228696234,4.18723875643166,0.000443041447631659,0.0184260938070007,0.0143918516567505,"12514/73914/238871/83433/22352/18578/66824/211770/240354/216161/18787/20539/18754/109815",14
"GO:0090596","GO:0090596","sensory organ morphogenesis","14/411","343/28832",0.0408163265306122,2.86330006455137,4.17467184663839,0.000456041979985847,0.018778995987734,0.014667488798711,"20682/15451/22295/20378/14254/269831/17920/14173/320790/110380/14633/12837/100503041/78878",14
"GO:0007635","GO:0007635","chemosensory behavior","4/411","26/28832",0.153846153846154,10.7924387048475,6.00713157247659,0.000474499471030867,0.0193474833335037,0.0151115105015609,"104111/21983/320790/18754",4
"GO:0061138","GO:0061138","morphogenesis of a branching epithelium","11/411","232/28832",0.0474137931034483,3.32611796291635,4.27783271658808,0.000538731670244942,0.021666964979316,0.0169231606601205,"20682/104156/64138/18612/14254/22420/14173/14633/20349/15245/54710",11
"GO:0042472","GO:0042472","inner ear morphogenesis","8/411","129/28832",0.062015503875969,4.35044040815557,4.58631831916335,0.000541804365917015,0.021666964979316,0.0169231606601205,"20682/15451/22295/20378/17920/320790/14633/100503041",8
"GO:0002504","GO:0002504","antigen processing and presentation of peptide or polysaccharide antigen via MHC class II","4/411","27/28832",0.148148148148148,10.3927187528161,5.87178773402562,0.00055079349825276,0.0218166681831736,0.0170400875750177,"19141/83433/66824/65972",4
"GO:0072001","GO:0072001","renal system development","15/411","392/28832",0.038265306122449,2.68434381051691,4.03775598130695,0.000566106787458488,0.0222116804626401,0.0173486151548847,"20682/20317/19378/14013/13841/11746/53421/14082/22420/14173/14537/70350/14633/75691/54710",15
"GO:0071219","GO:0071219","cellular response to molecule of bacterial origin","14/411","351/28832",0.0398860398860399,2.79803966421971,4.0757383507268,0.000572262053465792,0.0222433446763012,0.0173733467486024,"12514/73914/238871/83433/22352/18578/66824/211770/240354/216161/18787/20539/18754/109815",14
"GO:0043603","GO:0043603","amide metabolic process","17/411","479/28832",0.0354906054279749,2.48969619391575,3.95363927777681,0.000584545548779818,0.022510416086808,0.0175819450636893,"192156/56336/50773/171210/68581/83433/11307/67383/56360/69065/94181/70495/13666/56174/12091/14775/20448",17
"GO:0010810","GO:0010810","regulation of cell-substrate adhesion","11/411","235/28832",0.0468085106382979,3.2836568825387,4.22703294065327,0.000599406199714071,0.0226616140788916,0.0177000394951872,"16402/140709/14538/74199/18787/18081/12571/18754/17381/20349/12837",11
"GO:0032612","GO:0032612","interleukin-1 production","8/411","131/28832",0.0610687022900763,4.28402147062647,4.53027126905041,0.000599966734007521,0.0226616140788916,0.0177000394951872,"68581/14063/83433/11829/66824/55991/240354/67705",8
"GO:0015748","GO:0015748","organophosphate ester transport","9/411","164/28832",0.0548780487804878,3.84974185508278,4.40108578552101,0.00060502008771043,0.0226616140788916,0.0177000394951872,"66494/218335/11307/55991/56857/192287/54670/71795/327958",9
"GO:0099173","GO:0099173","postsynapse organization","13/411","313/28832",0.0415335463258786,2.91361364396042,4.09345827242181,0.000613596039779598,0.0226616140788916,0.0177000394951872,"21844/16337/104156/319504/217333/19141/11838/83433/108100/13841/233071/243621/239027",13
"GO:0097006","GO:0097006","regulation of plasma lipoprotein particle levels","6/411","73/28832",0.0821917808219178,5.76582341765823,4.90279317943497,0.000615715891059089,0.0226616140788916,0.0177000394951872,"83433/11307/22359/20288/20652/18784",6
"GO:0007264","GO:0007264","small GTPase-mediated signal transduction","16/411","440/28832",0.0363636363636364,2.5509400575094,3.94234334311898,0.000649639436218094,0.0237004422388689,0.0185114247476365,"11853/21844/15368/56784/14063/108100/12428/404710/16765/67169/233071/243621/76117/244867/239027/14570",16
"GO:0006575","GO:0006575","modified amino acid metabolic process","10/411","202/28832",0.0495049504950495,3.47281443472814,4.24118898288116,0.000684892330375268,0.0247692800176586,0.0193462492589298,"15451/14431/53381/22171/69065/13038/12971/13666/270685/14775",10
"GO:0062012","GO:0062012","regulation of small molecule metabolic process","15/411","401/28832",0.0374064837905237,2.62409669257513,3.93839332993588,0.000713666865031043,0.0253212079062742,0.0197773370619866,"20682/16337/20787/83433/11307/107029/16592/230784/13666/228775/69183/233571/328572/18783/105651",15
"GO:0070482","GO:0070482","response to oxygen levels","16/411","444/28832",0.036036036036036,2.52795861554986,3.90181581845504,0.000715140566931992,0.0253212079062742,0.0197773370619866,"15368/11864/67579/114886/171210/83433/22359/12428/20525/14254/12282/11920/20539/18754/18619/328572",16
"GO:1902041","GO:1902041","regulation of extrinsic apoptotic signaling pathway via death domain receptors","5/411","50/28832",0.1,7.01508515815085,5.11914445192447,0.0007184184979419,0.0253212079062742,0.0197773370619866,"15368/69660/18787/14775/414801",5
"GO:0009226","GO:0009226","nucleotide-sugar biosynthetic process","4/411","29/28832",0.137931034482759,9.67597952848393,5.62120911770395,0.000728844603719711,0.0254728126627754,0.0198957492001683,"29858/94181/218138/331026",4
"GO:0032651","GO:0032651","regulation of interleukin-1 beta production","7/411","104/28832",0.0673076923076923,4.72169193337077,4.57230803935757,0.000737451247878838,0.0255588311660674,0.0199629346574921,"14063/83433/11829/66824/55991/240354/67705",7
"GO:0042060","GO:0042060","wound healing","15/411","403/28832",0.0372208436724566,2.61107388020503,3.91668166215433,0.000750562718118091,0.025658796783424,0.0200410136226184,"16402/14230/11853/15368/14063/14827/54357/14173/18787/434246/18754/235505/17381/18783/14775",15
"GO:0045765","GO:0045765","regulation of angiogenesis","13/411","320/28832",0.040625,2.84987834549878,4.00161593003051,0.000752674490881877,0.025658796783424,0.0200410136226184,"16402/20317/15368/28106/14254/269831/14824/14173/18787/18081/107702/20349/15245",13
"GO:0046660","GO:0046660","female sex differentiation","9/411","171/28832",0.0526315789473684,3.69215008323729,4.24602688582978,0.000815664956986022,0.0275800858219908,0.0215416521802213,"16337/238871/58223/93837/11920/18787/320790/226090/18783",9
"GO:0006027","GO:0006027","glycosaminoglycan catabolic process","4/411","30/28832",0.133333333333333,9.35344687753447,5.50485781603005,0.000831585822335341,0.0276685234807415,0.0216107271387525,"50917/110006/192188/14173",4
"GO:0090103","GO:0090103","cochlea morphogenesis","4/411","30/28832",0.133333333333333,9.35344687753447,5.50485781603005,0.000831585822335341,0.0276685234807415,0.0216107271387525,"20682/15451/20378/14633",4
"GO:0050900","GO:0050900","leukocyte migration","15/411","408/28832",0.0367647058823529,2.57907542579075,3.86297098289144,0.000849959577825583,0.0280554117791794,0.0219129094166228,"19141/65256/14063/238871/83433/18578/14254/66824/14082/19035/18787/18081/14537/14345/22121",15
"GO:0043244","GO:0043244","regulation of protein-containing complex disassembly","8/411","139/28832",0.0575539568345324,4.03745908382783,4.31679022044829,0.000885120602593488,0.0289859573715458,0.022639719681753,"67846/16337/73914/14063/16564/17281/110380/12332",8
"GO:0008544","GO:0008544","epidermis development","15/411","410/28832",0.0365853658536585,2.56649457005519,3.84171011700978,0.000892730125994105,0.0290067546406991,0.022655963559357,"20682/16337/22295/18612/16765/71609/12023/17920/320051/73822/14173/56338/235505/14633/100503041",15
"GO:1901342","GO:1901342","regulation of vasculature development","13/411","327/28832",0.0397553516819572,2.78887177541165,3.91222345262488,0.000917374229748618,0.0292447802913217,0.0228418754455192,"16402/20317/15368/28106/14254/269831/14824/14173/18787/18081/107702/20349/15245",13
"GO:0046545","GO:0046545","development of primary female sexual characteristics","8/411","140/28832",0.0571428571428571,4.00862009037191,4.2912324932284,0.000927327528350328,0.0292447802913217,0.0228418754455192,"16337/238871/58223/93837/11920/18787/226090/18783",8
"GO:0045161","GO:0045161","neuronal ion channel clustering","3/411","14/28832",0.214285714285714,15.0323253388947,6.31528320862322,0.000931259421612504,0.0292447802913217,0.0228418754455192,"319504/235379/16500",3
"GO:0032732","GO:0032732","positive regulation of interleukin-1 production","6/411","79/28832",0.0759493670886076,5.32791277834242,4.63213864557257,0.000936054263141229,0.0292447802913217,0.0228418754455192,"68581/14063/66824/55991/240354/67705",6
"GO:0006688","GO:0006688","glycosphingolipid biosynthetic process","4/411","31/28832",0.129032258064516,9.05172278471078,5.39382639290502,0.000944129584828331,0.0292447802913217,0.0228418754455192,"56336/239559/14345/20448",4
"GO:0045730","GO:0045730","respiratory burst","4/411","31/28832",0.129032258064516,9.05172278471078,5.39382639290502,0.000944129584828331,0.0292447802913217,0.0228418754455192,"16337/83433/14824/217370",4
"GO:0051260","GO:0051260","protein homooligomerization","10/411","211/28832",0.0473933649289099,3.32468490907623,4.07562304145181,0.000955880348777511,0.0292447802913217,0.0228418754455192,"19378/11838/11829/13429/66824/18081/218544/434246/70350/16500",10
"GO:0071559","GO:0071559","response to transforming growth factor beta","12/411","288/28832",0.0416666666666667,2.92295214922952,3.9440134888484,0.000956309237706119,0.0292447802913217,0.0228418754455192,"20682/328365/14538/12683/13038/60406/18787/11906/70673/18619/235505/328572",12
"GO:0006885","GO:0006885","regulation of pH","7/411","109/28832",0.0642201834862385,4.50510056028036,4.40889665257158,0.000973626050598497,0.0295570127331325,0.0230857471544138,"12351/20536/242341/70495/14824/233979/74096",7
"GO:0097191","GO:0097191","extrinsic apoptotic signaling pathway","11/411","250/28832",0.044,3.08663746958637,3.98475647752326,0.000994834223627109,0.0299819966381532,0.0234176843181789,"15368/69660/22029/14827/66824/14082/71609/18787/14775/15511/414801",11
"GO:1903706","GO:1903706","regulation of hemopoiesis","16/411","459/28832",0.0348583877995643,2.4453455888979,3.75367356407328,0.00101337295159723,0.0300880625810946,0.0235005279926242,"328365/15354/66494/83433/14082/211770/240354/241525/21847/18081/70673/12571/214812/239114/328572/15511",16
"GO:0071526","GO:0071526","semaphorin-plexin signaling pathway","5/411","54/28832",0.0925925925925926,6.49544922051005,4.86072287935027,0.00102361027474294,0.0300880625810946,0.0235005279926242,"83433/214968/20352/17967/20349",5
"GO:0010631","GO:0010631","epithelial cell migration","7/411","110/28832",0.0636363636363636,4.46414510064145,4.37739930970903,0.00102729138891932,0.0300880625810946,0.0235005279926242,"20682/12512/22352/54357/18787/18754/19270",7
"GO:0032611","GO:0032611","interleukin-1 beta production","7/411","110/28832",0.0636363636363636,4.46414510064145,4.37739930970903,0.00102729138891932,0.0300880625810946,0.0235005279926242,"14063/83433/11829/66824/55991/240354/67705",7
"GO:0048193","GO:0048193","Golgi vesicle transport","12/411","292/28832",0.0410958904109589,2.88291170882912,3.88888843398007,0.0010763694995768,0.0303189283259985,0.0236808475757157,"67091/68581/27054/20333/72772/66964/74105/12282/215445/70361/67511/66913",12
"GO:0006022","GO:0006022","aminoglycan metabolic process","7/411","111/28832",0.0630630630630631,4.42392757721225,4.34627665848827,0.0010832544055973,0.0303189283259985,0.0236808475757157,"50917/56336/110006/192188/14173/231162/54710",7
"GO:0045926","GO:0045926","negative regulation of growth","11/411","253/28832",0.0434782608695652,3.05003702528298,3.93848810247068,0.00109534077441539,0.0303189283259985,0.0236808475757157,"55942/19141/20378/214968/13841/230784/68567/17748/232854/52808/15511",11
"GO:0060541","GO:0060541","respiratory system development","12/411","293/28832",0.0409556313993174,2.87307241972049,3.875253259377,0.00110826485987709,0.0303189283259985,0.0236808475757157,"20682/19378/64138/52377/20787/14173/320790/14633/17381/328572/15245/22121",12
"GO:0042593","GO:0042593","glucose homeostasis","13/411","334/28832",0.0389221556886228,2.73042236694494,3.82515685895087,0.00111127658980841,0.0303189283259985,0.0236808475757157,"20317/21844/16337/83433/11307/11829/16592/230784/18754/16500/224792/435391/14775",13
"GO:0032965","GO:0032965","regulation of collagen biosynthetic process","5/411","55/28832",0.0909090909090909,6.3773501437735,4.80018515291182,0.00111297037364399,0.0303189283259985,0.0236808475757157,"114886/22352/18787/14633/328572",5
"GO:0030879","GO:0030879","mammary gland development","9/411","179/28832",0.0502793296089385,3.52713778901439,4.07850946211457,0.00112576412523741,0.0303189283259985,0.0236808475757157,"20682/104156/18612/17977/404710/13666/14173/14633/14775",9
"GO:0006900","GO:0006900","vesicle budding from membrane","6/411","82/28832",0.0731707317073171,5.13298914011038,4.50695635569086,0.00113785875506748,0.0303189283259985,0.0236808475757157,"67091/68581/13429/27054/434246/67511",6
"GO:0051453","GO:0051453","regulation of intracellular pH","6/411","82/28832",0.0731707317073171,5.13298914011038,4.50695635569086,0.00113785875506748,0.0303189283259985,0.0236808475757157,"20536/242341/70495/14824/233979/74096",6
"GO:0061180","GO:0061180","mammary gland epithelium development","6/411","82/28832",0.0731707317073171,5.13298914011038,4.50695635569086,0.00113785875506748,0.0303189283259985,0.0236808475757157,"104156/18612/404710/14173/14633/14775",6
"GO:0001822","GO:0001822","kidney development","14/411","377/28832",0.0371352785145889,2.6050714115149,3.7723920961304,0.00113835367260278,0.0303189283259985,0.0236808475757157,"20682/20317/19378/13841/11746/53421/14082/22420/14173/14537/70350/14633/75691/54710",14
"GO:0036503","GO:0036503","ERAD pathway","7/411","112/28832",0.0625,4.38442822384428,4.31552054340354,0.00114158313022487,0.0303189283259985,0.0236808475757157,"22213/14950/52377/13666/108687/66212/109815",7
"GO:0097061","GO:0097061","dendritic spine organization","7/411","112/28832",0.0625,4.38442822384428,4.31552054340354,0.00114158313022487,0.0303189283259985,0.0236808475757157,"21844/16337/19141/11838/83433/108100/233071",7
"GO:0033500","GO:0033500","carbohydrate homeostasis","13/411","335/28832",0.0388059701492537,2.72227185241675,3.81290182228232,0.00114158425970248,0.0303189283259985,0.0236808475757157,"20317/21844/16337/83433/11307/11829/16592/230784/18754/16500/224792/435391/14775",13
"GO:0001542","GO:0001542","ovulation from ovarian follicle","3/411","15/28832",0.2,14.0301703163017,6.07019196248487,0.00115181309822259,0.0303189283259985,0.0236808475757157,"238871/58223/18783",3
"GO:0002679","GO:0002679","respiratory burst involved in defense response","3/411","15/28832",0.2,14.0301703163017,6.07019196248487,0.00115181309822259,0.0303189283259985,0.0236808475757157,"83433/14824/217370",3
"GO:0046683","GO:0046683","response to organophosphorus","8/411","145/28832",0.0551724137931034,3.87039181139357,4.16690600059537,0.00116320185668295,0.0303664805769679,0.0237179886512504,"20787/238871/58223/22171/55991/170743/18619/233571",8
"GO:0043129","GO:0043129","surfactant homeostasis","4/411","33/28832",0.121212121212121,8.50313352503134,5.18611362723249,0.00120060415689552,0.0303664805769679,0.0237179886512504,"16541/52377/18783/224792",4
"GO:0019217","GO:0019217","regulation of fatty acid metabolic process","7/411","113/28832",0.0619469026548673,4.34562797407575,4.28512305907331,0.00120234653573221,0.0303664805769679,0.0237179886512504,"20682/20787/16592/13666/228775/69183/18783",7
"GO:0052547","GO:0052547","regulation of peptidase activity","7/411","113/28832",0.0619469026548673,4.34562797407575,4.28512305907331,0.00120234653573221,0.0303664805769679,0.0237179886512504,"20317/13014/52377/68581/66494/14824/18787",7
"GO:0090132","GO:0090132","epithelium migration","7/411","113/28832",0.0619469026548673,4.34562797407575,4.28512305907331,0.00120234653573221,0.0303664805769679,0.0237179886512504,"20682/12512/22352/54357/18787/18754/19270",7
"GO:0030198","GO:0030198","extracellular matrix organization","13/411","337/28832",0.0385756676557863,2.70611593637867,3.78852577317566,0.00120427255189498,0.0303664805769679,0.0237179886512504,"20682/15451/14230/170721/74199/18034/53381/58223/108153/104009/373864/17381/12837",13
"GO:0010634","GO:0010634","positive regulation of epithelial cell migration","5/411","56/28832",0.0892857142857143,6.26346889120612,4.74113092316559,0.00120797949048749,0.0303664805769679,0.0237179886512504,"20682/22352/54357/18787/18754",5
"GO:0071347","GO:0071347","cellular response to interleukin-1","6/411","83/28832",0.072289156626506,5.07114589745845,4.46658319780575,0.0012120307227162,0.0303664805769679,0.0237179886512504,"20682/73914/66824/108153/18787/328572",6
"GO:0045229","GO:0045229","external encapsulating structure organization","13/411","338/28832",0.0384615384615385,2.69810967621187,3.77640412661553,0.0012366774125482,0.0307984512502273,0.0240553828876379,"20682/15451/14230/170721/74199/18034/53381/58223/108153/104009/373864/17381/12837",13
"GO:0051336","GO:0051336","regulation of hydrolase activity","15/411","424/28832",0.035377358490566,2.48175182481752,3.6963165437531,0.00124625707954937,0.0308522809157491,0.0240974269892818,"20317/15451/11853/21844/13014/52377/56784/68581/66494/14063/16765/66824/14824/18787/18784",15
"GO:0043062","GO:0043062","extracellular structure organization","13/411","339/28832",0.0383480825958702,2.69015065061832,3.76432631465956,0.00126980580273998,0.0310697185643479,0.0242672584476475,"20682/15451/14230/170721/74199/18034/53381/58223/108153/104009/373864/17381/12837",13
"GO:0016241","GO:0016241","regulation of macroautophagy","8/411","147/28832",0.054421768707483,3.81773341940182,4.11871963229853,0.00126998128298609,0.0310697185643479,0.0242672584476475,"67846/15368/230895/20787/17281/20333/230784/104009",8
"GO:0060251","GO:0060251","regulation of glial cell proliferation","5/411","57/28832",0.087719298245614,6.15358347206215,4.68349610111495,0.00130885340525596,0.0315692025077382,0.0246573844772605,"104156/22352/13555/14254/20539",5
"GO:0006457","GO:0006457","protein folding","9/411","183/28832",0.0491803278688525,3.4500418810578,3.99830026847645,0.00131316952003816,0.0315692025077382,0.0246573844772605,"14230/72599/14827/12282/19035/104009/14824/14227/15511",9
"GO:0043123","GO:0043123","positive regulation of canonical NF-kappaB signal transduction","9/411","183/28832",0.0491803278688525,3.4500418810578,3.99830026847645,0.00131316952003816,0.0315692025077382,0.0246573844772605,"170720/73914/14063/66824/14082/71609/240354/170743/18754",9
"GO:0030324","GO:0030324","lung development","11/411","259/28832",0.0424710424710425,2.97937979689804,3.8479744642275,0.00132154301210065,0.0315879160191184,0.0246720008187695,"20682/19378/64138/52377/20787/14173/14633/17381/328572/15245/22121",11
"GO:0002275","GO:0002275","myeloid cell activation involved in immune response","7/411","115/28832",0.0608695652173913,4.27005183539617,4.22537355327127,0.00133145790985273,0.0316430482690144,0.0247150623146197,"15368/14063/83433/66824/14824/216161/18754",7
"GO:0043491","GO:0043491","phosphatidylinositol 3-kinase/protein kinase B signal transduction","13/411","342/28832",0.0380116959064327,2.6665528378936,3.72835281105472,0.00137365744454327,0.0324604619991788,0.0253535100111276,"16337/52377/28106/14538/14063/83433/230784/14254/21983/14173/56708/20349/14775",13
"GO:0042048","GO:0042048","olfactory behavior","3/411","16/28832",0.1875,13.1532846715328,5.84746863450944,0.00140269503218316,0.0329593708409591,0.0257431868529124,"104111/21983/320790",3
"GO:0051592","GO:0051592","response to calcium ion","8/411","150/28832",0.0533333333333333,3.74137875101379,4.04800502198531,0.00144463255556674,0.0336498752865574,0.0262825110120894,"19141/20981/56338/18619/16500/22138/328572/18783",8
"GO:0030323","GO:0030323","respiratory tube development","11/411","262/28832",0.0419847328244275,2.9452647610557,3.80369189941908,0.00144826344705308,0.0336498752865574,0.0262825110120894,"20682/19378/64138/52377/20787/14173/14633/17381/328572/15245/22121",11
"GO:0005996","GO:0005996","monosaccharide metabolic process","12/411","303/28832",0.0396039603960396,2.77825154778252,3.74198740854429,0.00147263986082979,0.0340261621177284,0.0265764129270219,"13807/16337/29858/27376/16592/230784/110208/12091/69183/328572/331026/105651",12
"GO:0016242","GO:0016242","negative regulation of macroautophagy","4/411","35/28832",0.114285714285714,8.01724018074383,4.99525688582015,0.00150222080576189,0.0341955101713742,0.0267086836129284,"67846/15368/20333/104009",4
"GO:0006631","GO:0006631","fatty acid metabolic process","16/411","477/28832",0.0335429769392034,2.35306839686402,3.583399270069,0.00150463533574452,0.0341955101713742,0.0267086836129284,"20682/66253/20787/114886/171210/56360/16592/69772/230784/13666/228775/13849/18784/69183/18783/14775",16
"GO:0015711","GO:0015711","organic anion transport","16/411","477/28832",0.0335429769392034,2.35306839686402,3.583399270069,0.00150463533574452,0.0341955101713742,0.0267086836129284,"12351/20536/14057/27376/72401/16592/20525/26357/55991/56857/17920/73822/54670/20539/18784/18783",16
"GO:0048863","GO:0048863","stem cell differentiation","12/411","304/28832",0.0394736842105263,2.76911256242797,3.72895963266953,0.00151395920871305,0.0342204149404217,0.0267281356870051,"20682/19378/18612/74016/20378/214968/20352/271849/14173/12571/20349/244059",12
"GO:0016051","GO:0016051","carbohydrate biosynthetic process","10/411","225/28832",0.0444444444444444,3.11781562584482,3.83507919013353,0.00154725903259211,0.0347840557651383,0.0271683719748464,"13807/16337/27376/94181/230784/110208/69183/233571/328572/105651",10
"GO:0016050","GO:0016050","vesicle organization","14/411","391/28832",0.0358056265984655,2.51179519729186,3.61942844798915,0.00160148938701114,0.035643329753989,0.0278395149696435,"67091/68581/11307/13429/27054/20333/20981/70495/18784/434246/110380/18783/67511/60510",14
"GO:0048562","GO:0048562","embryonic organ morphogenesis","13/411","348/28832",0.0373563218390805,2.6205777889644,3.65754857369175,0.00160262146285067,0.035643329753989,0.0278395149696435,"20682/15451/22295/19378/65256/20378/73916/17920/270685/320790/14633/226844/100503041",13
"GO:0090130","GO:0090130","tissue migration","7/411","119/28832",0.0588235294117647,4.12652068126521,4.10985583193822,0.00162203282730455,0.0357814343420262,0.0279473826905488,"20682/12512/22352/54357/18787/18754/19270",7
"GO:0042471","GO:0042471","ear morphogenesis","8/411","153/28832",0.0522875816993464,3.66801838334685,3.97908867634017,0.00163782742571495,0.0357814343420262,0.0279473826905488,"20682/15451/22295/20378/17920/320790/14633/100503041",8
"GO:0001961","GO:0001961","positive regulation of cytokine-mediated signaling pathway","5/411","60/28832",0.0833333333333333,5.84590429845904,4.51852322714553,0.00164884855249321,0.0357814343420262,0.0279473826905488,"83433/14082/17381/245945/15511",5
"GO:0035265","GO:0035265","organ growth","10/411","227/28832",0.0440528634361234,3.09034588464795,3.80225459121439,0.00165184789460664,0.0357814343420262,0.0279473826905488,"20682/17761/59056/232854/14173/17967/373864/22138/328572/226844",10
"GO:0070374","GO:0070374","positive regulation of ERK1 and ERK2 cascade","10/411","227/28832",0.0440528634361234,3.09034588464795,3.80225459121439,0.00165184789460664,0.0357814343420262,0.0279473826905488,"14538/14063/83433/93695/66824/21983/234593/14173/18784/233571",10
"GO:0022411","GO:0022411","cellular component disassembly","15/411","437/28832",0.034324942791762,2.40792396732867,3.56640016081724,0.00167348229461744,0.0360622428150982,0.0281667104509923,"15451/67846/13423/16337/73914/14063/16564/83433/12683/17281/228421/16765/110380/329384/12332",15
"GO:0062197","GO:0062197","cellular response to chemical stress","13/411","350/28832",0.0371428571428571,2.60560305874174,3.63427724287852,0.00168563297708785,0.0361368430500432,0.0282249775761971,"104156/114886/209027/20525/230784/66824/11920/18081/279561/18619/226090/328572/109815",13
"GO:0032526","GO:0032526","response to retinoic acid","7/411","120/28832",0.0583333333333333,4.09213300892133,4.08176647159852,0.00170184628655365,0.0362125657257583,0.028284121392969,"20682/20317/19378/17761/20787/17977/11920",7
"GO:0048144","GO:0048144","fibroblast proliferation","8/411","154/28832",0.051948051948052,3.64420008215629,3.95650146871332,0.001706579197463,0.0362125657257583,0.028284121392969,"328365/13555/12428/68303/65972/18787/12571/14775",8
"GO:0021536","GO:0021536","diencephalon development","6/411","89/28832",0.0674157303370786,4.72927089313541,4.23724888508999,0.00173768730011497,0.0366854897521733,0.0286535025816446,"19378/17977/14173/17967/14633/20349",6
"GO:0071674","GO:0071674","mononuclear cell migration","10/411","229/28832",0.0436681222707424,3.06335596425801,3.76979029870147,0.00176209342337833,0.0369189038001554,0.0288358125377506,"19141/65256/83433/14254/66824/14082/18787/18081/14345/22121",10
"GO:0034113","GO:0034113","heterotypic cell-cell adhesion","5/411","61/28832",0.0819672131147541,5.75006980176299,4.46599792812849,0.00177537407069754,0.0369189038001554,0.0288358125377506,"16402/319504/14538/18081/235379",5
"GO:0042149","GO:0042149","cellular response to glucose starvation","5/411","61/28832",0.0819672131147541,5.75006980176299,4.46599792812849,0.00177537407069754,0.0369189038001554,0.0288358125377506,"67579/20525/230784/13666/20539",5
"GO:0030641","GO:0030641","regulation of cellular pH","6/411","90/28832",0.0666666666666667,4.67672343876723,4.20102061383448,0.0018398524550559,0.038069384878495,0.0297344052176094,"20536/242341/70495/14824/233979/74096",6
"GO:0032967","GO:0032967","positive regulation of collagen biosynthetic process","4/411","37/28832",0.108108108108108,7.58387584664957,4.818979069259,0.001852906980079,0.0381497036145968,0.0297971388250328,"22352/18787/14633/328572",4
"GO:0002862","GO:0002862","negative regulation of inflammatory response to antigenic stimulus","3/411","18/28832",0.166666666666667,11.6918085969181,5.45653240602477,0.00200117256768284,0.0405993985804533,0.0317104931649255,"83433/14775/109815",3
"GO:0010755","GO:0010755","regulation of plasminogen activation","3/411","18/28832",0.166666666666667,11.6918085969181,5.45653240602477,0.00200117256768284,0.0405993985804533,0.0317104931649255,"15451/64138/18787",3
"GO:0030167","GO:0030167","proteoglycan catabolic process","3/411","18/28832",0.166666666666667,11.6918085969181,5.45653240602477,0.00200117256768284,0.0405993985804533,0.0317104931649255,"50917/110006/12091",3
"GO:0030308","GO:0030308","negative regulation of cell growth","9/411","195/28832",0.0461538461538462,3.23773161145424,3.77044516973698,0.00203064421680564,0.0406405014812014,0.031742596922587,"55942/20378/214968/13841/230784/68567/232854/52808/15511",9
"GO:0014912","GO:0014912","negative regulation of smooth muscle cell migration","4/411","38/28832",0.105263157894737,7.38430016647458,4.73571090390632,0.00204786672656179,0.0406405014812014,0.031742596922587,"214968/211770/234593/18787",4
"GO:0033260","GO:0033260","nuclear DNA replication","4/411","38/28832",0.105263157894737,7.38430016647458,4.73571090390632,0.00204786672656179,0.0406405014812014,0.031742596922587,"27214/17218/67177/17215",4
"GO:0010712","GO:0010712","regulation of collagen metabolic process","5/411","63/28832",0.0793650793650794,5.56752790329433,4.36435618834958,0.00204955426304181,0.0406405014812014,0.031742596922587,"114886/22352/18787/14633/328572",5
"GO:0106027","GO:0106027","neuron projection organization","7/411","124/28832",0.0564516129032258,3.96012871831096,3.97238247117062,0.00205205705964229,0.0406405014812014,0.031742596922587,"21844/16337/19141/11838/83433/108100/233071",7
"GO:0045444","GO:0045444","fat cell differentiation","11/411","275/28832",0.04,2.80603406326034,3.61882081804938,0.0021178556355255,0.0417448416500027,0.0326051508667084,"20787/223435/20378/13555/14013/13666/228775/70673/328572/224792/14775",11
"GO:0001959","GO:0001959","regulation of cytokine-mediated signaling pathway","8/411","160/28832",0.05,3.50754257907543,3.82481470388475,0.0021684199547364,0.0425398990176826,0.0332261369429818,"73914/14063/83433/66824/14082/17381/245945/15511",8
"GO:0031099","GO:0031099","regeneration","10/411","236/28832",0.0423728813559322,2.97249371108087,3.65889604934254,0.00219574554452171,0.0425597178779077,0.0332416166262698,"15368/22171/12428/71406/18007/14824/18787/18081/20539/14775",10
"GO:0045637","GO:0045637","regulation of myeloid cell differentiation","10/411","236/28832",0.0423728813559322,2.97249371108087,3.65889604934254,0.00219574554452171,0.0425597178779077,0.0332416166262698,"15354/83433/14082/211770/241525/21847/18081/70673/12571/15511",10
"GO:0001818","GO:0001818","negative regulation of cytokine production","12/411","318/28832",0.0377358490566038,2.64720194647202,3.55191382728056,0.00220012968111329,0.0425597178779077,0.0332416166262698,"15368/73914/19696/14063/83433/11829/12683/14254/93695/11746/66824/109815",12
"GO:0006026","GO:0006026","aminoglycan catabolic process","4/411","39/28832",0.102564102564103,7.19495913656498,4.65541474282859,0.00225654536823264,0.0434489453077757,0.0339361550017833,"50917/110006/192188/14173",4
"GO:0014015","GO:0014015","positive regulation of gliogenesis","6/411","94/28832",0.0638297872340425,4.47771393073459,4.06125817227755,0.00229462184058793,0.0436956295826907,0.0341288297774474,"104156/22352/13555/14254/20539/56708",6
"GO:0030203","GO:0030203","glycosaminoglycan metabolic process","6/411","94/28832",0.0638297872340425,4.47771393073459,4.06125817227755,0.00229462184058793,0.0436956295826907,0.0341288297774474,"50917/110006/192188/14173/231162/54710",6
"GO:0030214","GO:0030214","hyaluronan catabolic process","3/411","19/28832",0.157894736842105,11.0764502497119,5.2834939266397,0.00235143355105248,0.0436956295826907,0.0341288297774474,"110006/192188/14173",3
"GO:0060033","GO:0060033","anatomical structure regression","3/411","19/28832",0.157894736842105,11.0764502497119,5.2834939266397,0.00235143355105248,0.0436956295826907,0.0341288297774474,"14254/18081/14633",3
"GO:1900452","GO:1900452","regulation of long-term synaptic depression","3/411","19/28832",0.157894736842105,11.0764502497119,5.2834939266397,0.00235143355105248,0.0436956295826907,0.0341288297774474,"11838/18619/16500",3
"GO:1903978","GO:1903978","regulation of microglial cell activation","3/411","19/28832",0.157894736842105,11.0764502497119,5.2834939266397,0.00235143355105248,0.0436956295826907,0.0341288297774474,"83433/11920/14824",3
"GO:0002931","GO:0002931","response to ischemia","5/411","65/28832",0.0769230769230769,5.39621935242373,4.26697238347612,0.00235340731582657,0.0436956295826907,0.0341288297774474,"67579/54720/83433/55991/12282",5
"GO:0010883","GO:0010883","regulation of lipid storage","5/411","65/28832",0.0769230769230769,5.39621935242373,4.26697238347612,0.00235340731582657,0.0436956295826907,0.0341288297774474,"20787/83433/11307/12683/20288",5
"GO:0046777","GO:0046777","protein autophosphorylation","9/411","200/28832",0.045,3.15678832116788,3.68067748872055,0.00240921937398532,0.044533081672911,0.0347829285993858,"16337/73914/13841/207565/14254/93695/13666/11920/279561",9
"GO:0019318","GO:0019318","hexose metabolic process","11/411","280/28832",0.0392857142857143,2.75592631213069,3.55057034590737,0.00243441533688943,0.0447997052483325,0.0349911771292072,"13807/16337/29858/27376/16592/230784/12091/69183/328572/331026/105651",11
"GO:0010714","GO:0010714","positive regulation of collagen metabolic process","4/411","40/28832",0.1,7.01508515815085,4.57790678899333,0.0024794183321246,0.0452276352776589,0.0353254153875186,"22352/18787/14633/328572",4
"GO:1902175","GO:1902175","regulation of oxidative stress-induced intrinsic apoptotic signaling pathway","4/411","40/28832",0.1,7.01508515815085,4.57790678899333,0.0024794183321246,0.0452276352776589,0.0353254153875186,"83433/209027/14173/14775",4
"GO:0071560","GO:0071560","cellular response to transforming growth factor beta stimulus","11/411","281/28832",0.0391459074733096,2.74611874518361,3.53710017126969,0.00250210115350054,0.0453173756178903,0.0353955078161019,"20682/328365/14538/12683/13038/60406/18787/70673/18619/235505/328572",11
"GO:0031663","GO:0031663","lipopolysaccharide-mediated signaling pathway","5/411","66/28832",0.0757575757575758,5.31445845314459,4.21977803917359,0.00251702663326104,0.0453173756178903,0.0353955078161019,"73914/83433/211770/240354/18754",5
"GO:0060760","GO:0060760","positive regulation of response to cytokine stimulus","5/411","66/28832",0.0757575757575758,5.31445845314459,4.21977803917359,0.00251702663326104,0.0453173756178903,0.0353955078161019,"83433/14082/17381/245945/15511",5
"GO:0033273","GO:0033273","response to vitamin","6/411","96/28832",0.0625,4.38442822384428,3.99428320127625,0.00255144432218518,0.0457390385171041,0.0357248510810502,"19378/22171/14827/18619/233979/14775",6
"GO:0002274","GO:0002274","myeloid leukocyte activation","11/411","282/28832",0.0390070921985816,2.73638073544891,3.52368877846252,0.00257130133040684,0.0458971769663608,0.0358483664135329,"15368/14063/83433/66824/11920/14824/216161/18784/18754/18783/224792",11
"GO:0006664","GO:0006664","glycolipid metabolic process","6/411","97/28832",0.0618556701030928,4.33922793287682,3.96147954426364,0.00268766424112426,0.0470441059355532,0.036744184689416,"56336/17761/12091/239559/14345/20448",6
"GO:0032731","GO:0032731","positive regulation of interleukin-1 beta production","5/411","67/28832",0.0746268656716418,5.23513817772452,4.17353330224446,0.00268874374418788,0.0470441059355532,0.036744184689416,"14063/66824/55991/240354/67705",5
"GO:0030574","GO:0030574","collagen catabolic process","4/411","41/28832",0.0975609756097561,6.84398552014717,4.50301891756708,0.00271695612716051,0.0470441059355532,0.036744184689416,"17534/58223/13038/17381",4
"GO:0006620","GO:0006620","post-translational protein targeting to endoplasmic reticulum membrane","3/411","20/28832",0.15,10.5226277372263,5.12290365724514,0.0027373584122154,0.0470441059355532,0.036744184689416,"53421/218544/66212",3
"GO:0033599","GO:0033599","regulation of mammary gland epithelial cell proliferation","3/411","20/28832",0.15,10.5226277372263,5.12290365724514,0.0027373584122154,0.0470441059355532,0.036744184689416,"18612/404710/14775",3
"GO:0045725","GO:0045725","positive regulation of glycogen biosynthetic process","3/411","20/28832",0.15,10.5226277372263,5.12290365724514,0.0027373584122154,0.0470441059355532,0.036744184689416,"16337/69183/105651",3
"GO:0060340","GO:0060340","positive regulation of type I interferon-mediated signaling pathway","3/411","20/28832",0.15,10.5226277372263,5.12290365724514,0.0027373584122154,0.0470441059355532,0.036744184689416,"14082/17381/245945",3
"GO:0072189","GO:0072189","ureter development","3/411","20/28832",0.15,10.5226277372263,5.12290365724514,0.0027373584122154,0.0470441059355532,0.036744184689416,"20682/19378/14013",3
"GO:1903376","GO:1903376","regulation of oxidative stress-induced neuron intrinsic apoptotic signaling pathway","3/411","20/28832",0.15,10.5226277372263,5.12290365724514,0.0027373584122154,0.0470441059355532,0.036744184689416,"83433/209027/14173",3
"GO:0043254","GO:0043254","regulation of protein-containing complex assembly","15/411","461/28832",0.0325379609544469,2.28256566968032,3.33828828595564,0.00278438704888773,0.0476554145527739,0.0372216522974552,"20682/11853/16564/83433/108100/16765/66824/11920/17967/18754/328572/12332/67705/22121/15511",15
"GO:1903509","GO:1903509","liposaccharide metabolic process","6/411","98/28832",0.0612244897959184,4.29495009682705,3.92911664683205,0.00282926314695936,0.0482250222467376,0.0376665490574486,"56336/17761/12091/239559/14345/20448",6
"GO:0070059","GO:0070059","intrinsic apoptotic signaling pathway in response to endoplasmic reticulum stress","5/411","68/28832",0.0735294117647059,5.15815085158151,4.12820393841605,0.00286878596468175,0.0486991054167813,0.03803683560476,"69065/13666/12282/228775/109815",5
"GO:0032649","GO:0032649","regulation of type II interferon production","7/411","132/28832",0.053030303030303,3.72012091720121,3.76673713823581,0.00291753259071089,0.0491219454900969,0.038367098311193,"14063/238871/18578/66824/14082/20539/170743",7
"GO:1902105","GO:1902105","regulation of leukocyte differentiation","13/411","373/28832",0.0348525469168901,2.44493584600432,3.37772470198578,0.00292372508731508,0.0491219454900969,0.038367098311193,"328365/15354/66494/83433/14082/211770/240354/21847/18081/70673/12571/214812/328572",13
"GO:0045471","GO:0045471","response to ethanol","8/411","168/28832",0.0476190476190476,3.3405167419766,3.65871922136655,0.00293089685377356,0.0491219454900969,0.038367098311193,"20787/11838/22171/13038/14173/17967/18754/18619",8
"GO:0044273","GO:0044273","sulfur compound catabolic process","4/411","42/28832",0.0952380952380952,6.68103348395319,4.43059699340932,0.00296962388677313,0.0491219454900969,0.038367098311193,"50917/171210/110006/69065",4
"GO:0033209","GO:0033209","tumor necrosis factor-mediated signaling pathway","6/411","99/28832",0.0606060606060606,4.25156676251567,3.8971836610426,0.00297637178732975,0.0491219454900969,0.038367098311193,"170720/14063/22029/66824/71609/15511",6
"GO:0048864","GO:0048864","stem cell development","6/411","99/28832",0.0606060606060606,4.25156676251567,3.8971836610426,0.00297637178732975,0.0491219454900969,0.038367098311193,"20682/19378/214968/20352/14173/20349",6
"GO:0050709","GO:0050709","negative regulation of protein secretion","6/411","99/28832",0.0606060606060606,4.25156676251567,3.8971836610426,0.00297637178732975,0.0491219454900969,0.038367098311193,"20787/14063/18007/59090/215445/16500",6
"GO:0009267","GO:0009267","cellular response to starvation","9/411","207/28832",0.0434782608695652,3.05003702528298,3.55963293660966,0.00303112761489418,0.049670493850244,0.0387955465058283,"67579/20787/13038/20525/230784/13666/21847/20539/544791",9
"GO:0002718","GO:0002718","regulation of cytokine production involved in immune response","7/411","133/28832",0.0526315789473684,3.69215008323729,3.74216379332948,0.00304278047576473,0.049670493850244,0.0387955465058283,"15368/73914/14063/66824/55991/240354/170743",7
"GO:0002218","GO:0002218","activation of innate immune response","12/411","331/28832",0.0362537764350453,2.54323328996406,3.39583529296635,0.00304712171889247,0.049670493850244,0.0387955465058283,"73914/14063/83433/66824/279572/56174/18081/170743/18754/226695/67705/15511",12
"GO:0061082","GO:0061082","myeloid leukocyte cytokine production","5/411","69/28832",0.072463768115942,5.0833950421383,4.08375743861352,0.00305738072268874,0.049670493850244,0.0387955465058283,"15368/73914/66824/55991/170743",5
