"Symbol","Ensembl","log2FoldChange_e","padj_e","log2FoldChange_n","padj_n","sig_e","sig_n","max_abs_lfc"
"Mymk","ENSMUSG00000009214",6.03103586751541,2.92216178505303e-22,6.46966438009922,1.86109808178699e-20,TRUE,TRUE,6.46966438009922
"Mymx","ENSMUSG00000079471",5.45362091987966,1.38326047363675e-05,6.3108783802943,2.95230841618594e-07,TRUE,TRUE,6.3108783802943
"Xirp1","ENSMUSG00000079243",0.131712433420262,0.917854652790946,2.14809822299536,0.00824427192491573,FALSE,TRUE,2.14809822299536
"Klf5","ENSMUSG00000005148",1.66979624670756,3.38287945691298e-17,2.14588823401408,3.68796936302037e-27,TRUE,TRUE,2.14588823401408
"Mcub","ENSMUSG00000027994",1.76441596030471,1.31591082218669e-06,1.25666906769982,0.000353238511141319,TRUE,TRUE,1.76441596030471
"Mstn","ENSMUSG00000026100",-1.36908958016969,8.07915744491794e-12,-1.37870782934885,6.0027124936561e-12,TRUE,TRUE,1.37870782934885
"Anxa1","ENSMUSG00000024659",1.31980417948553,2.62843646130398e-29,0.945570177198794,4.03759963432792e-15,TRUE,TRUE,1.31980417948553
"Ptgfrn","ENSMUSG00000027864",1.02362950971392,1.15611146815776e-10,0.705488345767329,1.80218299415555e-05,TRUE,TRUE,1.02362950971392
"Col6a1","ENSMUSG00000001119",0.865505169911026,3.62458174327925e-06,0.339300871126841,0.119825529383172,TRUE,FALSE,0.865505169911026
"Cd9","ENSMUSG00000030342",0.834760949635918,2.65515024930927e-07,0.557914520322061,0.00108723392100581,TRUE,TRUE,0.834760949635918
"Spaar","ENSMUSG00000028475",-0.731982976090441,0.00540233576200065,-0.379032118227505,0.219680839710986,TRUE,FALSE,0.731982976090441
"Mapk14","ENSMUSG00000053436",-0.540428467074708,5.78849777926968e-12,-0.615810444204784,2.19784736302224e-15,TRUE,TRUE,0.615810444204784
"Igf1","ENSMUSG00000020053",0.0402983400097755,0.909317584916913,-0.572502204802622,0.0101370013894228,FALSE,TRUE,0.572502204802622
"Gpx1","ENSMUSG00000063856",0.500166416775429,0.00172150226909513,0.571775738509477,0.00024808944910056,TRUE,TRUE,0.571775738509477
"Fzd7","ENSMUSG00000041075",-0.483191975364291,0.00919489745461194,-0.350572729670406,0.0754284149261855,TRUE,FALSE,0.483191975364291
"Tmem182","ENSMUSG00000079588",-0.480623528392767,2.29231280103923e-21,-0.354317917144205,7.37254270350589e-12,TRUE,TRUE,0.480623528392767
"Capn3","ENSMUSG00000079110",-0.480251663981697,4.92463645042878e-05,-0.402909171351338,0.000924982709415493,TRUE,TRUE,0.480251663981697
"Selenon","ENSMUSG00000050989",0.466204741097389,0.000299505792553558,0.297342635421509,0.0346192102977912,TRUE,TRUE,0.466204741097389
"Dicer1","ENSMUSG00000041415",-0.272143075016011,6.49295455172812e-05,-0.450729884236389,3.16798304479495e-12,TRUE,TRUE,0.450729884236389
"Fkrp","ENSMUSG00000048920",-0.408712052718446,1.98753880642142e-15,-0.426537033210683,1.23930028103844e-16,TRUE,TRUE,0.426537033210683
"P2rx5","ENSMUSG00000005950",0.0649336929816649,0.809006758079684,0.426167554542777,0.019096904286255,FALSE,TRUE,0.426167554542777
"Myoz1","ENSMUSG00000068697",-0.214990909596317,0.0850890100417501,-0.414542120421007,0.000186743058780306,FALSE,TRUE,0.414542120421007
"Bin3","ENSMUSG00000022089",0.411097610662846,0.00165549234818851,0.129070776158894,0.438160314812854,TRUE,FALSE,0.411097610662846
"Cd81","ENSMUSG00000037706",0.409103839329791,3.63596799259494e-09,0.397065788114978,1.08220274891171e-08,TRUE,TRUE,0.409103839329791
"Kpna1","ENSMUSG00000022905",-0.305355135634534,0.000503284094451391,-0.202799760300407,0.0308727336621714,TRUE,TRUE,0.305355135634534
"Ppard","ENSMUSG00000002250",-0.296733948461839,0.0208898529955021,-0.302823824440626,0.018119719234168,TRUE,TRUE,0.302823824440626
"Dag1","ENSMUSG00000039952",-0.270319164608673,0.00841271425474746,-0.100331874286309,0.425529105487783,TRUE,FALSE,0.270319164608673
"Nfix","ENSMUSG00000001911",-0.268553668933283,1.97789928483937e-06,-0.226722732009328,8.20787882469715e-05,TRUE,TRUE,0.268553668933283
"Tarbp2","ENSMUSG00000023051",-0.154784122045017,0.205420827904111,-0.227442254268119,0.0414663595795727,FALSE,TRUE,0.227442254268119
