STANDARD_NAME	HALLMARK_MTORC1_SIGNALING
SYSTEMATIC_NAME	MM3885
COLLECTION	MH
MSIGDB_URL	https://www.gsea-msigdb.org/gsea/msigdb/mouse/geneset/HALLMARK_MTORC1_SIGNALING
NAMESPACE	MGI_ID
DESCRIPTION_BRIEF	Mouse genes annotated to HALLMARK_MTORC1_SIGNALING based on orthology mappings provided by the Alliance Genome Consortium
DESCRIPTION_FULL	
PMID	30224793
GEOID	
AUTHORS	Howe DG,Blake JA,Bradford YM,Bult CJ,Calvi BR,Engel SR,Kadin JA,Kaufman TC,Kishore R,Laulederkind SJF,Lewis SE,Moxon SAT,Richardson JE,Smith C
CONTRIBUTOR	Mouse Genome Informatics (MGI)
CONTRIBUTOR_ORG	The Jackson Laboratory (JAX)
EXACT_SOURCE	Alliance Genome Consortium orthologs based on HALLMARK_MTORC1_SIGNALING
FILTERED_BY_SIMILARITY	
EXTERNAL_NAMES_FOR_SIMILAR_TERMS	
EXTERNAL_DETAILS_URL	http://www.broadinstitute.org/gsea/msigdb/cards/HALLMARK_MTORC1_SIGNALING
SOURCE_MEMBERS	MGI:101834,MGI:102551,MGI:102579,MGI:102581,MGI:102890,MGI:103198,MGI:103199,MGI:103251,MGI:103266,MGI:104295,MGI:104556,MGI:104630,MGI:104680,MGI:104724,MGI:104752,MGI:104861,MGI:104883,MGI:104990,MGI:105081,MGI:105082,MGI:105305,MGI:105380,MGI:105979,MGI:106040,MGI:107592,MGI:107653,MGI:107822,MGI:107901,MGI:107931,MGI:107943,MGI:108053,MGI:108384,MGI:108451,MGI:109130,MGI:109131,MGI:109247,MGI:109277,MGI:109296,MGI:109352,MGI:109495,MGI:1095410,MGI:109553,MGI:109555,MGI:109563,MGI:1096366,MGI:1097714,MGI:1100510,MGI:1194513,MGI:1196624,MGI:1270839,MGI:1277216,MGI:1277989,MGI:1298205,MGI:1298378,MGI:1315197,MGI:1316650,MGI:1316717,MGI:1330838,MGI:1338850,MGI:1339968,MGI:1342292,MGI:1345192,MGI:1345675,MGI:1345961,MGI:1346093,MGI:1346868,MGI:1347007,MGI:1347060,MGI:1347063,MGI:1347344,MGI:1347355,MGI:1349415,MGI:1349482,MGI:1350929,MGI:1351474,MGI:1351615,MGI:1351657,MGI:1353611,MGI:1354175,MGI:1354385,MGI:1355330,MGI:1858259,MGI:1860263,MGI:1861437,MGI:1889206,MGI:1891834,MGI:1913284,MGI:1913355,MGI:1913393,MGI:1913499,MGI:1913677,MGI:1913963,MGI:1914247,MGI:1914339,MGI:1914454,MGI:1914736,MGI:1914848,MGI:1915140,MGI:1915525,MGI:1915528,MGI:1915871,MGI:1916051,MGI:1916289,MGI:1916321,MGI:1920416,MGI:1921084,MGI:1921355,MGI:1921367,MGI:1921435,MGI:1921442,MGI:1921455,MGI:1921997,MGI:1922004,MGI:1923517,MGI:1923864,MGI:1926119,MGI:1927072,MGI:1927542,MGI:1927550,MGI:1929095,MGI:1929464,MGI:1929658,MGI:1929671,MGI:1929865,MGI:1930079,MGI:1932288,MGI:1933366,MGI:2135601,MGI:2135625,MGI:2137237,MGI:2137648,MGI:2141625,MGI:2149842,MGI:2156528,MGI:2156764,MGI:2180139,MGI:2183441,MGI:2384313,MGI:2385071,MGI:2442264,MGI:2448526,MGI:2448536,MGI:3648653,MGI:5434255,MGI:87979,MGI:87994,MGI:88110,MGI:88252,MGI:88261,MGI:88283,MGI:88348,MGI:894678,MGI:92638,MGI:93830,MGI:94890,MGI:95542,MGI:95755,MGI:95757,MGI:95791,MGI:95797,MGI:95804,MGI:95835,MGI:96112,MGI:96159,MGI:96217,MGI:96242,MGI:96245,MGI:96413,MGI:96440,MGI:96611,MGI:96759,MGI:96765,MGI:96836,MGI:96904,MGI:97043,MGI:97365,MGI:97463,MGI:97545,MGI:97547,MGI:97555,MGI:97565,MGI:97621,MGI:97749,MGI:97788,MGI:97831,MGI:97836,MGI:97838,MGI:97842,MGI:98084,MGI:98181,MGI:98266,MGI:98400,MGI:98488,MGI:98797,MGI:98817,MGI:98822,MGI:98935,MGI:98970,MGI:99523
GENE_SYMBOLS	Tubg1,Ccnf,Nmt1,Rdh11,Ccng1,Cdc25a,Mcm4,Acly,Fgl2,Sla,Cdkn1a,Wars1,Hspe1,Fdxr,Nfkbib,Bcat1,Psma3,Gclc,Tes,Ssr1,Slc1a5,Mcm2,G6pdx,Cyp51,Hmgcs1,Atp5mc1,Ebp,Nfyc,Sqstm1,Cct6a,Rit1,Btg2,Acaca,Stip1,Stc1,Ddit3,Pik3r3,Sqle,Ung,Nfil3,Tuba4a,Ctsc,Psmc2,Cxcr4,Psme3,Bhlhe40,Bub1,Psmb5,Tcea1,Cacybp,Gtf2h1,Shmt2,Slc7a5,Dhcr7,Hk2,Slc37a4,Ifrd1,Lgmn,Mthfd2,Cth,Hspa4,Psmd13,Trib3,Coro1a,Psmc4,Map2k3,Plod2,Psma4,Dapp1,Gla,Slc7a11,Cops5,Nherf1,Asns,Nufip1,Add3,Abcf2,Sc5d,Txnrd1,Ero1a,Phgdh,Tomm40,Psmg1,Gsk3b,Skap2,Nupr1,Psmd14,Ube2d3,Eef1e1,Pno1,Cyb5b,Actr2,Psmd12,Psmc6,Eif2s2,Polr3g,Uchl5,Ufm1,Rpa1,Ddx39a,Mthfd2l,Elovl5,Insig1,Tmem97,Tm7sf2,Atp6v1d,Gga2,Actr3,Gbe1,Arpc5l,Acsl3,Ddit4,Dhcr24,Fads1,Immt,Pdk1,Ppp1r15a,Pitpnb,Ykt6,Uso1,Sec11a,Tbk1,Mllt11,Nampt,Fads2,Egln3,Sytl2,Slc1a4,Glrx,Niban1,Ifi30,Nup205,Sdf2l1,Elovl6,Stard4,Edem1,Psat1,Rrp9,Etf1,Idi1,Gmps,Pdap1,Eno1b,Gapdh-ps15,Ak4,Aldoa,Atp2a2,Calr,Canx,Serpinh1,Cd9,Aurka,Serp1,Adipor2,Dhfr,Fkbp2,Slc2a1,Slc2a3,Got1,Gpi1,Gsr,Hspa5,Hmbs,Hmgcr,Hprt1,Hspd1,Hspa9,Idh1,Igfbp5,Itgb2,Ldha,Ldlr,Lta4h,M6pr,Me1,Pnp,P4ha1,Cfp,Pfkl,Pgk1,Pgm1,Plk1,Ppia,Psph,Ppa1,Qdpr,Eprs1,Rab1a,Rpn1,Rrm2,Sord,Srd5a1,Slc6a6,Tpi1,Hsp90b1,Tfrc,Vldlr,Xbp1,Prdx1
FOUNDER_NAMES	
