STANDARD_NAME	TFEB_TARGET_GENES
SYSTEMATIC_NAME	M30207
COLLECTION	C3:TFT:GTRD
MSIGDB_URL	https://www.gsea-msigdb.org/gsea/msigdb/human/geneset/TFEB_TARGET_GENES
NAMESPACE	Human_Ensembl_Gene_ID
DESCRIPTION_BRIEF	Genes containing one or more binding sites for UniProt:P19484 (TFEB) in their promoter regions (TSS -1000,+100 bp) as identified by GTRD version 20.06 ChIP-seq harmonization.
DESCRIPTION_FULL	
PMID	30445619
GEOID	
AUTHORS	Yevshin I,Sharipov R,Kolmykov S,Kondrakhin Y,Kolpakov F
CONTRIBUTOR	Anthony Castanza
CONTRIBUTOR_ORG	MSigDB Team
EXACT_SOURCE	P19484
FILTERED_BY_SIMILARITY	
EXTERNAL_NAMES_FOR_SIMILAR_TERMS	
EXTERNAL_DETAILS_URL	http://gtrd.biouml.org/
SOURCE_MEMBERS	ENSG00000003393,ENSG00000004864,ENSG00000004975,ENSG00000005020,ENSG00000005073,ENSG00000005249,ENSG00000006194,ENSG00000006576,ENSG00000006607,ENSG00000006715,ENSG00000006837,ENSG00000007384,ENSG00000007520,ENSG00000008838,ENSG00000010165,ENSG00000010219,ENSG00000010327,ENSG00000010671,ENSG00000011021,ENSG00000012061,ENSG00000012124,ENSG00000013810,ENSG00000014138,ENSG00000015676,ENSG00000019144,ENSG00000020577,ENSG00000023839,ENSG00000023902,ENSG00000027001,ENSG00000027075,ENSG00000029639,ENSG00000030582,ENSG00000031081,ENSG00000033011,ENSG00000033627,ENSG00000035681,ENSG00000037474,ENSG00000039560,ENSG00000039650,ENSG00000040487,ENSG00000040531,ENSG00000042832,ENSG00000044115,ENSG00000047056,ENSG00000047249,ENSG00000047457,ENSG00000047849,ENSG00000048052,ENSG00000049192,ENSG00000049323,ENSG00000049860,ENSG00000051009,ENSG00000051108,ENSG00000053371,ENSG00000055483,ENSG00000055917,ENSG00000057704,ENSG00000058091,ENSG00000058673,ENSG00000059804,ENSG00000061676,ENSG00000062716,ENSG00000063015,ENSG00000063046,ENSG00000063761,ENSG00000063854,ENSG00000064225,ENSG00000064601,ENSG00000064763,ENSG00000065000,ENSG00000065029,ENSG00000065154,ENSG00000066427,ENSG00000066697,ENSG00000067082,ENSG00000067191,ENSG00000067225,ENSG00000067798,ENSG00000069956,ENSG00000070718,ENSG00000070961,ENSG00000071189,ENSG00000071967,ENSG00000072364,ENSG00000072736,ENSG00000072786,ENSG00000073111,ENSG00000073754,ENSG00000073921,ENSG00000074416,ENSG00000075426,ENSG00000075702,ENSG00000075785,ENSG00000077147,ENSG00000077157,ENSG00000077522,ENSG00000077585,ENSG00000078269,ENSG00000078399,ENSG00000078401,ENSG00000078487,ENSG00000078674,ENSG00000079102,ENSG00000079263,ENSG00000079308,ENSG00000079337,ENSG00000079739,ENSG00000080371,ENSG00000080824,ENSG00000081041,ENSG00000081087,ENSG00000081189,ENSG00000082146,ENSG00000082512,ENSG00000082898,ENSG00000083168,ENSG00000083720,ENSG00000083750,ENSG00000084112,ENSG00000085871,ENSG00000086102,ENSG00000087076,ENSG00000087077,ENSG00000087086,ENSG00000087088,ENSG00000087903,ENSG00000088053,ENSG00000088247,ENSG00000088387,ENSG00000088832,ENSG00000089248,ENSG00000089775,ENSG00000090316,ENSG00000090339,ENSG00000090581,ENSG00000090674,ENSG00000090989,ENSG00000091039,ENSG00000091128,ENSG00000091164,ENSG00000092068,ENSG00000092094,ENSG00000092439,ENSG00000092607,ENSG00000092931,ENSG00000095319,ENSG00000095370,ENSG00000095637,ENSG00000095787,ENSG00000095794,ENSG00000095951,ENSG00000096093,ENSG00000096717,ENSG00000097021,ENSG00000099250,ENSG00000099290,ENSG00000099800,ENSG00000099910,ENSG00000099917,ENSG00000099968,ENSG00000099999,ENSG00000100030,ENSG00000100060,ENSG00000100099,ENSG00000100104,ENSG00000100139,ENSG00000100221,ENSG00000100266,ENSG00000100292,ENSG00000100320,ENSG00000100345,ENSG00000100354,ENSG00000100380,ENSG00000100393,ENSG00000100554,ENSG00000100644,ENSG00000100813,ENSG00000100823,ENSG00000100968,ENSG00000100991,ENSG00000100997,ENSG00000101109,ENSG00000101255,ENSG00000101452,ENSG00000101558,ENSG00000101577,ENSG00000101608,ENSG00000101654,ENSG00000101745,ENSG00000101849,ENSG00000102081,ENSG00000102144,ENSG00000102393,ENSG00000102575,ENSG00000102738,ENSG00000102794,ENSG00000102882,ENSG00000102893,ENSG00000103042,ENSG00000103043,ENSG00000103067,ENSG00000103121,ENSG00000103145,ENSG00000103152,ENSG00000103160,ENSG00000103174,ENSG00000103249,ENSG00000103257,ENSG00000103264,ENSG00000103351,ENSG00000103404,ENSG00000103426,ENSG00000103496,ENSG00000104133,ENSG00000104142,ENSG00000104164,ENSG00000104412,ENSG00000104497,ENSG00000104765,ENSG00000104814,ENSG00000104824,ENSG00000104856,ENSG00000104870,ENSG00000104946,ENSG00000104951,ENSG00000105135,ENSG00000105223,ENSG00000105229,ENSG00000105321,ENSG00000105402,ENSG00000105483,ENSG00000105486,ENSG00000105516,ENSG00000105576,ENSG00000105613,ENSG00000105707,ENSG00000105778,ENSG00000105835,ENSG00000105856,ENSG00000105877,ENSG00000105889,ENSG00000106004,ENSG00000106034,ENSG00000106105,ENSG00000106266,ENSG00000106299,ENSG00000106336,ENSG00000106355,ENSG00000106366,ENSG00000106540,ENSG00000106554,ENSG00000106683,ENSG00000106868,ENSG00000107021,ENSG00000107077,ENSG00000107164,ENSG00000107341,ENSG00000107521,ENSG00000107581,ENSG00000107745,ENSG00000107854,ENSG00000108298,ENSG00000108342,ENSG00000108395,ENSG00000108515,ENSG00000108518,ENSG00000108622,ENSG00000108784,ENSG00000108840,ENSG00000108861,ENSG00000109265,ENSG00000109270,ENSG00000109332,ENSG00000109436,ENSG00000109452,ENSG00000109756,ENSG00000109787,ENSG00000109790,ENSG00000109854,ENSG00000109919,ENSG00000109920,ENSG00000110047,ENSG00000110274,ENSG00000110455,ENSG00000110628,ENSG00000110756,ENSG00000110768,ENSG00000110801,ENSG00000110852,ENSG00000110880,ENSG00000111110,ENSG00000111145,ENSG00000111181,ENSG00000111276,ENSG00000111321,ENSG00000111640,ENSG00000111644,ENSG00000111727,ENSG00000111799,ENSG00000111802,ENSG00000111846,ENSG00000111863,ENSG00000112304,ENSG00000112308,ENSG00000112312,ENSG00000112514,ENSG00000112531,ENSG00000112659,ENSG00000112667,ENSG00000112695,ENSG00000112851,ENSG00000112992,ENSG00000113360,ENSG00000113368,ENSG00000113387,ENSG00000113552,ENSG00000113600,ENSG00000113716,ENSG00000113732,ENSG00000113851,ENSG00000114331,ENSG00000114439,ENSG00000114480,ENSG00000114573,ENSG00000114698,ENSG00000114738,ENSG00000114850,ENSG00000114867,ENSG00000115020,ENSG00000115163,ENSG00000115170,ENSG00000115216,ENSG00000115295,ENSG00000115380,ENSG00000115415,ENSG00000115649,ENSG00000115738,ENSG00000115762,ENSG00000115963,ENSG00000115993,ENSG00000116016,ENSG00000116106,ENSG00000116141,ENSG00000116161,ENSG00000116584,ENSG00000116729,ENSG00000116809,ENSG00000116898,ENSG00000116954,ENSG00000117153,ENSG00000117245,ENSG00000117298,ENSG00000117308,ENSG00000117360,ENSG00000117410,ENSG00000117523,ENSG00000117597,ENSG00000117632,ENSG00000117984,ENSG00000118420,ENSG00000118482,ENSG00000118496,ENSG00000118503,ENSG00000118508,ENSG00000118515,ENSG00000118579,ENSG00000118596,ENSG00000118855,ENSG00000118960,ENSG00000119048,ENSG00000119383,ENSG00000119408,ENSG00000119487,ENSG00000119522,ENSG00000119865,ENSG00000119917,ENSG00000119953,ENSG00000120129,ENSG00000120137,ENSG00000120254,ENSG00000120279,ENSG00000120306,ENSG00000120318,ENSG00000120549,ENSG00000120664,ENSG00000120708,ENSG00000120820,ENSG00000120875,ENSG00000121060,ENSG00000121440,ENSG00000121579,ENSG00000121749,ENSG00000121774,ENSG00000121797,ENSG00000121964,ENSG00000122507,ENSG00000122592,ENSG00000122705,ENSG00000122783,ENSG00000122786,ENSG00000122861,ENSG00000122882,ENSG00000122912,ENSG00000122958,ENSG00000122965,ENSG00000123064,ENSG00000123080,ENSG00000123104,ENSG00000123136,ENSG00000123159,ENSG00000123352,ENSG00000123384,ENSG00000123416,ENSG00000123643,ENSG00000124019,ENSG00000124151,ENSG00000124155,ENSG00000124196,ENSG00000124198,ENSG00000124224,ENSG00000124257,ENSG00000124299,ENSG00000124486,ENSG00000124491,ENSG00000124783,ENSG00000124818,ENSG00000125148,ENSG00000125375,ENSG00000125812,ENSG00000125864,ENSG00000125952,ENSG00000126226,ENSG00000126337,ENSG00000126368,ENSG00000126432,ENSG00000126746,ENSG00000126773,ENSG00000126785,ENSG00000126804,ENSG00000126814,ENSG00000126838,ENSG00000126858,ENSG00000126945,ENSG00000126947,ENSG00000127022,ENSG00000127124,ENSG00000127325,ENSG00000128272,ENSG00000128710,ENSG00000128815,ENSG00000128918,ENSG00000128973,ENSG00000129055,ENSG00000129226,ENSG00000129292,ENSG00000129351,ENSG00000129422,ENSG00000129657,ENSG00000129925,ENSG00000130147,ENSG00000130222,ENSG00000130307,ENSG00000130513,ENSG00000130714,ENSG00000130749,ENSG00000130779,ENSG00000130939,ENSG00000131100,ENSG00000131236,ENSG00000131238,ENSG00000131370,ENSG00000131374,ENSG00000131375,ENSG00000131389,ENSG00000131469,ENSG00000131504,ENSG00000131759,ENSG00000132128,ENSG00000132361,ENSG00000132424,ENSG00000132481,ENSG00000132635,ENSG00000132823,ENSG00000132965,ENSG00000133104,ENSG00000133226,ENSG00000133422,ENSG00000133454,ENSG00000133466,ENSG00000133657,ENSG00000133789,ENSG00000133805,ENSG00000133962,ENSG00000134001,ENSG00000134014,ENSG00000134077,ENSG00000134107,ENSG00000134108,ENSG00000134109,ENSG00000134160,ENSG00000134294,ENSG00000134490,ENSG00000134668,ENSG00000134759,ENSG00000134982,ENSG00000134986,ENSG00000135063,ENSG00000135253,ENSG00000135315,ENSG00000135316,ENSG00000135362,ENSG00000135404,ENSG00000135424,ENSG00000135441,ENSG00000135446,ENSG00000135535,ENSG00000135541,ENSG00000135632,ENSG00000135677,ENSG00000135679,ENSG00000135823,ENSG00000135862,ENSG00000135945,ENSG00000135951,ENSG00000136051,ENSG00000136144,ENSG00000136158,ENSG00000136161,ENSG00000136231,ENSG00000136603,ENSG00000136731,ENSG00000136802,ENSG00000136826,ENSG00000136828,ENSG00000136869,ENSG00000136888,ENSG00000136891,ENSG00000136928,ENSG00000136935,ENSG00000136999,ENSG00000137073,ENSG00000137094,ENSG00000137185,ENSG00000137309,ENSG00000137434,ENSG00000137486,ENSG00000137509,ENSG00000137693,ENSG00000137713,ENSG00000137807,ENSG00000137831,ENSG00000137834,ENSG00000137871,ENSG00000138246,ENSG00000138286,ENSG00000138363,ENSG00000138411,ENSG00000138413,ENSG00000138459,ENSG00000138463,ENSG00000138613,ENSG00000138646,ENSG00000138668,ENSG00000138942,ENSG00000139083,ENSG00000139197,ENSG00000139218,ENSG00000139263,ENSG00000139318,ENSG00000139405,ENSG00000139436,ENSG00000139618,ENSG00000139697,ENSG00000139719,ENSG00000139722,ENSG00000139974,ENSG00000140262,ENSG00000140264,ENSG00000140365,ENSG00000140382,ENSG00000140396,ENSG00000140443,ENSG00000140678,ENSG00000140853,ENSG00000140859,ENSG00000140873,ENSG00000140941,ENSG00000140961,ENSG00000141012,ENSG00000141076,ENSG00000141349,ENSG00000141367,ENSG00000141371,ENSG00000141384,ENSG00000141452,ENSG00000141522,ENSG00000141524,ENSG00000141543,ENSG00000141664,ENSG00000141741,ENSG00000141837,ENSG00000142192,ENSG00000142230,ENSG00000142599,ENSG00000142634,ENSG00000142661,ENSG00000142910,ENSG00000143198,ENSG00000143252,ENSG00000143322,ENSG00000143353,ENSG00000143549,ENSG00000143569,ENSG00000143578,ENSG00000143612,ENSG00000143751,ENSG00000143786,ENSG00000143850,ENSG00000143970,ENSG00000144118,ENSG00000144182,ENSG00000144320,ENSG00000144445,ENSG00000144455,ENSG00000144566,ENSG00000144567,ENSG00000144644,ENSG00000144659,ENSG00000144848,ENSG00000145349,ENSG00000145354,ENSG00000145545,ENSG00000145723,ENSG00000145725,ENSG00000145730,ENSG00000145919,ENSG00000146021,ENSG00000146112,ENSG00000146386,ENSG00000146476,ENSG00000146834,ENSG00000147082,ENSG00000147202,ENSG00000147416,ENSG00000147459,ENSG00000147592,ENSG00000147649,ENSG00000147872,ENSG00000148120,ENSG00000148444,ENSG00000148516,ENSG00000148677,ENSG00000148702,ENSG00000149016,ENSG00000149187,ENSG00000149231,ENSG00000149357,ENSG00000149474,ENSG00000149541,ENSG00000149657,ENSG00000149948,ENSG00000150457,ENSG00000150551,ENSG00000150625,ENSG00000150672,ENSG00000150967,ENSG00000150995,ENSG00000151014,ENSG00000151023,ENSG00000151229,ENSG00000151247,ENSG00000151458,ENSG00000151806,ENSG00000151893,ENSG00000152223,ENSG00000152382,ENSG00000152689,ENSG00000152804,ENSG00000153071,ENSG00000153113,ENSG00000153317,ENSG00000153339,ENSG00000153406,ENSG00000153485,ENSG00000153774,ENSG00000153815,ENSG00000154099,ENSG00000154102,ENSG00000154114,ENSG00000154133,ENSG00000154222,ENSG00000154380,ENSG00000154589,ENSG00000154803,ENSG00000155097,ENSG00000155099,ENSG00000155380,ENSG00000155506,ENSG00000155508,ENSG00000155906,ENSG00000156136,ENSG00000156140,ENSG00000156170,ENSG00000156206,ENSG00000156273,ENSG00000156502,ENSG00000156642,ENSG00000156711,ENSG00000156831,ENSG00000156875,ENSG00000156958,ENSG00000157216,ENSG00000157259,ENSG00000157368,ENSG00000157483,ENSG00000157538,ENSG00000157540,ENSG00000157554,ENSG00000157593,ENSG00000157680,ENSG00000157837,ENSG00000157873,ENSG00000158023,ENSG00000158109,ENSG00000158290,ENSG00000158526,ENSG00000158545,ENSG00000158683,ENSG00000158717,ENSG00000158987,ENSG00000159720,ENSG00000159788,ENSG00000159842,ENSG00000160209,ENSG00000160392,ENSG00000160410,ENSG00000160439,ENSG00000160584,ENSG00000160695,ENSG00000160714,ENSG00000160789,ENSG00000160886,ENSG00000160991,ENSG00000161011,ENSG00000161277,ENSG00000161533,ENSG00000161542,ENSG00000161547,ENSG00000161638,ENSG00000161835,ENSG00000161904,ENSG00000161921,ENSG00000161939,ENSG00000161996,ENSG00000162009,ENSG00000162066,ENSG00000162227,ENSG00000162241,ENSG00000162434,ENSG00000162521,ENSG00000162599,ENSG00000162641,ENSG00000162819,ENSG00000163093,ENSG00000163312,ENSG00000163319,ENSG00000163513,ENSG00000163565,ENSG00000163576,ENSG00000163577,ENSG00000163660,ENSG00000163681,ENSG00000163714,ENSG00000163743,ENSG00000163751,ENSG00000163755,ENSG00000163818,ENSG00000163870,ENSG00000163877,ENSG00000163945,ENSG00000163964,ENSG00000164032,ENSG00000164086,ENSG00000164144,ENSG00000164180,ENSG00000164209,ENSG00000164283,ENSG00000164291,ENSG00000164296,ENSG00000164331,ENSG00000164338,ENSG00000164463,ENSG00000164520,ENSG00000164574,ENSG00000164713,ENSG00000164733,ENSG00000164741,ENSG00000164867,ENSG00000164929,ENSG00000164933,ENSG00000164934,ENSG00000164949,ENSG00000164951,ENSG00000164961,ENSG00000165240,ENSG00000165322,ENSG00000165417,ENSG00000165502,ENSG00000165526,ENSG00000165655,ENSG00000165699,ENSG00000165702,ENSG00000165782,ENSG00000165943,ENSG00000165949,ENSG00000166086,ENSG00000166266,ENSG00000166272,ENSG00000166278,ENSG00000166340,ENSG00000166387,ENSG00000166473,ENSG00000166483,ENSG00000166501,ENSG00000166529,ENSG00000166532,ENSG00000166562,ENSG00000166689,ENSG00000166783,ENSG00000166825,ENSG00000166881,ENSG00000166886,ENSG00000166888,ENSG00000166889,ENSG00000166922,ENSG00000166949,ENSG00000166974,ENSG00000166979,ENSG00000166987,ENSG00000167178,ENSG00000167470,ENSG00000167491,ENSG00000167515,ENSG00000167522,ENSG00000167601,ENSG00000167671,ENSG00000167680,ENSG00000167695,ENSG00000167716,ENSG00000167755,ENSG00000167807,ENSG00000167895,ENSG00000167965,ENSG00000167977,ENSG00000168003,ENSG00000168214,ENSG00000168264,ENSG00000168282,ENSG00000168283,ENSG00000168439,ENSG00000168461,ENSG00000168610,ENSG00000168675,ENSG00000168813,ENSG00000168944,ENSG00000168958,ENSG00000169016,ENSG00000169057,ENSG00000169087,ENSG00000169136,ENSG00000169217,ENSG00000169248,ENSG00000169359,ENSG00000169413,ENSG00000169429,ENSG00000169682,ENSG00000169696,ENSG00000169756,ENSG00000169813,ENSG00000169914,ENSG00000169976,ENSG00000170190,ENSG00000170271,ENSG00000170296,ENSG00000170323,ENSG00000170365,ENSG00000170502,ENSG00000170776,ENSG00000170832,ENSG00000170852,ENSG00000170889,ENSG00000171045,ENSG00000171055,ENSG00000171204,ENSG00000171298,ENSG00000171388,ENSG00000171421,ENSG00000171467,ENSG00000171497,ENSG00000171612,ENSG00000171634,ENSG00000171735,ENSG00000171791,ENSG00000171840,ENSG00000171988,ENSG00000172159,ENSG00000172183,ENSG00000172270,ENSG00000172301,ENSG00000172354,ENSG00000172456,ENSG00000172578,ENSG00000172613,ENSG00000172661,ENSG00000172725,ENSG00000172977,ENSG00000173065,ENSG00000173068,ENSG00000173113,ENSG00000173153,ENSG00000173214,ENSG00000173258,ENSG00000173334,ENSG00000173482,ENSG00000173511,ENSG00000173545,ENSG00000173597,ENSG00000173660,ENSG00000173692,ENSG00000173726,ENSG00000173889,ENSG00000173950,ENSG00000174004,ENSG00000174059,ENSG00000174327,ENSG00000174738,ENSG00000174791,ENSG00000174796,ENSG00000174799,ENSG00000174839,ENSG00000174840,ENSG00000174844,ENSG00000174898,ENSG00000175061,ENSG00000175197,ENSG00000175283,ENSG00000175471,ENSG00000175556,ENSG00000175746,ENSG00000175782,ENSG00000176014,ENSG00000176095,ENSG00000176105,ENSG00000176170,ENSG00000176261,ENSG00000176809,ENSG00000176834,ENSG00000176871,ENSG00000176978,ENSG00000176994,ENSG00000177000,ENSG00000177150,ENSG00000177189,ENSG00000177225,ENSG00000177302,ENSG00000177311,ENSG00000177406,ENSG00000177425,ENSG00000177628,ENSG00000177646,ENSG00000177993,ENSG00000178127,ENSG00000178177,ENSG00000178252,ENSG00000178462,ENSG00000178607,ENSG00000178741,ENSG00000178852,ENSG00000178878,ENSG00000178904,ENSG00000178982,ENSG00000179262,ENSG00000179528,ENSG00000179598,ENSG00000179776,ENSG00000179817,ENSG00000179832,ENSG00000179981,ENSG00000180011,ENSG00000180185,ENSG00000180667,ENSG00000180891,ENSG00000181315,ENSG00000181826,ENSG00000182004,ENSG00000182117,ENSG00000182179,ENSG00000182831,ENSG00000182923,ENSG00000183283,ENSG00000183323,ENSG00000183520,ENSG00000183615,ENSG00000183621,ENSG00000184428,ENSG00000184470,ENSG00000184507,ENSG00000184584,ENSG00000184640,ENSG00000184677,ENSG00000184697,ENSG00000185070,ENSG00000185104,ENSG00000185158,ENSG00000185238,ENSG00000185504,ENSG00000185567,ENSG00000185624,ENSG00000185875,ENSG00000185883,ENSG00000185896,ENSG00000185920,ENSG00000185950,ENSG00000186063,ENSG00000186174,ENSG00000186198,ENSG00000186301,ENSG00000186451,ENSG00000186480,ENSG00000186635,ENSG00000186716,ENSG00000186889,ENSG00000186952,ENSG00000187109,ENSG00000187147,ENSG00000187566,ENSG00000187609,ENSG00000187688,ENSG00000188130,ENSG00000188186,ENSG00000188229,ENSG00000188295,ENSG00000188312,ENSG00000188342,ENSG00000188396,ENSG00000188419,ENSG00000188511,ENSG00000188522,ENSG00000188603,ENSG00000188677,ENSG00000188820,ENSG00000188994,ENSG00000189167,ENSG00000189410,ENSG00000196209,ENSG00000196220,ENSG00000196230,ENSG00000196236,ENSG00000196267,ENSG00000196295,ENSG00000196365,ENSG00000196456,ENSG00000196550,ENSG00000196628,ENSG00000196739,ENSG00000196754,ENSG00000196793,ENSG00000196865,ENSG00000196954,ENSG00000196975,ENSG00000197045,ENSG00000197046,ENSG00000197063,ENSG00000197081,ENSG00000197099,ENSG00000197355,ENSG00000197375,ENSG00000197417,ENSG00000197588,ENSG00000197646,ENSG00000197798,ENSG00000197852,ENSG00000197912,ENSG00000197956,ENSG00000198000,ENSG00000198106,ENSG00000198130,ENSG00000198270,ENSG00000198301,ENSG00000198373,ENSG00000198382,ENSG00000198517,ENSG00000198589,ENSG00000198625,ENSG00000198643,ENSG00000198677,ENSG00000198715,ENSG00000198794,ENSG00000198795,ENSG00000198815,ENSG00000198853,ENSG00000198894,ENSG00000198964,ENSG00000199426,ENSG00000200526,ENSG00000200953,ENSG00000201821,ENSG00000203446,ENSG00000203635,ENSG00000203688,ENSG00000203804,ENSG00000204054,ENSG00000204103,ENSG00000204116,ENSG00000204120,ENSG00000204161,ENSG00000204371,ENSG00000204386,ENSG00000204403,ENSG00000204568,ENSG00000204569,ENSG00000204576,ENSG00000204590,ENSG00000204628,ENSG00000204634,ENSG00000204673,ENSG00000204872,ENSG00000204954,ENSG00000205302,ENSG00000205336,ENSG00000205444,ENSG00000205562,ENSG00000205765,ENSG00000205903,ENSG00000206028,ENSG00000206560,ENSG00000206562,ENSG00000206814,ENSG00000207505,ENSG00000207614,ENSG00000207714,ENSG00000207808,ENSG00000207980,ENSG00000211584,ENSG00000211791,ENSG00000211882,ENSG00000212348,ENSG00000212588,ENSG00000213022,ENSG00000213024,ENSG00000213281,ENSG00000213614,ENSG00000213638,ENSG00000213699,ENSG00000213928,ENSG00000213930,ENSG00000214022,ENSG00000214063,ENSG00000214174,ENSG00000214331,ENSG00000214655,ENSG00000214944,ENSG00000215067,ENSG00000215154,ENSG00000215159,ENSG00000215305,ENSG00000215908,ENSG00000217128,ENSG00000217801,ENSG00000218180,ENSG00000218358,ENSG00000219200,ENSG00000219722,ENSG00000220378,ENSG00000221400,ENSG00000221823,ENSG00000221883,ENSG00000221947,ENSG00000221955,ENSG00000221983,ENSG00000222000,ENSG00000222009,ENSG00000222095,ENSG00000222338,ENSG00000222378,ENSG00000222610,ENSG00000223223,ENSG00000223485,ENSG00000223552,ENSG00000223660,ENSG00000223891,ENSG00000223999,ENSG00000224063,ENSG00000224077,ENSG00000224173,ENSG00000224247,ENSG00000224609,ENSG00000224649,ENSG00000225190,ENSG00000225364,ENSG00000225458,ENSG00000225663,ENSG00000225760,ENSG00000226017,ENSG00000226200,ENSG00000226312,ENSG00000226380,ENSG00000226397,ENSG00000226419,ENSG00000226476,ENSG00000226629,ENSG00000226648,ENSG00000226791,ENSG00000226935,ENSG00000226950,ENSG00000227258,ENSG00000227301,ENSG00000227456,ENSG00000227477,ENSG00000227500,ENSG00000227630,ENSG00000228015,ENSG00000228063,ENSG00000228140,ENSG00000228201,ENSG00000228436,ENSG00000228451,ENSG00000228495,ENSG00000228667,ENSG00000228701,ENSG00000229056,ENSG00000229263,ENSG00000229327,ENSG00000229339,ENSG00000229512,ENSG00000229611,ENSG00000229912,ENSG00000229923,ENSG00000229983,ENSG00000230024,ENSG00000230109,ENSG00000230269,ENSG00000230479,ENSG00000230524,ENSG00000230613,ENSG00000230943,ENSG00000231046,ENSG00000231294,ENSG00000231721,ENSG00000232284,ENSG00000232310,ENSG00000232359,ENSG00000232453,ENSG00000232838,ENSG00000232892,ENSG00000232926,ENSG00000233016,ENSG00000233058,ENSG00000233096,ENSG00000233117,ENSG00000233222,ENSG00000233255,ENSG00000233276,ENSG00000233825,ENSG00000234456,ENSG00000234784,ENSG00000235011,ENSG00000235083,ENSG00000235084,ENSG00000235092,ENSG00000235172,ENSG00000235194,ENSG00000235448,ENSG00000235453,ENSG00000235618,ENSG00000235652,ENSG00000235763,ENSG00000235770,ENSG00000235852,ENSG00000235885,ENSG00000236091,ENSG00000236283,ENSG00000236364,ENSG00000236393,ENSG00000236432,ENSG00000236453,ENSG00000236724,ENSG00000236829,ENSG00000236947,ENSG00000237013,ENSG00000237149,ENSG00000237301,ENSG00000237461,ENSG00000237596,ENSG00000237649,ENSG00000237797,ENSG00000237840,ENSG00000237864,ENSG00000237945,ENSG00000237975,ENSG00000238019,ENSG00000238164,ENSG00000238260,ENSG00000239739,ENSG00000239857,ENSG00000240470,ENSG00000240687,ENSG00000240875,ENSG00000240990,ENSG00000241258,ENSG00000241490,ENSG00000241878,ENSG00000241933,ENSG00000242012,ENSG00000242052,ENSG00000242147,ENSG00000242485,ENSG00000242522,ENSG00000242622,ENSG00000242802,ENSG00000243029,ENSG00000243193,ENSG00000243243,ENSG00000243943,ENSG00000244476,ENSG00000244573,ENSG00000244625,ENSG00000244926,ENSG00000245025,ENSG00000245322,ENSG00000245522,ENSG00000245532,ENSG00000245651,ENSG00000248092,ENSG00000248296,ENSG00000248503,ENSG00000248578,ENSG00000248599,ENSG00000248884,ENSG00000248925,ENSG00000249417,ENSG00000249502,ENSG00000249786,ENSG00000249816,ENSG00000249915,ENSG00000250072,ENSG00000250129,ENSG00000250295,ENSG00000250644,ENSG00000251002,ENSG00000251003,ENSG00000251011,ENSG00000251413,ENSG00000251432,ENSG00000251562,ENSG00000251569,ENSG00000251835,ENSG00000251888,ENSG00000252660,ENSG00000252827,ENSG00000252904,ENSG00000252956,ENSG00000252994,ENSG00000253028,ENSG00000253214,ENSG00000253227,ENSG00000253522,ENSG00000253543,ENSG00000253552,ENSG00000253616,ENSG00000253669,ENSG00000253822,ENSG00000253851,ENSG00000253997,ENSG00000254028,ENSG00000254324,ENSG00000254365,ENSG00000254409,ENSG00000254477,ENSG00000254481,ENSG00000254485,ENSG00000254552,ENSG00000254635,ENSG00000254642,ENSG00000254780,ENSG00000254952,ENSG00000254979,ENSG00000255270,ENSG00000255284,ENSG00000255355,ENSG00000255491,ENSG00000255507,ENSG00000255508,ENSG00000255572,ENSG00000255874,ENSG00000256050,ENSG00000256083,ENSG00000256092,ENSG00000256116,ENSG00000256226,ENSG00000256803,ENSG00000256861,ENSG00000256950,ENSG00000257219,ENSG00000257242,ENSG00000257261,ENSG00000257315,ENSG00000257443,ENSG00000257746,ENSG00000257893,ENSG00000257999,ENSG00000258017,ENSG00000258056,ENSG00000258082,ENSG00000258096,ENSG00000258183,ENSG00000258311,ENSG00000258451,ENSG00000258531,ENSG00000258553,ENSG00000258580,ENSG00000258623,ENSG00000258728,ENSG00000258791,ENSG00000258820,ENSG00000258922,ENSG00000258945,ENSG00000259066,ENSG00000259072,ENSG00000259080,ENSG00000259125,ENSG00000259164,ENSG00000259182,ENSG00000259277,ENSG00000259289,ENSG00000259426,ENSG00000259438,ENSG00000259709,ENSG00000259712,ENSG00000259727,ENSG00000259784,ENSG00000259956,ENSG00000260005,ENSG00000260170,ENSG00000260219,ENSG00000260273,ENSG00000260339,ENSG00000260430,ENSG00000260517,ENSG00000260604,ENSG00000260729,ENSG00000261067,ENSG00000261195,ENSG00000261253,ENSG00000261392,ENSG00000261431,ENSG00000261449,ENSG00000261526,ENSG00000261645,ENSG00000261692,ENSG00000261693,ENSG00000261713,ENSG00000261832,ENSG00000262001,ENSG00000262050,ENSG00000262222,ENSG00000262231,ENSG00000262246,ENSG00000262304,ENSG00000262370,ENSG00000263013,ENSG00000263293,ENSG00000263370,ENSG00000263683,ENSG00000263816,ENSG00000263828,ENSG00000264070,ENSG00000264141,ENSG00000264175,ENSG00000264187,ENSG00000264300,ENSG00000264448,ENSG00000264522,ENSG00000264767,ENSG00000265470,ENSG00000265688,ENSG00000265799,ENSG00000266028,ENSG00000266053,ENSG00000266173,ENSG00000266313,ENSG00000266401,ENSG00000266495,ENSG00000266509,ENSG00000266835,ENSG00000266929,ENSG00000267100,ENSG00000267175,ENSG00000267199,ENSG00000267213,ENSG00000267279,ENSG00000267375,ENSG00000267519,ENSG00000267551,ENSG00000267583,ENSG00000267673,ENSG00000267751,ENSG00000267764,ENSG00000267879,ENSG00000267882,ENSG00000267927,ENSG00000268066,ENSG00000268129,ENSG00000268355,ENSG00000269086,ENSG00000269741,ENSG00000269858,ENSG00000269897,ENSG00000269904,ENSG00000270002,ENSG00000270049,ENSG00000270050,ENSG00000270069,ENSG00000270174,ENSG00000270194,ENSG00000270292,ENSG00000270419,ENSG00000270480,ENSG00000270504,ENSG00000270648,ENSG00000270792,ENSG00000270874,ENSG00000271237,ENSG00000271259,ENSG00000271332,ENSG00000271717,ENSG00000271780,ENSG00000272008,ENSG00000272023,ENSG00000272168,ENSG00000272186,ENSG00000272247,ENSG00000272393,ENSG00000272677,ENSG00000272688,ENSG00000272689,ENSG00000272948,ENSG00000272966,ENSG00000273064,ENSG00000273102,ENSG00000273155,ENSG00000273210,ENSG00000273217,ENSG00000273320,ENSG00000273345,ENSG00000273348,ENSG00000273355,ENSG00000273408,ENSG00000273464,ENSG00000273492,ENSG00000273654,ENSG00000273702,ENSG00000273783,ENSG00000273961,ENSG00000274029,ENSG00000274086,ENSG00000274213,ENSG00000274322,ENSG00000274712,ENSG00000274834,ENSG00000275066,ENSG00000275491,ENSG00000275562,ENSG00000275709,ENSG00000275832,ENSG00000275874,ENSG00000276170,ENSG00000276317,ENSG00000276405,ENSG00000276496,ENSG00000276753,ENSG00000276991,ENSG00000277108,ENSG00000277161,ENSG00000277258,ENSG00000277350,ENSG00000277581,ENSG00000277653,ENSG00000277688,ENSG00000277734,ENSG00000277981,ENSG00000278017,ENSG00000278050,ENSG00000278144,ENSG00000278146,ENSG00000278259,ENSG00000278334,ENSG00000278438,ENSG00000278546,ENSG00000278607,ENSG00000278962,ENSG00000279048,ENSG00000279140,ENSG00000279259,ENSG00000279320,ENSG00000279362,ENSG00000279584,ENSG00000279901,ENSG00000279927,ENSG00000280155,ENSG00000280326,ENSG00000280671,ENSG00000280890,ENSG00000282602,ENSG00000282849,ENSG00000283156,ENSG00000283265,ENSG00000283442,ENSG00000283597,ENSG00000283629
GENE_SYMBOLS	ALS2,SLC25A13,DVL2,SKAP2,HOXA11,PRKAR2B,ZNF263,PHTF2,FARP2,VPS41,CDKL3,RHBDF1,TSR3,MED24,METTL13,DYRK4,STAB1,BTK,CLCN6,ERCC1,CD22,TACC3,POLA2,NUDCD3,PHLDB1,SAMD4A,ABCC2,PLEKHO1,MIPEP,PRKCH,TFB1M,GRN,ARHGAP31,ALG1,ATP6V0A1,NSMAF,NSUN2,RAI14,PNKP,SLC66A1,CTNS,TG,CTNNA1,WDR37,ATP6V1H,CP,MAP4,HDAC9,ADAMTS6,LTBP1,HEXB,FHIP1B,HERPUD1,AKR7A2,USP36,PUM2,TMCC3,CDK14,ZC3H11A,SLC2A3,NCKAP1,VMP1,SEZ6,EIF4B,ADCK1,HAGH,ST3GAL6,CTSA,FAR2,AP3D1,ZNF76,OAT,ATXN3,MSANTD3,KLF6,CACNB1,PKM,NAV3,MAPK6,AP3M2,ATP2B1,SNX13,CYBRD1,AFF4,NFATC3,STK10,MCM2,CD5L,PICALM,MGLL,FOSL2,WDR62,RAB7A,TM9SF3,PPP1R12B,ACTN2,GPR137B,SYNJ2,HOXA9,EDN1,ZCWPW1,PCM1,RUNX1T1,SP140,TNS1,RAPGEF3,PGM1,RAB21,HSP90AA1,CXCL2,OSTM1,MEF2C,STRADB,TRAF5,XPO1,KAT6A,OXCT1,RRAGB,SSH1,MGST2,NFX1,HSD17B14,TRIP6,FTL,BAX,RFX2,GP6,KHSRP,DOCK9,FKBP1A,ERP29,ZBTB25,MAEA,ICAM1,GNPTG,MCOLN1,EXOC1,OSBPL8,LAMB4,TXNL1,SLC7A8,OSGEP,TRPM7,TBX15,MFSD11,NUP188,SH2D3C,SORBS1,WAC,CREM,HIVEP1,EFHC1,SIRT1,ACOT7,NRP1,WASHC2A,TIMM13,KLHL22,MED15,BCL2L13,RNF215,MAPK1,MFNG,HPS4,SRRD,MICALL1,JOSD1,PACSIN2,HMOX1,RBFOX2,MYH9,TNRC6B,ST13,EP300,ATP6V1D,HIF1A,ACIN1,APEX1,NFATC4,TRPC4AP,ABHD12,STK4,TRIB3,DHX35,VAPA,LPIN2,MYL12A,RNMT,ANKRD12,TBL1X,FMR1,PGK1,GLA,ACP5,MRPS31,ACOD1,MAPK3,PHKB,SLC38A7,VAC14,ESRP2,CMC2,HCFC1R1,MPG,HSDL1,NAGPA,CLCN7,SLC7A5,FBXO31,CLUAP1,USP31,CORO7-PAM16,STX4,SPG11,VPS18,BLOC1S6,EMC2,SNX16,BNIP3L,MAP4K1,HNRNPL,RELB,FCGRT,TBC1D17,IL4I1,ILVBL,PLD3,PIAS4,CCDC9,NAPA,CARD8,LIG1,DBP,TNPO2,MAST1,HPN,AVL9,NAMPT,HBP1,DNAH11,STEAP1B,HOXA5,CPED1,GARS1,SNX8,WASL,FBXO24,LSM5,SERPINE1,,CHCHD3,LIMK1,SUSD1,TBC1D13,KDM4C,FUBP3,UBE2R2,HPS1,EIF3A,MICU1,TNKS2,RPL19,CSF3,TRIM37,ENO3,PFN1,ICAM2,NAGLU,HDAC5,DUSP3,CRACD,LAMTOR3,UBE2D3,TBC1D9,INPP4B,RAPGEF2,KLF3,KLHL5,HTATIP2,MTCH2,FNBP4,EHD1,CEP164,ACCS,SLC67A1,HPS5,GTF2H1,PSMD9,CLEC2B,CORO1C,PPM1H,ELK3,SLC6A12,CDKN1B,LTBR,GAPDH,ACRBP,HCFC2,COL12A1,TDP2,GCNT2,ADTRP,ACOT13,C6orf62,GMNN,CUTA,QKI,CUL9,DNPH1,COX7A2,ERBIN,NNT,DROSHA,LMNB1,SUB1,GNPDA1,C9,HMGXB3,ATP6V0E1,CRBN,ACAP2,BBX,GBE1,ATP6V1A,PLSCR4,MAPKAPK3,SSR3,EIF4G1,PIKFYVE,CENPA,ACVR1,NRBP1,CLIP4,EFEMP1,STAT1,CNPPD1,ID2,PLEKHB2,RND3,TRAK2,EPAS1,EPHA4,MARK1,CACYBP,ARHGEF2,WLS,ZBTB17,MRPS15,RRAGC,KLHL12,KIF17,ECE1,GALE,PRPF3,ATP6V0B,PRRC2C,UTP25,STMN1,CTSD,UBE3D,PHF3,FBXO30,TNFAIP3,RAB32,SGK1,MED28,SLC16A7,MFSD1,HS1BP3,UBE2B,PTPA,NEK6,MAPKAP1,DENND1A,CNRIP1,IFIT3,SMNDC1,DUSP1,PANK3,MTHFD1L,MYCT1,CYSTM1,ARAP3,KIAA1217,SPART-AS1,TGFBI,GLT8D2,DUSP4,TRIM25,PDZRN3,NAA50,TBC1D15,KHDRBS1,CCRL2,GTDC1,BBS9,HOXA7,CLTA,CYREN,CALD1,PLAU,ECD,SLC25A16,VPS26A,RBM19,DDX54,CDKN2C,ITPR2,DDX39A,GIPC1,SPATS2,LRP1,TUBA1B,SLC36A1,FAM124B,NCOA3,PIGT,GTSF1L,ARFGEF2,PPP4R1L,NEURL2,PEPD,USP9X,F13A1,SSR1,OPN5,MT2A,DMAC2L,GZF1,BFSP1,MAX,PCID2,KRT36,NR1D1,PRDX5,ZNF384,PCNX4,RHOJ,ZBTB1,TRMT5,PZP,RHOT1,HNRNPH2,ARMCX1,CANX,HIVEP3,BEST3,ATF4,HOXD10,WDFY4,ALDH1A2,CLN6,ANAPC13,CD68,PHF20L1,ILF3,MTUS1,SEC14L1,PGAP6,SH3BP4,GADD45G,USHBP1,GDF15,POMT1,ZC3H4,CLIP1,UBE4B,ATP6V1E1,CAP1,PPT1,SH3BP5,TBC1D5,CAPN7,SLC6A6,RPL27,DIAPH1,RARA,LRRC41,CLUH,PNISR,TRIM47,PCED1A,OSER1,ALOX5AP,SPART,SRRM1,MORC2,MYO18B,C1QTNF6,ATP13A3,SWAP70,AMPD3,CATSPERB,EIF2S1,ELP3,THUMPD3,BHLHE40,ARL8B,EDEM1,TRPM1,SLC38A2,TMEM241,SPOCD1,ELP2,APC,NREP,ENTREP1,KCP,CEP162,SYNCRIP,PRR5L,CD63,ITGA7,BLOC1S1,CDK4,CD164,AHI1,SMYD5,GNS,MDM2,STX6,LAMC1,REV1,TSGA10,WASHC4,RCBTB1,SPRY2,RCBTB2,IGF2BP3,SKIL,UGGT1,LRRC8A,KLF4,RALGPS1,TLR4,ATP6V1G1,TEX10,GABBR2,GOLGA1,CCN3,UBAP2,DNAJB5,ZSCAN9,HMGA1,C6orf52,ARRB1,PRCP,YAP1,PPP2R1B,KIF23,UACA,SMAD6,ZNF280D,DNAJC13,FAM149B1,ATIC,HECW2,IDH1,SLC35A5,SLC49A4,APH1B,HERC5,HNRNPD,RNF185,ETV6,PEX5,SCAF11,LRIG3,DUSP6,RITA1,GIT2,BRCA2,SBNO1,VPS33A,VPS37B,SLC38A6,TCF12,SERF2,COMMD4,HMG20A,NCOA2,IGF1R,ITGAX,NLRC5,KIFC3,ADAMTS18,MAP1LC3B,OSGIN1,GALNS,UTP4,G6PC3,CLTC,CHCT1,TAF4B,RMC1,ARHGDIA,TMC6,EIF4A3,ZCCHC2,MIEN1,CACNA1A,APP,SAE1,RERE,EFHD2,MYOM3,TINAGL1,MGST3,SDHC,ABL2,LYPLAL1,TPM3,UBAP2L,CREB3L4,C1orf43,SDE2,CNIH3,PLEKHA6,ASXL2,RALB,LIPT1,LNPK,KANSL1L,SUMF1,RAB5A,RETREG2,GADL1,SLC25A38,ATG3,CAMK2D,CISD2,SRD5A1,GIN1,PPIP5K2,PAM,BOD1,KLHL3,PPP1R18,ABRACL,ARMT1,MEPCE,CCNB3,DIAPH2,ATP6V1B2,DOCK5,LACTB2,MTDH,PLIN2,AOPEP,COMMD3,ZEB1,ANKRD1,HABP2,TUT1,CELF1,CCDC82,LAMTOR1,KAT14,B3GAT3,LSM14B,HMGA2,LATS2,LYPD1,GPM6A,DLG2,ABCB9,ITPR1,NOCT,ENKUR,SLC2A13,EIF4E,ANKRD50,GUF1,CACUL1,EPG5,TADA1,RASGRP3,HHEX,DAB2,CAST,ASAP1,TRAPPC8,NMRAL1,LYSET,CFDP1,CMIP,DNAAF1,C16orf74,TBCEL,ROBO4,CC2D1B,ENAH,LY96,FLCN,ATP6V1C1,PIP4P2,SLC16A1,LARP1,CNOT8,RMND1,DCK,ADAMTS3,NDUFAF6,CFAP161,BACH1,SUPV3L1,NPTN,MAPK13,NSMCE2,MFSD14A,GALK2,SSBP3,GATAD1,IL34,MYO1E,VPS26C,DYRK1A,ERG,SLC35B2,DGKI,SPPL3,TNFRSF14,CFAP251,TPRG1L,CUL4B,TSR2,ZC3H18,PKD1L1,RNF166,RAPGEF6,ATP6V0D1,RGS12,ABR,PDXK,C19orf47,SHKBP1,RDH13,SIK3,VPS11,UBE2Q1,LMNA,LY6K,ORAI2,SQSTM1,THAP8,ACOX1,PRPSAP1,SRSF2,ITGA5,TAMALIN,LEMD2,CXCL16,RNASEK-C17orf49,WDR90,SSTR5,AMDHD2,TAF6L,SLC25A45,JAK1,RBBP4,NFIA,AKNAD1,BROX,BBS5,HELQ,MRPS18C,TGFBR2,IFI16,EFHB,EIF5A2,CCNL1,SLMAP,U2SURP,RCHY1,CPA3,HPS3,LZTFL1,TPRA1,SNIP1,UVSSA,PIGX,H2AZ1,DUSP7,ARFIP1,TMEM161B,SLC25A46,ESM1,ARSK,TIGD6,ANKRA2,UTP15,CREBRF,RAET1E,GALNT10,BRI3,CTSB,DLC1,NOS3,BAALC,SLC25A32,DCAF13,GEM,PDP1,WASHC5,ATP7A,ARHGAP12,GTF2A1,RPL36AL,RPUSD4,ZNF503,TSC1,GFI1B,PIP4P1,MOAP1,IFI27,JAM3,CUL5,WBP1L,C2,TPP1,PPFIBP2,PKD1L2,WEE1,PRKCB,ZSCAN21,RIMKLB,SEC11C,PLEKHA7,MARF1,ANPEP,NEMP1,NAB2,STAT6,PATL1,SCG5,SMAD3,MAPRE2,EVA1C,MBD6,ISLR2,MIDN,GATAD2A,TRAPPC2L,ANKRD11,AXL,UBXN6,SEMA6B,TLCD3A,WDR81,KLK6,,TMC8,MLST8,KCTD5,SLC3A2,RBPJ,IRF2BP2,MGAT2,BMI1,STIP1,RAB31,STAT3,LDLRAD4,ZNF507,CEP120,MFF,E2F6,MECP2,HSPBAP1,ATF5,CD2BP2,CXCL11,SLC33A1,RNASE6,CXCL8,SPNS1,ASPSCR1,LIMS1,HNRNPF,OTUD3,SF3B5,SLC16A5,FAXDC2,GABARAP,FABP4,SMAD1,NUDT9,AKAP13,USP32,KBTBD2,RPS9,TSNARE1,FEZ2,TMEM126B,GAA,APLN,MRPL36,ZNF318,PPID,SLC25A33,BPTF,CAMTA1,BCL2,NINJ2,JMJD1C,FRMD3,ISG20,BSG,COPRS,GNB2,FGGY,KLHL6,RAD9A,WASHC2C,CORO1B,KAT5,FAM222B,BNC2,TRMT112,ESRRA,MFSD4B,ZNF483,TRIB1,PTPRM,VEGFB,ZNF622,SULT1B1,UQCRH,PSMD1,TOMM20,PHC3,XXYLT1,NRROS,CD34,SLC16A13,NR1D2,RIN1,THAP6,CEP135,DENND6A,PDE12,DNAH12,CATSPERD,SNHG29,DDIT3,DOLK,MCTP1,LONRF3,LINC02915,SLC35E3,TUBB6,IP6K1,YES1,SPHK1,ZBTB8OS,LRRC37A3,VSIG10,WSB2,DPP7,SMCR8,MTHFR,FAM210A,RPS6KA3,GATD1,TOP3A,ZBTB38,NINJ2-AS1,PAWR,GBA1,ACAD9,ZNRF3-AS1,NDUFV2,LCORL,WDR6,TUBAL3,ERN1,COX5A,EFCAB13,APOLD1,DPY19L3,EIF3K,RAD23A,LBX2,PLD6,CDH5,MRGPRX4,MROH1,TSHZ1,PTGR3,FAHD1,YOD1,CUEDC1,ZNF322,RELL1,SNRPE,NOP10,UBA7,HAPSTR1,CEP63,DAZAP2,CCDC125,UTP11,FAM167B,ZNF438,TOP1MT,TXNRD2,NUTM1,STING1,SEPTIN9,ZBTB40,CLDN6,FLRT2,FAF1,LRRC37B,PRMT3,FAAP100,AHNAK2,P4HB,THNSL1,ATP6V0C,LAMP1,PTCH1,IRS2,AIDA,BCL9L,SLC51B,MST1P2,SPATA12,INSIG1,ARAP1,BCR,TMEM17,TMEM232,NAP1L1,RNF220,NHLRC1,EXD3,TRPV2,MAPK12,LAMTOR4,TUBB4B,ZNF669,CENPP,GTF2F2,DYNLT4,CHM,MIR3667HG,FAM83G,CLN3,PARVB,CALHM6,ZNF292,ZAR1L,SH2D5,SIRPB2,SRGAP3,TUBB,XPNPEP3,ZNF836,GARS1-DT,LONP1,ZNF775,FAM72A,TCF4,COL27A1,S100A2,ZNF239,NHLRC2,CASP4,ANXA4,GMFB,SIGLEC15,MAFG,IGF2R,HRG-AS1,UAP1L1,SLC22A5,SHPK,KLKP1,PDCD1LG2,FAM118B,INKA2,SPG7,S100A6,NOL8,,HIBCH,TMEM116,SDAD1,WWP2,UVRAG,MAFK,LRBA,MDM4,FAM3D,SKIC3,GLMP,SCAMP5,ZNF521,FOXJ3,RUSC2,CIPC,SGMS1,RNU1-108P,RNY4P14,,RNU4-9P,SUGCT-AS1,,LINC02487,ADAMTSL4-AS1,LINC00963,MAFB,CHIC1,GIGYF2,TMEM273,EHMT2,NEU1,CASP12,MRPS18B,PPP1R10,PRR3,GNL1,RACK1,TBC1D8,AKT1S1,NAT8B,UQCC6,SNX2,ADGRG1,KU-MEL-3,FLRT2-AS1,RIMOC1,ZNF316,,ANKRD28,METTL6,,RNU6-1105P,MIR193A,MIR584,MIR27A,MIR23A,SLC48A1,TRAV13-2,TRAJ7,RNU6-1300P,SNORA26,KLK9,NUP62,NRAS,HEXA,ADAT3,SLC35F6,IRF9,GALT,REPIN1,TSPAN4,AMZ2P1,PDPR2P,ZSWIM8,ARHGEF28,,,,VPS16,CROCCP2,FNIP1,,SLC25A5P7,RAET1K,RNASEK,RPL26P20,KRT8P42,SNORD3J,PPP3R1,ARIH2OS,XKR9,SLC12A8,UBA52,,BTBD19,ENSG00000222095,RNU6-174P,RNA5SP44,RNU6-402P,RN7SKP192,LINC01615,CCR5AS,,OSER1-DT,,CALCRL-AS1,,LINC02831,,FGGY-DT,,PLEKHM1,ATP6V0E1P1,,MCRIP1,LINC00431,PRICKLE2-AS3,SGMS1-AS1,CFLAR-AS1,,LINC02909,SLC16A1-AS1,LINC01748,LINC00974,PLCG1-AS1,LINC02611,LINC00161,DANCR,SMIM2-AS1,,LINC00310,STK4-DT,SCAMP4,LINC01132,,LYPLAL1-DT,EFHD2-AS1,,RRAGC-DT,SDAD1P1,LINC01013,,TNKS2-DT,HECW2-AS1,,EPC1-AS1,RPL7AP83,,,,,,,LINC02643,LINC02525,LNCTSI,COL6A4P1,HM13-AS1,LINC02541,MFSD4B-DT,,LINC-PINT,GNG12-AS1,LINC03002,,LINC02777,PET117,RGS5-AS1,RPL8P5,SNHG7,ATP13A3-DT,,LINC00702,,,GPX1,EPC1-AS2,MAGI2-AS3,,,,CHCHD2P6,ID2-AS1,LINC01366,PPP1R3E,LURAP1L-AS1,SMIM27,FAM21EP,EPM2A-DT,SNRPGP5,LINC00607,,LINC01828,LINC02243,,,LINC03099,MFF-DT,,,,,LINC01812,ZNF503-AS2,,,PDE7B-AS1,KIFC1,MACORIS,FAM21FP,LINC00322,LINC00649,,,TNFRSF14-AS1,,,GET4,RN7SL346P,ENSG00000240687,,HOXA11-AS,CRCP,,PISD,DENND6A-DT,,RPL10P7,LASTR,MRPL20,KLHL6-AS1,GSK3B-DT,AP5Z1,RN7SL635P,PRKAR2B-AS1,,ZNF512,ERVFRD-1,RPL30P11,MIATNB,ALKBH3-AS1,RHOBTB2-AS1,H2AZ1-DT,LINC02709,NEAT1,ENSG00000245651,NNT-AS1,,C4orf46P2,NPM1P21,SLEAR,ENSG00000248884,PDCD6-DT,,MED28-DT,EAF1-AS1,LINC00964,PDCD6,SH3TC2-DT,,RDH10-AS1,,TRD-AS1,ZFPM2-AS1,TMEM108-AS1,,LINC02615,MALAT1,,RNU6ATAC32P,RN7SKP190,,RN7SKP11,ENSG00000252904,RNA5SP40,RNU6-1231P,ENSG00000253028,ENSG00000253214,,MIR3142HG,,HOXA-AS2,,GASAL1,IGLV3-24,,,,MIR151A,,,,PTP4A2P2,,XIRP2-AS1,WAC-AS1,COX6CP5,,LINC02705,,NAV2-IT1,GATD1-DT,PATL1-DT,ENSG00000255491,,,,PRECSIT,,,SBNO1-AS1,,,,,,LNCOG,LINC01619,SLC38A4-AS1,ZBED6,LRIG3-DT,ENSG00000257746,LINC02404,,TUBA1B-AS1,CD63-AS1,LINC03108,SLC38A2-AS1,LINC02392,,EGILA,BANF1P1,PCNX4-DT,,RAD51B-AS1,,LINC00520,,,,,ENSG00000259072,,LRP1-AS,,ENSG00000259182,,SMASR,KIF23-AS1,MAPK6-DT,,,,,RBM15B,TEPSIN-AS1,,CD2BP2-DT,,HEXA-AS1,,,TGILR,,,IQCK-AS1,,,DHX35-DT,,,DISC1FP1,,,SSTR5-AS1,CLN3,DLGAP1-AS2,,,ENSG00000262231,CORO7,,,,EFCAB13-DT,ENSG00000263370,,MIR548AW,MIR4439,DND1P1,MIR3928,MIR3189,,,MIR378D2HG,OTUD7B,RN7SL237P,MIR548AQ,MILIP,,SRGAP2,NDUFV2-AS1,STRADA,LINC03146,DLGAP1-AS6,,MIR3934,GAPLINC,,ILF3-DT,,,DPY19L3-DT,,,MIR23AHG,GNA15-DT,ZNF24TR,FDX2,BSG-AS1,CTIF-AS1,,ENSG00000267882,,FMR1-AS1,ENSG00000268129,LINC01480,LINC02965,,EGLN2,COMMD3-BMI1,MAP2K4P1,,ATP6V0D1-DT,,MIR222HG,ENSG00000270174,GOLGA4-AS1,,CAHM,,,CYP2C61P,,RPAP2P1,HMGB1P50,,ATP5MGP8,,,ENSG00000272008,AFF4-DT,CASC15,VPS11-DT,,RNU6-92P,HNRNPD-DT,,,,,,,,,,NAMPT-AS1,,,,OR5B15P,,APP-DT,,,GTF2A1-AS1,,,,,,,,SYNRG,LINC01730,SEPTIN7P12,,ARHGAP23,PICSAR,LOC101929494,,TRBV13,,MIR6821,,SNORD49B,PIGW,PCGF2,,,,,TRAC,,,,,,MYO19,,MIR7849,,,,,,,,,,,,,,,ELDR,,ENSG00000282849,,,,FAM169BP,
FOUNDER_NAMES	
